api_id,api_name,domain,bounded_context,bounded_context_name,method,path,operation_id,success_status,permission,idempotency,request_schema,response_schema,resource_schema,contract_status,contract_file,bounded_context,bounded_context_name
API-001,Identidade e sessões,PLT,BC-002,Identidade e Controle de Acesso,POST,/auth/bootstrap,post_auth_bootstrap,202,instance:bootstrap,Obrigatória,PostAuthBootstrapRequest,PostAuthBootstrapResponse,BootstrapStatus,FROZEN,contracts/http/operations/post_auth_bootstrap.md,BC-002,Identidade e Controle de Acesso
API-001,Identidade e sessões,PLT,BC-002,Identidade e Controle de Acesso,POST,/auth/session,post_auth_session,202,session:create,Obrigatória,PostAuthSessionRequest,PostAuthSessionResponse,Session,FROZEN,contracts/http/operations/post_auth_session.md,BC-002,Identidade e Controle de Acesso
API-001,Identidade e sessões,PLT,BC-002,Identidade e Controle de Acesso,DELETE,/auth/session,delete_auth_session,204,session:revoke,Obrigatória,,,Session,FROZEN,contracts/http/operations/delete_auth_session.md,BC-002,Identidade e Controle de Acesso
API-001,Identidade e sessões,PLT,BC-002,Identidade e Controle de Acesso,POST,/auth/tokens,post_auth_tokens,201,token:create,Obrigatória,PostAuthTokensRequest,PostAuthTokensResponse,PersonalAccessToken,FROZEN,contracts/http/operations/post_auth_tokens.md,BC-002,Identidade e Controle de Acesso
API-001,Identidade e sessões,PLT,BC-002,Identidade e Controle de Acesso,GET,/auth/oidc/callback,get_auth_oidc_callback,200,oidc:callback,Não aplicável,,GetAuthOidcCallbackResponse,OidcCallbackResult,FROZEN,contracts/http/operations/get_auth_oidc_callback.md,BC-002,Identidade e Controle de Acesso
API-002,"Projetos, usuários e autorização",PLT,BC-003,"Projetos, Workspace e Assets",GET,/projects,get_projects,200,project:list,Obrigatória,,GetProjectsResponse,Project,FROZEN,contracts/http/operations/get_projects.md,BC-003,"Projetos, Workspace e Assets"
API-002,"Projetos, usuários e autorização",PLT,BC-003,"Projetos, Workspace e Assets",POST,/projects,post_projects,201,project:create,Obrigatória,PostProjectsRequest,PostProjectsResponse,Project,FROZEN,contracts/http/operations/post_projects.md,BC-003,"Projetos, Workspace e Assets"
API-002,"Projetos, usuários e autorização",PLT,BC-003,"Projetos, Workspace e Assets",GET,/projects/{projectId},get_projects_projectid,200,project:read,Obrigatória,,GetProjectsProjectidResponse,Project,FROZEN,contracts/http/operations/get_projects_projectid.md,BC-003,"Projetos, Workspace e Assets"
API-002,"Projetos, usuários e autorização",PLT,BC-003,"Projetos, Workspace e Assets",PATCH,/projects/{projectId},patch_projects_projectid,200,project:update,Obrigatória,PatchProjectsProjectidRequest,PatchProjectsProjectidResponse,Project,FROZEN,contracts/http/operations/patch_projects_projectid.md,BC-003,"Projetos, Workspace e Assets"
API-002,"Projetos, usuários e autorização",PLT,BC-002,Identidade e Controle de Acesso,GET,/projects/{projectId}/members,get_projects_projectid_members,200,project_member:list,Obrigatória,,GetProjectsProjectidMembersResponse,ProjectMember,FROZEN,contracts/http/operations/get_projects_projectid_members.md,BC-002,Identidade e Controle de Acesso
API-002,"Projetos, usuários e autorização",PLT,BC-002,Identidade e Controle de Acesso,POST,/projects/{projectId}/members,post_projects_projectid_members,201,project_member:create,Obrigatória,PostProjectsProjectidMembersRequest,PostProjectsProjectidMembersResponse,ProjectMember,FROZEN,contracts/http/operations/post_projects_projectid_members.md,BC-002,Identidade e Controle de Acesso
API-002,"Projetos, usuários e autorização",PLT,BC-002,Identidade e Controle de Acesso,GET,/authorization/check,get_authorization_check,200,authorization:check,Não aplicável,,GetAuthorizationCheckResponse,AuthorizationDecision,FROZEN,contracts/http/operations/get_authorization_check.md,BC-002,Identidade e Controle de Acesso
API-003,"Workspace, roots e assets",DAT,BC-003,"Projetos, Workspace e Assets",GET,/workspace/roots,get_workspace_roots,200,workspace_root:list,Não aplicável,,GetWorkspaceRootsResponse,WorkspaceRoot,FROZEN,contracts/http/operations/get_workspace_roots.md,BC-003,"Projetos, Workspace e Assets"
API-003,"Workspace, roots e assets",DAT,BC-003,"Projetos, Workspace e Assets",GET,/workspace/entries,get_workspace_entries,200,workspace_entry:list,Não aplicável,,GetWorkspaceEntriesResponse,WorkspaceEntry,FROZEN,contracts/http/operations/get_workspace_entries.md,BC-003,"Projetos, Workspace e Assets"
API-003,"Workspace, roots e assets",DAT,BC-003,"Projetos, Workspace e Assets",POST,/projects/{projectId}/assets,post_projects_projectid_assets,201,asset:create,Obrigatória,PostProjectsProjectidAssetsRequest,PostProjectsProjectidAssetsResponse,Asset,FROZEN,contracts/http/operations/post_projects_projectid_assets.md,BC-003,"Projetos, Workspace e Assets"
API-003,"Workspace, roots e assets",DAT,BC-003,"Projetos, Workspace e Assets",GET,/assets/{assetId},get_assets_assetid,200,asset:read,Não aplicável,,GetAssetsAssetidResponse,Asset,FROZEN,contracts/http/operations/get_assets_assetid.md,BC-003,"Projetos, Workspace e Assets"
API-004,ProcessingPlan e capabilities,GEO,BC-003,"Projetos, Workspace e Assets",POST,/projects/{projectId}/processing-plans,post_projects_projectid_processing_plans,201,processing_plan:create,Obrigatória,PostProjectsProjectidProcessingPlansRequest,PostProjectsProjectidProcessingPlansResponse,ProcessingPlan,FROZEN,contracts/http/operations/post_projects_projectid_processing_plans.md,BC-003,"Projetos, Workspace e Assets"
API-004,ProcessingPlan e capabilities,GEO,BC-004,Plano de Processamento e Workflow,GET,/processing-plans/{planId},get_processing_plans_planid,200,processing_plan:read,Não aplicável,,GetProcessingPlansPlanidResponse,ProcessingPlan,FROZEN,contracts/http/operations/get_processing_plans_planid.md,BC-004,Plano de Processamento e Workflow
API-004,ProcessingPlan e capabilities,GEO,BC-004,Plano de Processamento e Workflow,GET,/capabilities,get_capabilities,200,capability:list,Não aplicável,,GetCapabilitiesResponse,Capability,FROZEN,contracts/http/operations/get_capabilities.md,BC-004,Plano de Processamento e Workflow
API-004,ProcessingPlan e capabilities,GEO,BC-004,Plano de Processamento e Workflow,POST,/processing-plans/{planId}/preview,post_processing_plans_planid_preview,202,processing_plan:preview,Obrigatória,PostProcessingPlansPlanidPreviewRequest,PostProcessingPlansPlanidPreviewResponse,PlanPreview,FROZEN,contracts/http/operations/post_processing_plans_planid_preview.md,BC-004,Plano de Processamento e Workflow
API-005,"Jobs, attempts e progresso",JOB,BC-003,"Projetos, Workspace e Assets",POST,/projects/{projectId}/jobs,post_projects_projectid_jobs,201,job:create,Obrigatória,PostProjectsProjectidJobsRequest,PostProjectsProjectidJobsResponse,Job,FROZEN,contracts/http/operations/post_projects_projectid_jobs.md,BC-003,"Projetos, Workspace e Assets"
API-005,"Jobs, attempts e progresso",JOB,BC-010,Orquestração de Jobs e Recursos,GET,/jobs/{jobId},get_jobs_jobid,200,job:read,Não aplicável,,GetJobsJobidResponse,Job,FROZEN,contracts/http/operations/get_jobs_jobid.md,BC-010,Orquestração de Jobs e Recursos
API-005,"Jobs, attempts e progresso",JOB,BC-010,Orquestração de Jobs e Recursos,POST,/jobs/{jobId}/cancel,post_jobs_jobid_cancel,202,job:cancel,Obrigatória,PostJobsJobidCancelRequest,PostJobsJobidCancelResponse,AcceptedOperation,FROZEN,contracts/http/operations/post_jobs_jobid_cancel.md,BC-010,Orquestração de Jobs e Recursos
API-005,"Jobs, attempts e progresso",JOB,BC-010,Orquestração de Jobs e Recursos,GET,/jobs/{jobId}/events,get_jobs_jobid_events,200,job_event:list,Não aplicável,,GetJobsJobidEventsResponse,JobEvent,FROZEN,contracts/http/operations/get_jobs_jobid_events.md,BC-010,Orquestração de Jobs e Recursos
API-005,"Jobs, attempts e progresso",JOB,BC-012,"Resultados, Diagnósticos e Exportação",GET,/jobs/{jobId}/results,get_jobs_jobid_results,200,result:list,Não aplicável,,GetJobsJobidResultsResponse,ResultSummary,FROZEN,contracts/http/operations/get_jobs_jobid_results.md,BC-012,"Resultados, Diagnósticos e Exportação"
API-006,"Qualidade, SGV e diagnósticos",GEO,BC-007,Verificação Geométrica e Qualidade,GET,/attempts/{attemptId}/quality,get_attempts_attemptid_quality,200,quality:read,Não aplicável,,GetAttemptsAttemptidQualityResponse,QualityReport,FROZEN,contracts/http/operations/get_attempts_attemptid_quality.md,BC-007,Verificação Geométrica e Qualidade
API-006,"Qualidade, SGV e diagnósticos",GEO,BC-007,Verificação Geométrica e Qualidade,GET,/attempts/{attemptId}/sgv,get_attempts_attemptid_sgv,200,sgv:read,Não aplicável,,GetAttemptsAttemptidSgvResponse,SgvVerdict,FROZEN,contracts/http/operations/get_attempts_attemptid_sgv.md,BC-007,Verificação Geométrica e Qualidade
API-006,"Qualidade, SGV e diagnósticos",GEO,BC-007,Verificação Geométrica e Qualidade,GET,/attempts/{attemptId}/deformation,get_attempts_attemptid_deformation,200,deformation:read,Não aplicável,,GetAttemptsAttemptidDeformationResponse,DeformationReport,FROZEN,contracts/http/operations/get_attempts_attemptid_deformation.md,BC-007,Verificação Geométrica e Qualidade
API-006,"Qualidade, SGV e diagnósticos",GEO,BC-012,"Resultados, Diagnósticos e Exportação",GET,/attempts/{attemptId}/diagnostics,get_attempts_attemptid_diagnostics,200,diagnostic:read,Não aplicável,,GetAttemptsAttemptidDiagnosticsResponse,FailureDiagnostic,FROZEN,contracts/http/operations/get_attempts_attemptid_diagnostics.md,BC-012,"Resultados, Diagnósticos e Exportação"
API-007,"Resultados, artifacts e exports",REP,BC-012,"Resultados, Diagnósticos e Exportação",GET,/results/{resultId},get_results_resultid,200,result:read,Não aplicável,,GetResultsResultidResponse,ResultSnapshot,FROZEN,contracts/http/operations/get_results_resultid.md,BC-012,"Resultados, Diagnósticos e Exportação"
API-007,"Resultados, artifacts e exports",REP,BC-013,"Artifacts, Proveniência e Lifecycle",GET,/artifact-sets/{artifactSetId}/manifest,get_artifact_sets_artifactsetid_manifest,200,artifact_manifest:read,Não aplicável,,GetArtifactSetsArtifactsetidManifestResponse,ArtifactSetManifest,FROZEN,contracts/http/operations/get_artifact_sets_artifactsetid_manifest.md,BC-013,"Artifacts, Proveniência e Lifecycle"
API-007,"Resultados, artifacts e exports",REP,BC-012,"Resultados, Diagnósticos e Exportação",POST,/results/{resultId}/exports,post_results_resultid_exports,202,export:create,Obrigatória,PostResultsResultidExportsRequest,PostResultsResultidExportsResponse,ExportJob,FROZEN,contracts/http/operations/post_results_resultid_exports.md,BC-012,"Resultados, Diagnósticos e Exportação"
API-007,"Resultados, artifacts e exports",REP,BC-012,"Resultados, Diagnósticos e Exportação",GET,/exports/{exportId},get_exports_exportid,200,export:read,Não aplicável,,GetExportsExportidResponse,ExportJob,FROZEN,contracts/http/operations/get_exports_exportid.md,BC-012,"Resultados, Diagnósticos e Exportação"
API-008,Revisão e correções,REV,BC-011,Revisão e Correção,GET,/review-queue,get_review_queue,200,review_queue:list,Não aplicável,,GetReviewQueueResponse,ReviewQueueItem,FROZEN,contracts/http/operations/get_review_queue.md,BC-011,Revisão e Correção
API-008,Revisão e correções,REV,BC-011,Revisão e Correção,POST,/attempts/{attemptId}/correction-sets,post_attempts_attemptid_correction_sets,201,correction_set:create,Obrigatória,PostAttemptsAttemptidCorrectionSetsRequest,PostAttemptsAttemptidCorrectionSetsResponse,CorrectionSet,FROZEN,contracts/http/operations/post_attempts_attemptid_correction_sets.md,BC-011,Revisão e Correção
API-008,Revisão e correções,REV,BC-011,Revisão e Correção,POST,/correction-sets/{id}/attempts,post_correction_sets_id_attempts,201,attempt:create,Obrigatória,PostCorrectionSetsIdAttemptsRequest,PostCorrectionSetsIdAttemptsResponse,Attempt,FROZEN,contracts/http/operations/post_correction_sets_id_attempts.md,BC-011,Revisão e Correção
API-008,Revisão e correções,REV,BC-012,"Resultados, Diagnósticos e Exportação",GET,/results/{id}/comparisons,get_results_id_comparisons,200,result_comparison:read,Não aplicável,,GetResultsIdComparisonsResponse,ResultComparison,FROZEN,contracts/http/operations/get_results_id_comparisons.md,BC-012,"Resultados, Diagnósticos e Exportação"
API-009,Providers e aquisição,GEO,BC-005,Descoberta e Aquisição de Referências,GET,/providers,get_providers,200,provider:list,Não aplicável,,GetProvidersResponse,ProviderCapability,FROZEN,contracts/http/operations/get_providers.md,BC-005,Descoberta e Aquisição de Referências
API-009,Providers e aquisição,GEO,BC-005,Descoberta e Aquisição de Referências,POST,/provider-searches,post_provider_searches,202,provider_search:create,Obrigatória,PostProviderSearchesRequest,PostProviderSearchesResponse,ProviderSearch,FROZEN,contracts/http/operations/post_provider_searches.md,BC-005,Descoberta e Aquisição de Referências
API-009,Providers e aquisição,GEO,BC-005,Descoberta e Aquisição de Referências,GET,/provider-searches/{id},get_provider_searches_id,200,provider_search:read,Não aplicável,,GetProviderSearchesIdResponse,ProviderSearch,FROZEN,contracts/http/operations/get_provider_searches_id.md,BC-005,Descoberta e Aquisição de Referências
API-009,Providers e aquisição,GEO,BC-005,Descoberta e Aquisição de Referências,POST,/acquisitions,post_acquisitions,202,acquisition:create,Obrigatória,PostAcquisitionsRequest,PostAcquisitionsResponse,Acquisition,FROZEN,contracts/http/operations/post_acquisitions.md,BC-005,Descoberta e Aquisição de Referências
API-009,Providers e aquisição,GEO,BC-005,Descoberta e Aquisição de Referências,GET,/acquisitions/{id},get_acquisitions_id,200,acquisition:read,Não aplicável,,GetAcquisitionsIdResponse,Acquisition,FROZEN,contracts/http/operations/get_acquisitions_id.md,BC-005,Descoberta e Aquisição de Referências
API-010,Administração e operação,OPS,BC-014,"Operações, Auditoria e Suporte",GET,/admin/health,get_admin_health,200,admin_health:read,Não aplicável,,GetAdminHealthResponse,HealthStatus,FROZEN,contracts/http/operations/get_admin_health.md,BC-014,"Operações, Auditoria e Suporte"
API-010,Administração e operação,OPS,BC-014,"Operações, Auditoria e Suporte",GET,/admin/readiness,get_admin_readiness,200,admin_readiness:read,Não aplicável,,GetAdminReadinessResponse,ReadinessStatus,FROZEN,contracts/http/operations/get_admin_readiness.md,BC-014,"Operações, Auditoria e Suporte"
API-010,Administração e operação,OPS,BC-014,"Operações, Auditoria e Suporte",GET,/admin/resources,get_admin_resources,200,admin_resource:read,Não aplicável,,GetAdminResourcesResponse,ResourceSnapshot,FROZEN,contracts/http/operations/get_admin_resources.md,BC-014,"Operações, Auditoria e Suporte"
API-010,Administração e operação,OPS,BC-014,"Operações, Auditoria e Suporte",POST,/admin/drain,post_admin_drain,202,admin_drain:create,Obrigatória,PostAdminDrainRequest,PostAdminDrainResponse,DrainOperation,FROZEN,contracts/http/operations/post_admin_drain.md,BC-014,"Operações, Auditoria e Suporte"
API-010,Administração e operação,OPS,BC-014,"Operações, Auditoria e Suporte",GET,/admin/audit,get_admin_audit,200,audit:list,Não aplicável,,GetAdminAuditResponse,AuditEvent,FROZEN,contracts/http/operations/get_admin_audit.md,BC-014,"Operações, Auditoria e Suporte"
API-011,"Backup, retenção e lifecycle",DAT,BC-013,"Artifacts, Proveniência e Lifecycle",POST,/admin/backups,post_admin_backups,202,backup:create,Obrigatória,PostAdminBackupsRequest,PostAdminBackupsResponse,BackupSet,FROZEN,contracts/http/operations/post_admin_backups.md,BC-013,"Artifacts, Proveniência e Lifecycle"
API-011,"Backup, retenção e lifecycle",DAT,BC-013,"Artifacts, Proveniência e Lifecycle",POST,/admin/restores/validate,post_admin_restores_validate,202,restore:validate,Obrigatória,PostAdminRestoresValidateRequest,PostAdminRestoresValidateResponse,RestoreValidation,FROZEN,contracts/http/operations/post_admin_restores_validate.md,BC-013,"Artifacts, Proveniência e Lifecycle"
API-011,"Backup, retenção e lifecycle",DAT,BC-013,"Artifacts, Proveniência e Lifecycle",GET,/admin/retention-policies,get_admin_retention_policies,200,retention_policy:read,Obrigatória,,GetAdminRetentionPoliciesResponse,RetentionPolicy,FROZEN,contracts/http/operations/get_admin_retention_policies.md,BC-013,"Artifacts, Proveniência e Lifecycle"
API-011,"Backup, retenção e lifecycle",DAT,BC-013,"Artifacts, Proveniência e Lifecycle",PATCH,/admin/retention-policies,patch_admin_retention_policies,200,retention_policy:update,Obrigatória,PatchAdminRetentionPoliciesRequest,PatchAdminRetentionPoliciesResponse,RetentionPolicy,FROZEN,contracts/http/operations/patch_admin_retention_policies.md,BC-013,"Artifacts, Proveniência e Lifecycle"
API-011,"Backup, retenção e lifecycle",DAT,BC-011,Revisão e Correção,POST,/admin/gc/previews,post_admin_gc_previews,202,gc:preview,Obrigatória,PostAdminGcPreviewsRequest,PostAdminGcPreviewsResponse,GcPreview,FROZEN,contracts/http/operations/post_admin_gc_previews.md,BC-011,Revisão e Correção
API-012,"Release, upgrade e suporte",REL,BC-015,"Release, Instalação e Supply Chain",GET,/admin/version,get_admin_version,200,version:read,Não aplicável,,GetAdminVersionResponse,VersionInfo,FROZEN,contracts/http/operations/get_admin_version.md,BC-015,"Release, Instalação e Supply Chain"
API-012,"Release, upgrade e suporte",REL,BC-015,"Release, Instalação e Supply Chain",POST,/admin/upgrades/preflight,post_admin_upgrades_preflight,202,upgrade:preflight,Obrigatória,PostAdminUpgradesPreflightRequest,PostAdminUpgradesPreflightResponse,UpgradePreflight,FROZEN,contracts/http/operations/post_admin_upgrades_preflight.md,BC-015,"Release, Instalação e Supply Chain"
API-012,"Release, upgrade e suporte",REL,BC-015,"Release, Instalação e Supply Chain",POST,/admin/upgrades,post_admin_upgrades,202,upgrade:execute,Obrigatória,PostAdminUpgradesRequest,PostAdminUpgradesResponse,UpgradeOperation,FROZEN,contracts/http/operations/post_admin_upgrades.md,BC-015,"Release, Instalação e Supply Chain"
API-012,"Release, upgrade e suporte",REL,BC-014,"Operações, Auditoria e Suporte",POST,/admin/support-bundles,post_admin_support_bundles,202,support_bundle:create,Obrigatória,PostAdminSupportBundlesRequest,PostAdminSupportBundlesResponse,SupportBundle,FROZEN,contracts/http/operations/post_admin_support_bundles.md,BC-014,"Operações, Auditoria e Suporte"
