requirement_id,adr_id,bounded_context,category,priority,status,rationale
REQ-ACC-001,ADR-043,BC-002,ACC,P0,PASS,Owner normativo atômico selecionado pela Fase D.
REQ-AI-001,ADR-017,BC-009,AI,P1,PASS,Owner normativo atômico selecionado pela Fase D.
REQ-AI-005,ADR-052,BC-013,AI,P0,PASS,Owner normativo atômico selecionado pela Fase D.
REQ-AI-006,ADR-052,BC-015,AI,P0,PASS,Owner normativo atômico selecionado pela Fase D.
REQ-AI-007,ADR-051,BC-001,AI,P1,PASS,Owner normativo atômico selecionado pela Fase D.
REQ-AI-008,ADR-009,BC-004,AI,P1,PASS,Owner normativo atômico selecionado pela Fase D.
REQ-AI-009,ADR-052,BC-013,AI,P1,PASS,Owner normativo atômico selecionado pela Fase D.
REQ-AI-010,ADR-009,BC-005,AI,P1,PASS,Owner normativo atômico selecionado pela Fase D.
REQ-AI-011,ADR-051,BC-004,AI,P1,PASS,Owner normativo atômico selecionado pela Fase D.
REQ-AI-012,ADR-052,BC-007,AI,P1,PASS,Owner normativo atômico selecionado pela Fase D.
REQ-AI-013,ADR-009,BC-009,AI,P1,PASS,Owner normativo atômico selecionado pela Fase D.
REQ-AI-014,ADR-009,BC-004,AI,P1,PASS,Owner normativo atômico selecionado pela Fase D.
REQ-AI-015,ADR-033,BC-009,AI,P1,PASS,Owner normativo atômico selecionado pela Fase D.
REQ-AI-016,ADR-009,BC-016,AI,P1,PASS,Owner normativo atômico selecionado pela Fase D.
REQ-AI-017,ADR-009,BC-013,AI,P1,PASS,Owner normativo atômico selecionado pela Fase D.
REQ-AIE-001,ADR-051,BC-001,AIE,P1,PASS,Owner normativo atômico selecionado pela Fase D.
REQ-AIE-002,ADR-038,BC-001,AIE,P1,PASS,Owner normativo atômico selecionado pela Fase D.
REQ-AIE-003,ADR-009,BC-001,AIE,P1,PASS,Owner normativo atômico selecionado pela Fase D.
REQ-AIE-004,ADR-051,BC-001,AIE,P1,PASS,Owner normativo atômico selecionado pela Fase D.
REQ-AIE-005,ADR-038,BC-001,AIE,P1,PASS,Owner normativo atômico selecionado pela Fase D.
REQ-AIE-006,ADR-051,BC-001,AIE,P1,PASS,Owner normativo atômico selecionado pela Fase D.
REQ-AIE-007,ADR-046,BC-001,AIE,P1,PASS,Owner normativo atômico selecionado pela Fase D.
REQ-AIE-008,ADR-052,BC-001,AIE,P1,PASS,Owner normativo atômico selecionado pela Fase D.
REQ-AIE-009,ADR-030,BC-001,AIE,P1,PASS,Owner normativo atômico selecionado pela Fase D.
REQ-AIE-010,ADR-053,BC-001,AIE,P1,PASS,Owner normativo atômico selecionado pela Fase D.
REQ-ANC-001,ADR-049,BC-005,ANC,P0,PASS,Owner normativo atômico selecionado pela Fase D.
REQ-ANC-002,ADR-045,BC-007,ANC,P0,PASS,Owner normativo atômico selecionado pela Fase D.
REQ-ANC-003,ADR-049,BC-007,ANC,P0,PASS,Owner normativo atômico selecionado pela Fase D.
REQ-ANC-004,ADR-049,BC-013,ANC,P1,PASS,Owner normativo atômico selecionado pela Fase D.
REQ-ANC-005,ADR-049,BC-016,ANC,P1,PASS,Owner normativo atômico selecionado pela Fase D.
REQ-ANC-006,ADR-049,BC-007,ANC,P0,PASS,Owner normativo atômico selecionado pela Fase D.
REQ-ANC-007,ADR-055,BC-007,ANC,P0,PASS,Owner normativo atômico selecionado pela Fase D.
REQ-ANC-008,ADR-048,BC-010,ANC,P1,PASS,Owner normativo atômico selecionado pela Fase D.
REQ-ART-001,ADR-025,BC-003,ART,P0,PASS,Owner normativo atômico selecionado pela Fase D.
REQ-ART-002,ADR-042,BC-006,ART,P0,PASS,Owner normativo atômico selecionado pela Fase D.
REQ-ART-003,ADR-023,BC-003,ART,P0,PASS,Owner normativo atômico selecionado pela Fase D.
REQ-ARTLAYOUT-001,ADR-009,BC-013,ARTLAYOUT,P1,PASS,Owner normativo atômico selecionado pela Fase D.
REQ-ARTLAYOUT-002,ADR-012,BC-003,ARTLAYOUT,P1,PASS,Owner normativo atômico selecionado pela Fase D.
REQ-ARTLAYOUT-003,ADR-023,BC-013,ARTLAYOUT,P0,PASS,Owner normativo atômico selecionado pela Fase D.
REQ-ARTLAYOUT-004,ADR-024,BC-013,ARTLAYOUT,P1,PASS,Owner normativo atômico selecionado pela Fase D.
REQ-ARTLAYOUT-005,ADR-024,BC-013,ARTLAYOUT,P1,PASS,Owner normativo atômico selecionado pela Fase D.
REQ-ARTLAYOUT-006,ADR-040,BC-013,ARTLAYOUT,P1,PASS,Owner normativo atômico selecionado pela Fase D.
REQ-ARTLAYOUT-007,ADR-023,BC-013,ARTLAYOUT,P1,PASS,Owner normativo atômico selecionado pela Fase D.
REQ-ARTLAYOUT-008,ADR-009,BC-013,ARTLAYOUT,P1,PASS,Owner normativo atômico selecionado pela Fase D.
REQ-ARTLAYOUT-009,ADR-023,BC-013,ARTLAYOUT,P1,PASS,Owner normativo atômico selecionado pela Fase D.
REQ-ARTLAYOUT-010,ADR-023,BC-001,ARTLAYOUT,P0,PASS,Owner normativo atômico selecionado pela Fase D.
REQ-AUD-001,ADR-055,BC-002,AUD,P0,PASS,Owner normativo atômico selecionado pela Fase D.
REQ-AUTH-IMPL-001,ADR-055,BC-002,AUTH,P1,PASS,Owner normativo atômico selecionado pela Fase D.
REQ-AUTH-IMPL-002,ADR-028,BC-002,AUTH,P1,PASS,Owner normativo atômico selecionado pela Fase D.
REQ-AUTH-IMPL-003,ADR-031,BC-002,AUTH,P0,PASS,Owner normativo atômico selecionado pela Fase D.
REQ-AUTH-IMPL-004,ADR-028,BC-002,AUTH,P1,PASS,Owner normativo atômico selecionado pela Fase D.
REQ-AUTH-IMPL-005,ADR-029,BC-002,AUTH,P1,PASS,Owner normativo atômico selecionado pela Fase D.
REQ-AUTH-IMPL-006,ADR-028,BC-002,AUTH,P0,PASS,Owner normativo atômico selecionado pela Fase D.
REQ-AUTH-IMPL-007,ADR-031,BC-002,AUTH,P1,PASS,Owner normativo atômico selecionado pela Fase D.
REQ-AUTH-IMPL-008,ADR-028,BC-002,AUTH,P1,PASS,Owner normativo atômico selecionado pela Fase D.
REQ-AUTH-IMPL-009,ADR-055,BC-002,AUTH,P1,PASS,Owner normativo atômico selecionado pela Fase D.
REQ-AUTH-IMPL-010,ADR-031,BC-002,AUTH,P1,PASS,Owner normativo atômico selecionado pela Fase D.
REQ-BAT-001,ADR-039,BC-016,BAT,P0,PASS,Owner normativo atômico selecionado pela Fase D.
REQ-BEX-001,ADR-039,BC-001,BEX,P1,PASS,Owner normativo atômico selecionado pela Fase D.
REQ-BEX-002,ADR-039,BC-001,BEX,P1,PASS,Owner normativo atômico selecionado pela Fase D.
REQ-BEX-003,ADR-046,BC-001,BEX,P1,PASS,Owner normativo atômico selecionado pela Fase D.
REQ-BEX-004,ADR-012,BC-001,BEX,P1,PASS,Owner normativo atômico selecionado pela Fase D.
REQ-BEX-005,ADR-038,BC-001,BEX,P1,PASS,Owner normativo atômico selecionado pela Fase D.
REQ-BEX-006,ADR-038,BC-001,BEX,P1,PASS,Owner normativo atômico selecionado pela Fase D.
REQ-BEX-007,ADR-038,BC-001,BEX,P1,PASS,Owner normativo atômico selecionado pela Fase D.
REQ-BEX-008,ADR-037,BC-001,BEX,P1,PASS,Owner normativo atômico selecionado pela Fase D.
REQ-BEX-009,ADR-040,BC-001,BEX,P1,PASS,Owner normativo atômico selecionado pela Fase D.
REQ-BEX-010,ADR-039,BC-001,BEX,P1,PASS,Owner normativo atômico selecionado pela Fase D.
REQ-BKP-001,ADR-018,BC-013,BKP,P0,PASS,Owner normativo atômico selecionado pela Fase D.
REQ-BKP-002,ADR-025,BC-013,BKP,P0,PASS,Owner normativo atômico selecionado pela Fase D.
REQ-CAC-001,ADR-047,BC-013,CAC,P1,PASS,Owner normativo atômico selecionado pela Fase D.
REQ-CAT-001,ADR-025,BC-003,CAT,P1,PASS,Owner normativo atômico selecionado pela Fase D.
REQ-CIT-001,ADR-037,BC-001,CIT,P1,PASS,Owner normativo atômico selecionado pela Fase D.
REQ-CLASSICPROFILE-001,ADR-044,BC-001,CLASSICPROFILE,P1,PASS,Owner normativo atômico selecionado pela Fase D.
REQ-CLASSICPROFILE-002,ADR-025,BC-001,CLASSICPROFILE,P1,PASS,Owner normativo atômico selecionado pela Fase D.
REQ-CLASSICPROFILE-003,ADR-039,BC-001,CLASSICPROFILE,P1,PASS,Owner normativo atômico selecionado pela Fase D.
REQ-CLASSICPROFILE-004,ADR-044,BC-001,CLASSICPROFILE,P1,PASS,Owner normativo atômico selecionado pela Fase D.
REQ-CLASSICPROFILE-005,ADR-044,BC-001,CLASSICPROFILE,P1,PASS,Owner normativo atômico selecionado pela Fase D.
REQ-CLASSICPROFILE-006,ADR-044,BC-001,CLASSICPROFILE,P1,PASS,Owner normativo atômico selecionado pela Fase D.
REQ-CLASSICPROFILE-007,ADR-044,BC-001,CLASSICPROFILE,P1,PASS,Owner normativo atômico selecionado pela Fase D.
REQ-CLASSICPROFILE-008,ADR-045,BC-001,CLASSICPROFILE,P1,PASS,Owner normativo atômico selecionado pela Fase D.
REQ-CLASSICPROFILE-009,ADR-044,BC-001,CLASSICPROFILE,P1,PASS,Owner normativo atômico selecionado pela Fase D.
REQ-CLASSICPROFILE-010,ADR-044,BC-001,CLASSICPROFILE,P0,PASS,Owner normativo atômico selecionado pela Fase D.
REQ-CRS-001,ADR-041,BC-011,CRS,P0,PASS,Owner normativo atômico selecionado pela Fase D.
REQ-CRS-002,ADR-041,BC-001,CRS,P0,PASS,Owner normativo atômico selecionado pela Fase D.
REQ-CRS-003,ADR-041,BC-007,CRS,P0,PASS,Owner normativo atômico selecionado pela Fase D.
REQ-CRS-004,ADR-041,BC-006,CRS,P0,PASS,Owner normativo atômico selecionado pela Fase D.
REQ-CRS-005,ADR-041,BC-005,CRS,P0,PASS,Owner normativo atômico selecionado pela Fase D.
REQ-CRS-006,ADR-025,BC-006,CRS,P1,PASS,Owner normativo atômico selecionado pela Fase D.
REQ-CRS-007,ADR-034,BC-005,CRS,P1,PASS,Owner normativo atômico selecionado pela Fase D.
REQ-DBSCHEMA-001,ADR-019,BC-003,DBSCHEMA,P1,PASS,Owner normativo atômico selecionado pela Fase D.
REQ-DBSCHEMA-002,ADR-019,BC-001,DBSCHEMA,P1,PASS,Owner normativo atômico selecionado pela Fase D.
REQ-DBSCHEMA-003,ADR-043,BC-002,DBSCHEMA,P0,PASS,Owner normativo atômico selecionado pela Fase D.
REQ-DBSCHEMA-004,ADR-019,BC-001,DBSCHEMA,P1,PASS,Owner normativo atômico selecionado pela Fase D.
REQ-DBSCHEMA-005,ADR-041,BC-003,DBSCHEMA,P1,PASS,Owner normativo atômico selecionado pela Fase D.
REQ-DBSCHEMA-006,ADR-019,BC-003,DBSCHEMA,P1,PASS,Owner normativo atômico selecionado pela Fase D.
REQ-DBSCHEMA-007,ADR-019,BC-001,DBSCHEMA,P1,PASS,Owner normativo atômico selecionado pela Fase D.
REQ-DBSCHEMA-008,ADR-019,BC-001,DBSCHEMA,P1,PASS,Owner normativo atômico selecionado pela Fase D.
REQ-DBSCHEMA-009,ADR-020,BC-003,DBSCHEMA,P1,PASS,Owner normativo atômico selecionado pela Fase D.
REQ-DBSCHEMA-010,ADR-026,BC-013,DBSCHEMA,P1,PASS,Owner normativo atômico selecionado pela Fase D.
REQ-DEL-001,ADR-014,BC-001,DEL,P1,PASS,Owner normativo atômico selecionado pela Fase D.
REQ-DEL-002,ADR-057,BC-001,DEL,P1,PASS,Owner normativo atômico selecionado pela Fase D.
REQ-DEV-001,ADR-001,BC-001,DEV,P0,PASS,Owner normativo atômico selecionado pela Fase D.
REQ-DIS-001,ADR-047,BC-005,DIS,P0,PASS,Owner normativo atômico selecionado pela Fase D.
REQ-DIS-002,ADR-047,BC-010,DIS,P0,PASS,Owner normativo atômico selecionado pela Fase D.
REQ-EPIC-001,ADR-002,BC-001,EPIC,P0,PASS,Owner normativo atômico selecionado pela Fase D.
REQ-EPIC-012,ADR-026,BC-001,EPIC,P0,PASS,Owner normativo atômico selecionado pela Fase D.
REQ-EPIC-014,ADR-016,BC-010,EPIC,P0,PASS,Owner normativo atômico selecionado pela Fase D.
REQ-EPIC-015,ADR-018,BC-010,EPIC,P0,PASS,Owner normativo atômico selecionado pela Fase D.
REQ-EPIC-016,ADR-038,BC-010,EPIC,P0,PASS,Owner normativo atômico selecionado pela Fase D.
REQ-EPIC-017,ADR-038,BC-010,EPIC,P0,PASS,Owner normativo atômico selecionado pela Fase D.
REQ-EPIC-018,ADR-038,BC-010,EPIC,P0,PASS,Owner normativo atômico selecionado pela Fase D.
REQ-EPIC-021,ADR-055,BC-007,EPIC,P0,PASS,Owner normativo atômico selecionado pela Fase D.
REQ-EPIC-031,ADR-013,BC-001,EPIC,P0,PASS,Owner normativo atômico selecionado pela Fase D.
REQ-EPIC-035,ADR-046,BC-016,EPIC,P0,PASS,Owner normativo atômico selecionado pela Fase D.
REQ-EPIC-037,ADR-002,BC-012,EPIC,P0,PASS,Owner normativo atômico selecionado pela Fase D.
REQ-EPIC-038,ADR-002,BC-012,EPIC,P0,PASS,Owner normativo atômico selecionado pela Fase D.
REQ-EPIC-039,ADR-027,BC-013,EPIC,P0,PASS,Owner normativo atômico selecionado pela Fase D.
REQ-EPIC-041,ADR-002,BC-001,EPIC,P0,PASS,Owner normativo atômico selecionado pela Fase D.
REQ-EPIC-042,ADR-002,BC-001,EPIC,P0,PASS,Owner normativo atômico selecionado pela Fase D.
REQ-EPIC-043,ADR-037,BC-015,EPIC,P1,PASS,Owner normativo atômico selecionado pela Fase D.
REQ-EPIC-062,ADR-002,BC-010,EPIC,P0,PASS,Owner normativo atômico selecionado pela Fase D.
REQ-EPIC-070,ADR-002,BC-016,EPIC,P0,PASS,Owner normativo atômico selecionado pela Fase D.
REQ-EPIC-076,ADR-032,BC-002,EPIC,P0,PASS,Owner normativo atômico selecionado pela Fase D.
REQ-EPIC-088,ADR-009,BC-009,EPIC,P1,PASS,Owner normativo atômico selecionado pela Fase D.
REQ-EST-001,ADR-045,BC-007,EST,P0,PASS,Owner normativo atômico selecionado pela Fase D.
REQ-FRZ-001,ADR-057,BC-001,FRZ,P0,PASS,Owner normativo atômico selecionado pela Fase D.
REQ-FRZ-002,ADR-057,BC-001,FRZ,P0,PASS,Owner normativo atômico selecionado pela Fase D.
REQ-FRZ-003,ADR-057,BC-001,FRZ,P0,PASS,Owner normativo atômico selecionado pela Fase D.
REQ-FRZ-004,ADR-057,BC-001,FRZ,P0,PASS,Owner normativo atômico selecionado pela Fase D.
REQ-FS-001,ADR-014,BC-003,FS,P0,PASS,Owner normativo atômico selecionado pela Fase D.
REQ-FS1-001,ADR-044,BC-001,FS1,P1,PASS,Owner normativo atômico selecionado pela Fase D.
REQ-FS1-002,ADR-044,BC-001,FS1,P1,PASS,Owner normativo atômico selecionado pela Fase D.
REQ-FS1-003,ADR-040,BC-001,FS1,P0,PASS,Owner normativo atômico selecionado pela Fase D.
REQ-FS1-004,ADR-044,BC-001,FS1,P1,PASS,Owner normativo atômico selecionado pela Fase D.
REQ-FS1-005,ADR-055,BC-001,FS1,P1,PASS,Owner normativo atômico selecionado pela Fase D.
REQ-FS1-006,ADR-045,BC-001,FS1,P1,PASS,Owner normativo atômico selecionado pela Fase D.
REQ-FS1-007,ADR-046,BC-001,FS1,P0,PASS,Owner normativo atômico selecionado pela Fase D.
REQ-FS1-008,ADR-023,BC-001,FS1,P0,PASS,Owner normativo atômico selecionado pela Fase D.
REQ-FS1-009,ADR-015,BC-001,FS1,P1,PASS,Owner normativo atômico selecionado pela Fase D.
REQ-FS1-010,ADR-044,BC-001,FS1,P1,PASS,Owner normativo atômico selecionado pela Fase D.
REQ-GC-001,ADR-016,BC-013,GC,P0,PASS,Owner normativo atômico selecionado pela Fase D.
REQ-GCP-001,ADR-048,BC-007,GCP,P0,PASS,Owner normativo atômico selecionado pela Fase D.
REQ-GCP-002,ADR-048,BC-012,GCP,P0,PASS,Owner normativo atômico selecionado pela Fase D.
REQ-GOV-001,ADR-043,BC-001,GOV,P1,PASS,Owner normativo atômico selecionado pela Fase D.
REQ-GOV-002,ADR-006,BC-001,GOV,P0,PASS,Owner normativo atômico selecionado pela Fase D.
REQ-GOV-003,ADR-006,BC-001,GOV,P1,PASS,Owner normativo atômico selecionado pela Fase D.
REQ-GOV-004,ADR-007,BC-001,GOV,P0,PASS,Owner normativo atômico selecionado pela Fase D.
REQ-GOV-005,ADR-006,BC-001,GOV,P0,PASS,Owner normativo atômico selecionado pela Fase D.
REQ-GOV-ADR-002,ADR-006,BC-001,GOV,P0,PASS,Owner normativo atômico selecionado pela Fase D.
REQ-GOV-ADR-003,ADR-040,BC-001,GOV,P0,PASS,Owner normativo atômico selecionado pela Fase D.
REQ-GOV-ADR-018,ADR-006,BC-001,GOV,P1,PASS,Owner normativo atômico selecionado pela Fase D.
REQ-GOV-DEC-001,ADR-006,BC-001,GOV,P1,PASS,Owner normativo atômico selecionado pela Fase D.
REQ-GOV-DEC-002,ADR-006,BC-001,GOV,P1,PASS,Owner normativo atômico selecionado pela Fase D.
REQ-HOM-001,ADR-043,BC-006,HOM,P0,PASS,Owner normativo atômico selecionado pela Fase D.
REQ-HW-001,ADR-037,BC-002,HW,P0,PASS,Owner normativo atômico selecionado pela Fase D.
REQ-ID-001,ADR-029,BC-002,ID,P0,PASS,Owner normativo atômico selecionado pela Fase D.
REQ-ID-002,ADR-029,BC-002,ID,P0,PASS,Owner normativo atômico selecionado pela Fase D.
REQ-INS-001,ADR-016,BC-015,INS,P0,PASS,Owner normativo atômico selecionado pela Fase D.
REQ-INS-002,ADR-034,BC-002,INS,P0,PASS,Owner normativo atômico selecionado pela Fase D.
REQ-INS-003,ADR-034,BC-001,INS,P0,PASS,Owner normativo atômico selecionado pela Fase D.
REQ-INS-004,ADR-034,BC-014,INS,P1,PASS,Owner normativo atômico selecionado pela Fase D.
REQ-ISM-001,ADR-040,BC-001,ISM,P1,PASS,Owner normativo atômico selecionado pela Fase D.
REQ-ISM-002,ADR-006,BC-001,ISM,P1,PASS,Owner normativo atômico selecionado pela Fase D.
REQ-ISM-003,ADR-006,BC-001,ISM,P1,PASS,Owner normativo atômico selecionado pela Fase D.
REQ-ISM-004,ADR-006,BC-001,ISM,P1,PASS,Owner normativo atômico selecionado pela Fase D.
REQ-ISM-005,ADR-006,BC-001,ISM,P1,PASS,Owner normativo atômico selecionado pela Fase D.
REQ-ISM-006,ADR-016,BC-001,ISM,P1,PASS,Owner normativo atômico selecionado pela Fase D.
REQ-ISM-007,ADR-006,BC-001,ISM,P1,PASS,Owner normativo atômico selecionado pela Fase D.
REQ-ISM-008,ADR-006,BC-001,ISM,P1,PASS,Owner normativo atômico selecionado pela Fase D.
REQ-ISM-009,ADR-006,BC-001,ISM,P1,PASS,Owner normativo atômico selecionado pela Fase D.
REQ-ISM-010,ADR-006,BC-001,ISM,P1,PASS,Owner normativo atômico selecionado pela Fase D.
REQ-ISS-001,ADR-008,BC-001,ISS,P0,PASS,Owner normativo atômico selecionado pela Fase D.
REQ-ISS-002,ADR-008,BC-001,ISS,P1,PASS,Owner normativo atômico selecionado pela Fase D.
REQ-ISS-003,ADR-008,BC-001,ISS,P0,PASS,Owner normativo atômico selecionado pela Fase D.
REQ-ISS-004,ADR-040,BC-001,ISS,P1,PASS,Owner normativo atômico selecionado pela Fase D.
REQ-ISS-006,ADR-016,BC-001,ISS,P1,PASS,Owner normativo atômico selecionado pela Fase D.
REQ-ISS-007,ADR-008,BC-001,ISS,P1,PASS,Owner normativo atômico selecionado pela Fase D.
REQ-ISS-009,ADR-008,BC-001,ISS,P1,PASS,Owner normativo atômico selecionado pela Fase D.
REQ-LOG-001,ADR-032,BC-014,LOG,P0,PASS,Owner normativo atômico selecionado pela Fase D.
REQ-MAT-001,ADR-044,BC-010,MAT,P0,PASS,Owner normativo atômico selecionado pela Fase D.
REQ-MCH-001,ADR-055,BC-006,MCH,P0,PASS,Owner normativo atômico selecionado pela Fase D.
REQ-MET-001,ADR-054,BC-014,MET,P1,PASS,Owner normativo atômico selecionado pela Fase D.
REQ-MOS-001,ADR-049,BC-010,MOS,P1,PASS,Owner normativo atômico selecionado pela Fase D.
REQ-MOS-002,ADR-040,BC-005,MOS,P1,PASS,Owner normativo atômico selecionado pela Fase D.
REQ-MOS-003,ADR-049,BC-007,MOS,P0,PASS,Owner normativo atômico selecionado pela Fase D.
REQ-MOS-004,ADR-044,BC-010,MOS,P0,PASS,Owner normativo atômico selecionado pela Fase D.
REQ-MOS-005,ADR-049,BC-007,MOS,P0,PASS,Owner normativo atômico selecionado pela Fase D.
REQ-MOS-006,ADR-049,BC-006,MOS,P0,PASS,Owner normativo atômico selecionado pela Fase D.
REQ-MSK-001,ADR-042,BC-007,MSK,P0,PASS,Owner normativo atômico selecionado pela Fase D.
REQ-MSK-002,ADR-040,BC-012,MSK,P0,PASS,Owner normativo atômico selecionado pela Fase D.
REQ-MSK-003,ADR-055,BC-016,MSK,P0,PASS,Owner normativo atômico selecionado pela Fase D.
REQ-MTD-001,ADR-040,BC-016,MTD,P1,PASS,Owner normativo atômico selecionado pela Fase D.
REQ-NATIVE-001,ADR-042,BC-001,NATIVE,P1,PASS,Owner normativo atômico selecionado pela Fase D.
REQ-NATIVE-002,ADR-041,BC-001,NATIVE,P1,PASS,Owner normativo atômico selecionado pela Fase D.
REQ-NATIVE-003,ADR-043,BC-001,NATIVE,P1,PASS,Owner normativo atômico selecionado pela Fase D.
REQ-NATIVE-004,ADR-042,BC-001,NATIVE,P1,PASS,Owner normativo atômico selecionado pela Fase D.
REQ-NATIVE-005,ADR-044,BC-001,NATIVE,P1,PASS,Owner normativo atômico selecionado pela Fase D.
REQ-NATIVE-006,ADR-004,BC-001,NATIVE,P1,PASS,Owner normativo atômico selecionado pela Fase D.
REQ-NATIVE-007,ADR-043,BC-001,NATIVE,P1,PASS,Owner normativo atômico selecionado pela Fase D.
REQ-NATIVE-008,ADR-042,BC-001,NATIVE,P1,PASS,Owner normativo atômico selecionado pela Fase D.
REQ-NATIVE-009,ADR-009,BC-001,NATIVE,P1,PASS,Owner normativo atômico selecionado pela Fase D.
REQ-NATIVE-010,ADR-043,BC-001,NATIVE,P1,PASS,Owner normativo atômico selecionado pela Fase D.
REQ-NET-001,ADR-032,BC-014,NET,P0,PASS,Owner normativo atômico selecionado pela Fase D.
REQ-NFR-001,ADR-040,BC-014,NFR,P1,PASS,Owner normativo atômico selecionado pela Fase D.
REQ-OBS-001,ADR-054,BC-014,OBS,P1,PASS,Owner normativo atômico selecionado pela Fase D.
REQ-OBS-002,ADR-054,BC-001,OBS,P1,PASS,Owner normativo atômico selecionado pela Fase D.
REQ-OFF-001,ADR-052,BC-005,OFF,P0,PASS,Owner normativo atômico selecionado pela Fase D.
REQ-OSS-001,ADR-056,BC-001,OSS,P0,PASS,Owner normativo atômico selecionado pela Fase D.
REQ-OUT-001,ADR-042,BC-014,OUT,P0,PASS,Owner normativo atômico selecionado pela Fase D.
REQ-PLN-001,ADR-016,BC-001,PLN,P1,PASS,Owner normativo atômico selecionado pela Fase D.
REQ-PLN-002,ADR-037,BC-001,PLN,P1,PASS,Owner normativo atômico selecionado pela Fase D.
REQ-PLN-003,ADR-016,BC-001,PLN,P1,PASS,Owner normativo atômico selecionado pela Fase D.
REQ-PLN-004,ADR-016,BC-001,PLN,P1,PASS,Owner normativo atômico selecionado pela Fase D.
REQ-PLN-005,ADR-012,BC-001,PLN,P0,PASS,Owner normativo atômico selecionado pela Fase D.
REQ-PLN-006,ADR-016,BC-001,PLN,P1,PASS,Owner normativo atômico selecionado pela Fase D.
REQ-PLN-007,ADR-016,BC-001,PLN,P1,PASS,Owner normativo atômico selecionado pela Fase D.
REQ-PLN-008,ADR-016,BC-001,PLN,P1,PASS,Owner normativo atômico selecionado pela Fase D.
REQ-PLN-009,ADR-038,BC-001,PLN,P1,PASS,Owner normativo atômico selecionado pela Fase D.
REQ-PLN-010,ADR-016,BC-001,PLN,P1,PASS,Owner normativo atômico selecionado pela Fase D.
REQ-PRJ-001,ADR-043,BC-001,PRJ,P0,PASS,Owner normativo atômico selecionado pela Fase D.
REQ-PRJ-002,ADR-022,BC-001,PRJ,P0,PASS,Owner normativo atômico selecionado pela Fase D.
REQ-PRJ-003,ADR-022,BC-001,PRJ,P1,PASS,Owner normativo atômico selecionado pela Fase D.
REQ-PRJ-004,ADR-022,BC-001,PRJ,P0,PASS,Owner normativo atômico selecionado pela Fase D.
REQ-PRJ-005,ADR-022,BC-001,PRJ,P0,PASS,Owner normativo atômico selecionado pela Fase D.
REQ-PRJ-006,ADR-022,BC-001,PRJ,P0,PASS,Owner normativo atômico selecionado pela Fase D.
REQ-PRJ-007,ADR-022,BC-001,PRJ,P1,PASS,Owner normativo atômico selecionado pela Fase D.
REQ-PRJ-008,ADR-022,BC-001,PRJ,P1,PASS,Owner normativo atômico selecionado pela Fase D.
REQ-PRJ-009,ADR-022,BC-001,PRJ,P1,PASS,Owner normativo atômico selecionado pela Fase D.
REQ-PRJ-010,ADR-022,BC-001,PRJ,P0,PASS,Owner normativo atômico selecionado pela Fase D.
REQ-PRM-001,ADR-053,BC-001,PRM,P1,PASS,Owner normativo atômico selecionado pela Fase D.
REQ-PRM-002,ADR-053,BC-001,PRM,P1,PASS,Owner normativo atômico selecionado pela Fase D.
REQ-PRM-003,ADR-053,BC-001,PRM,P1,PASS,Owner normativo atômico selecionado pela Fase D.
REQ-PRM-004,ADR-050,BC-001,PRM,P1,PASS,Owner normativo atômico selecionado pela Fase D.
REQ-PRM-005,ADR-053,BC-001,PRM,P1,PASS,Owner normativo atômico selecionado pela Fase D.
REQ-PRM-006,ADR-016,BC-001,PRM,P1,PASS,Owner normativo atômico selecionado pela Fase D.
REQ-PRM-007,ADR-053,BC-001,PRM,P1,PASS,Owner normativo atômico selecionado pela Fase D.
REQ-PRM-008,ADR-053,BC-001,PRM,P0,PASS,Owner normativo atômico selecionado pela Fase D.
REQ-PRM-009,ADR-053,BC-001,PRM,P1,PASS,Owner normativo atômico selecionado pela Fase D.
REQ-PRM-010,ADR-053,BC-001,PRM,P1,PASS,Owner normativo atômico selecionado pela Fase D.
REQ-PROV-001,ADR-025,BC-012,PROV,P0,PASS,Owner normativo atômico selecionado pela Fase D.
REQ-PRV-001,ADR-055,BC-003,PRV,P0,PASS,Owner normativo atômico selecionado pela Fase D.
REQ-PUB-002,ADR-057,BC-001,PUB,P0,PASS,Owner normativo atômico selecionado pela Fase D.
REQ-PUB-003,ADR-012,BC-005,PUB,P0,PASS,Owner normativo atômico selecionado pela Fase D.
REQ-PUB-004,ADR-037,BC-015,PUB,P1,PASS,Owner normativo atômico selecionado pela Fase D.
REQ-QUAL-001,ADR-046,BC-007,QUAL,P0,PASS,Owner normativo atômico selecionado pela Fase D.
REQ-QUAL-002,ADR-046,BC-007,QUAL,P0,PASS,Owner normativo atômico selecionado pela Fase D.
REQ-QUAL-003,ADR-046,BC-007,QUAL,P0,PASS,Owner normativo atômico selecionado pela Fase D.
REQ-QUAL-004,ADR-046,BC-007,QUAL,P0,PASS,Owner normativo atômico selecionado pela Fase D.
REQ-QUAL-005,ADR-046,BC-016,QUAL,P0,PASS,Owner normativo atômico selecionado pela Fase D.
REQ-RAS-001,ADR-042,BC-006,RAS,P0,PASS,Owner normativo atômico selecionado pela Fase D.
REQ-RAS-002,ADR-049,BC-006,RAS,P1,PASS,Owner normativo atômico selecionado pela Fase D.
REQ-RAS-003,ADR-042,BC-007,RAS,P1,PASS,Owner normativo atômico selecionado pela Fase D.
REQ-RAS-004,ADR-042,BC-006,RAS,P1,PASS,Owner normativo atômico selecionado pela Fase D.
REQ-RAS-005,ADR-040,BC-013,RAS,P1,PASS,Owner normativo atômico selecionado pela Fase D.
REQ-REF-001,ADR-040,BC-007,REF,P0,PASS,Owner normativo atômico selecionado pela Fase D.
REQ-REF-002,ADR-040,BC-007,REF,P0,PASS,Owner normativo atômico selecionado pela Fase D.
REQ-RES-001,ADR-039,BC-010,RES,P0,PASS,Owner normativo atômico selecionado pela Fase D.
REQ-RET-001,ADR-012,BC-013,RET,P0,PASS,Owner normativo atômico selecionado pela Fase D.
REQ-REV-003,ADR-048,BC-007,REV,P0,PASS,Owner normativo atômico selecionado pela Fase D.
REQ-REV-004,ADR-048,BC-011,REV,P1,PASS,Owner normativo atômico selecionado pela Fase D.
REQ-RMQ-001,ADR-036,BC-014,RMQ,P0,PASS,Owner normativo atômico selecionado pela Fase D.
REQ-RMQ-002,ADR-009,BC-013,RMQ,P0,PASS,Owner normativo atômico selecionado pela Fase D.
REQ-RMQ-003,ADR-036,BC-008,RMQ,P1,PASS,Owner normativo atômico selecionado pela Fase D.
REQ-RMQ-004,ADR-039,BC-014,RMQ,P0,PASS,Owner normativo atômico selecionado pela Fase D.
REQ-RMR-001,ADR-050,BC-012,RMR,P1,PASS,Owner normativo atômico selecionado pela Fase D.
REQ-RMR-002,ADR-042,BC-016,RMR,P1,PASS,Owner normativo atômico selecionado pela Fase D.
REQ-RMR-003,ADR-050,BC-012,RMR,P1,PASS,Owner normativo atômico selecionado pela Fase D.
REQ-RMR-004,ADR-050,BC-008,RMR,P1,PASS,Owner normativo atômico selecionado pela Fase D.
REQ-RMV-001,ADR-050,BC-007,RMV,P0,PASS,Owner normativo atômico selecionado pela Fase D.
REQ-RMV-002,ADR-050,BC-007,RMV,P0,PASS,Owner normativo atômico selecionado pela Fase D.
REQ-RMV-003,ADR-050,BC-005,RMV,P0,PASS,Owner normativo atômico selecionado pela Fase D.
REQ-RMV-004,ADR-050,BC-008,RMV,P0,PASS,Owner normativo atômico selecionado pela Fase D.
REQ-RUN-001,ADR-015,BC-001,RUN,P1,PASS,Owner normativo atômico selecionado pela Fase D.
REQ-RUN-002,ADR-040,BC-001,RUN,P1,PASS,Owner normativo atômico selecionado pela Fase D.
REQ-RUN-003,ADR-005,BC-001,RUN,P1,PASS,Owner normativo atômico selecionado pela Fase D.
REQ-RUN-004,ADR-040,BC-001,RUN,P0,PASS,Owner normativo atômico selecionado pela Fase D.
REQ-RUN-005,ADR-045,BC-001,RUN,P1,PASS,Owner normativo atômico selecionado pela Fase D.
REQ-RUN-006,ADR-040,BC-001,RUN,P1,PASS,Owner normativo atômico selecionado pela Fase D.
REQ-RUN-007,ADR-040,BC-001,RUN,P1,PASS,Owner normativo atômico selecionado pela Fase D.
REQ-RUN-008,ADR-013,BC-001,RUN,P1,PASS,Owner normativo atômico selecionado pela Fase D.
REQ-RUN-009,ADR-055,BC-001,RUN,P1,PASS,Owner normativo atômico selecionado pela Fase D.
REQ-RUN-010,ADR-017,BC-001,RUN,P0,PASS,Owner normativo atômico selecionado pela Fase D.
REQ-RUNTIME-001,ADR-002,BC-001,RUNTIME,P1,PASS,Owner normativo atômico selecionado pela Fase D.
REQ-RUNTIME-002,ADR-002,BC-001,RUNTIME,P1,PASS,Owner normativo atômico selecionado pela Fase D.
REQ-RUNTIME-003,ADR-005,BC-001,RUNTIME,P0,PASS,Owner normativo atômico selecionado pela Fase D.
REQ-RUNTIME-004,ADR-045,BC-001,RUNTIME,P1,PASS,Owner normativo atômico selecionado pela Fase D.
REQ-RUNTIME-005,ADR-010,BC-003,RUNTIME,P1,PASS,Owner normativo atômico selecionado pela Fase D.
REQ-RUNTIME-006,ADR-021,BC-001,RUNTIME,P1,PASS,Owner normativo atômico selecionado pela Fase D.
REQ-RUNTIME-007,ADR-002,BC-001,RUNTIME,P1,PASS,Owner normativo atômico selecionado pela Fase D.
REQ-RUNTIME-008,ADR-014,BC-001,RUNTIME,P1,PASS,Owner normativo atômico selecionado pela Fase D.
REQ-RUNTIME-009,ADR-055,BC-014,RUNTIME,P1,PASS,Owner normativo atômico selecionado pela Fase D.
REQ-RUNTIME-010,ADR-017,BC-002,RUNTIME,P1,PASS,Owner normativo atômico selecionado pela Fase D.
REQ-SCH-001,ADR-012,BC-010,SCH,P0,PASS,Owner normativo atômico selecionado pela Fase D.
REQ-SCH-002,ADR-039,BC-010,SCH,P0,PASS,Owner normativo atômico selecionado pela Fase D.
REQ-SCH-003,ADR-037,BC-009,SCH,P0,PASS,Owner normativo atômico selecionado pela Fase D.
REQ-SCH-004,ADR-039,BC-014,SCH,P0,PASS,Owner normativo atômico selecionado pela Fase D.
REQ-SCL-001,ADR-053,BC-010,SCL,P0,PASS,Owner normativo atômico selecionado pela Fase D.
REQ-SCL-002,ADR-053,BC-016,SCL,P0,PASS,Owner normativo atômico selecionado pela Fase D.
REQ-SCM-001,ADR-053,BC-001,SCM,P0,PASS,Owner normativo atômico selecionado pela Fase D.
REQ-SCM-002,ADR-026,BC-003,SCM,P0,PASS,Owner normativo atômico selecionado pela Fase D.
REQ-SCM-003,ADR-053,BC-012,SCM,P0,PASS,Owner normativo atômico selecionado pela Fase D.
REQ-SCM-004,ADR-035,BC-013,SCM,P0,PASS,Owner normativo atômico selecionado pela Fase D.
REQ-SCP-001,ADR-053,BC-007,SCP,P0,PASS,Owner normativo atômico selecionado pela Fase D.
REQ-SDR-001,ADR-053,BC-006,SDR,P1,PASS,Owner normativo atômico selecionado pela Fase D.
REQ-SDR-002,ADR-053,BC-007,SDR,P1,PASS,Owner normativo atômico selecionado pela Fase D.
REQ-SDR-003,ADR-053,BC-007,SDR,P1,PASS,Owner normativo atômico selecionado pela Fase D.
REQ-SDR-004,ADR-053,BC-007,SDR,P1,PASS,Owner normativo atômico selecionado pela Fase D.
REQ-SGVCAL-001,ADR-046,BC-001,SGVCAL,P1,PASS,Owner normativo atômico selecionado pela Fase D.
REQ-SGVCAL-002,ADR-046,BC-001,SGVCAL,P1,PASS,Owner normativo atômico selecionado pela Fase D.
REQ-SGVCAL-003,ADR-046,BC-001,SGVCAL,P1,PASS,Owner normativo atômico selecionado pela Fase D.
REQ-SGVCAL-004,ADR-046,BC-001,SGVCAL,P1,PASS,Owner normativo atômico selecionado pela Fase D.
REQ-SGVCAL-005,ADR-009,BC-001,SGVCAL,P0,PASS,Owner normativo atômico selecionado pela Fase D.
REQ-SGVCAL-006,ADR-046,BC-001,SGVCAL,P1,PASS,Owner normativo atômico selecionado pela Fase D.
REQ-SGVCAL-007,ADR-002,BC-001,SGVCAL,P1,PASS,Owner normativo atômico selecionado pela Fase D.
REQ-SGVCAL-008,ADR-046,BC-001,SGVCAL,P1,PASS,Owner normativo atômico selecionado pela Fase D.
REQ-SGVCAL-009,ADR-046,BC-001,SGVCAL,P1,PASS,Owner normativo atômico selecionado pela Fase D.
REQ-SGVCAL-010,ADR-046,BC-001,SGVCAL,P1,PASS,Owner normativo atômico selecionado pela Fase D.
REQ-SMO-001,ADR-039,BC-014,SMO,P0,PASS,Owner normativo atômico selecionado pela Fase D.
REQ-SMO-002,ADR-040,BC-016,SMO,P1,PASS,Owner normativo atômico selecionado pela Fase D.
REQ-SMO-003,ADR-012,BC-014,SMO,P1,PASS,Owner normativo atômico selecionado pela Fase D.
REQ-SMO-004,ADR-030,BC-016,SMO,P1,PASS,Owner normativo atômico selecionado pela Fase D.
REQ-SPRINT-001-001,ADR-008,BC-001,SPRINT,P1,PASS,Owner normativo atômico selecionado pela Fase D.
REQ-SPRINT-001-002,ADR-008,BC-001,SPRINT,P1,PASS,Owner normativo atômico selecionado pela Fase D.
REQ-SPRINT-001-003,ADR-008,BC-001,SPRINT,P1,PASS,Owner normativo atômico selecionado pela Fase D.
REQ-SPRINT-001-004,ADR-008,BC-001,SPRINT,P1,PASS,Owner normativo atômico selecionado pela Fase D.
REQ-SPRINT-001-005,ADR-012,BC-001,SPRINT,P1,PASS,Owner normativo atômico selecionado pela Fase D.
REQ-SPRINT-001-006,ADR-008,BC-001,SPRINT,P1,PASS,Owner normativo atômico selecionado pela Fase D.
REQ-SPRINT-001-007,ADR-008,BC-001,SPRINT,P1,PASS,Owner normativo atômico selecionado pela Fase D.
REQ-SPRINT-001-008,ADR-008,BC-001,SPRINT,P0,PASS,Owner normativo atômico selecionado pela Fase D.
REQ-SPRINT-001-009,ADR-008,BC-001,SPRINT,P1,PASS,Owner normativo atômico selecionado pela Fase D.
REQ-SPRINT-001-010,ADR-035,BC-001,SPRINT,P1,PASS,Owner normativo atômico selecionado pela Fase D.
REQ-SRC-001,ADR-047,BC-005,SRC,P0,PASS,Owner normativo atômico selecionado pela Fase D.
REQ-SRC-002,ADR-047,BC-005,SRC,P0,PASS,Owner normativo atômico selecionado pela Fase D.
REQ-SRC-003,ADR-047,BC-014,SRC,P0,PASS,Owner normativo atômico selecionado pela Fase D.
REQ-SRC-004,ADR-047,BC-016,SRC,P0,PASS,Owner normativo atômico selecionado pela Fase D.
REQ-SRC-005,ADR-047,BC-004,SRC,P0,PASS,Owner normativo atômico selecionado pela Fase D.
REQ-SRG-001,ADR-053,BC-007,SRG,P1,PASS,Owner normativo atômico selecionado pela Fase D.
REQ-SRG-002,ADR-053,BC-001,SRG,P1,PASS,Owner normativo atômico selecionado pela Fase D.
REQ-SRG-003,ADR-053,BC-007,SRG,P0,PASS,Owner normativo atômico selecionado pela Fase D.
REQ-SRG-004,ADR-053,BC-007,SRG,P1,PASS,Owner normativo atômico selecionado pela Fase D.
REQ-SRP-001,ADR-053,BC-014,SRP,P1,PASS,Owner normativo atômico selecionado pela Fase D.
REQ-SRP-002,ADR-037,BC-001,SRP,P1,PASS,Owner normativo atômico selecionado pela Fase D.
REQ-SRP-003,ADR-053,BC-012,SRP,P1,PASS,Owner normativo atômico selecionado pela Fase D.
REQ-SRP-004,ADR-053,BC-013,SRP,P1,PASS,Owner normativo atômico selecionado pela Fase D.
REQ-SUP-001,ADR-024,BC-001,SUP,P0,PASS,Owner normativo atômico selecionado pela Fase D.
REQ-TOOL-001,ADR-035,BC-001,TOOL,P1,PASS,Owner normativo atômico selecionado pela Fase D.
REQ-TOOL-002,ADR-001,BC-001,TOOL,P1,PASS,Owner normativo atômico selecionado pela Fase D.
REQ-TOOL-003,ADR-011,BC-001,TOOL,P1,PASS,Owner normativo atômico selecionado pela Fase D.
REQ-TOOL-004,ADR-018,BC-003,TOOL,P1,PASS,Owner normativo atômico selecionado pela Fase D.
REQ-TOOL-005,ADR-001,BC-001,TOOL,P1,PASS,Owner normativo atômico selecionado pela Fase D.
REQ-TOOL-006,ADR-009,BC-001,TOOL,P1,PASS,Owner normativo atômico selecionado pela Fase D.
REQ-TOOL-007,ADR-018,BC-001,TOOL,P1,PASS,Owner normativo atômico selecionado pela Fase D.
REQ-TOOL-008,ADR-014,BC-016,TOOL,P1,PASS,Owner normativo atômico selecionado pela Fase D.
REQ-TOOL-009,ADR-014,BC-001,TOOL,P1,PASS,Owner normativo atômico selecionado pela Fase D.
REQ-TOOL-010,ADR-001,BC-001,TOOL,P1,PASS,Owner normativo atômico selecionado pela Fase D.
REQ-TOP-001,ADR-014,BC-001,TOP,P0,PASS,Owner normativo atômico selecionado pela Fase D.
REQ-TST-001,ADR-053,BC-001,TST,P0,PASS,Owner normativo atômico selecionado pela Fase D.
REQ-UPG-001,ADR-035,BC-013,UPG,P0,PASS,Owner normativo atômico selecionado pela Fase D.
REQ-UPG-002,ADR-026,BC-003,UPG,P0,PASS,Owner normativo atômico selecionado pela Fase D.
REQ-UPG-003,ADR-035,BC-001,UPG,P0,PASS,Owner normativo atômico selecionado pela Fase D.
REQ-UPG-004,ADR-035,BC-014,UPG,P0,PASS,Owner normativo atômico selecionado pela Fase D.
REQ-UPG-005,ADR-035,BC-001,UPG,P1,PASS,Owner normativo atômico selecionado pela Fase D.
REQ-UX-001,ADR-014,BC-016,UX,P0,PASS,Owner normativo atômico selecionado pela Fase D.
REQ-UX-002,ADR-014,BC-001,UX,P0,PASS,Owner normativo atômico selecionado pela Fase D.
REQ-UX-003,ADR-014,BC-016,UX,P1,PASS,Owner normativo atômico selecionado pela Fase D.
REQ-WORKER-001,ADR-006,BC-001,WORKER,P1,PASS,Owner normativo atômico selecionado pela Fase D.
REQ-WORKER-002,ADR-012,BC-001,WORKER,P1,PASS,Owner normativo atômico selecionado pela Fase D.
REQ-WORKER-003,ADR-037,BC-001,WORKER,P1,PASS,Owner normativo atômico selecionado pela Fase D.
REQ-WORKER-004,ADR-037,BC-001,WORKER,P1,PASS,Owner normativo atômico selecionado pela Fase D.
REQ-WORKER-005,ADR-018,BC-001,WORKER,P1,PASS,Owner normativo atômico selecionado pela Fase D.
REQ-WORKER-006,ADR-037,BC-001,WORKER,P1,PASS,Owner normativo atômico selecionado pela Fase D.
REQ-WORKER-007,ADR-020,BC-001,WORKER,P1,PASS,Owner normativo atômico selecionado pela Fase D.
REQ-WORKER-008,ADR-012,BC-001,WORKER,P1,PASS,Owner normativo atômico selecionado pela Fase D.
REQ-WORKER-009,ADR-037,BC-001,WORKER,P1,PASS,Owner normativo atômico selecionado pela Fase D.
REQ-WORKER-010,ADR-034,BC-001,WORKER,P1,PASS,Owner normativo atômico selecionado pela Fase D.
