requirement_id,type,priority,owner,governing_adrs,linked_epics,evidence_or_test,conflict,redundancy,missing,impossible,status
REQ-ACC-001,FUNCIONAL,P0,ADR-028,ADR-051/ADR-028,EPIC-009/EPIC-010,test_role_project_operation_access,NONE,NONE,NO,NO,PASS
REQ-AI-001,FUNCIONAL,P1,PRODUCT_BASELINE,ADR-051/ADR-039/ADR-044/ADR-053,EPIC-050,test_req_ai_001,NONE,NONE,NO,NO,PASS
REQ-AI-005,FUNCIONAL,P0,ADR-051,ADR-051/ADR-018/ADR-039/ADR-044/ADR-027/ADR-041/ADR-053,EPIC-026/EPIC-050,test_modelrunner_manifest_equivalence_device_precision,NONE,NONE,NO,NO,PASS
REQ-AI-006,FUNCIONAL,P0,ADR-051,ADR-051/ADR-034/ADR-054,EPIC-080,test_modelpack_signature_license_hash_offline_import,NONE,NONE,NO,NO,PASS
REQ-AI-007,FUNCIONAL,P1,ADR-051,ADR-051,EPIC-006,test_reference_capability_inventory_no_code_import,NONE,NONE,NO,NO,PASS
REQ-AI-008,FUNCIONAL,P1,ADR-051,ADR-051/ADR-039/ADR-044/ADR-047/ADR-053,EPIC-029/EPIC-050,test_stage_capability_contract_preconditions_budget_reason,NONE,NONE,NO,NO,PASS
REQ-AI-009,FUNCIONAL,P1,ADR-051,ADR-051/ADR-018/ADR-036/ADR-039/ADR-044/ADR-047/ADR-048/ADR-027/ADR-050/ADR-053,EPIC-049/EPIC-050,test_inference_first_no_training_or_weight_mutation_in_jobs,NONE,NONE,NO,NO,PASS
REQ-AI-010,FUNCIONAL,P1,ADR-051,ADR-051/ADR-046/ADR-044/ADR-047/ADR-041,EPIC-022/EPIC-029,test_retrieval_never_generates_gcp_homography_or_acceptance,NONE,NONE,NO,NO,PASS
REQ-AI-011,FUNCIONAL,P1,ADR-051,ADR-051/ADR-044/ADR-047,EPIC-029/EPIC-033,test_guided_ai_plan_no_raw_seven_mode_confusion,NONE,NONE,NO,NO,PASS
REQ-AI-012,FUNCIONAL,P1,ADR-053,ADR-051/ADR-046/ADR-039/ADR-044/ADR-047/ADR-053,EPIC-028/EPIC-050,test_modelpack_stratified_promotion_and_reproducibility_gate,NONE,NONE,NO,NO,PASS
REQ-AI-013,FUNCIONAL,P1,ADR-051,ADR-051/ADR-039/ADR-044/ADR-053,EPIC-050,test_independent_ai_capability_lifecycle_and_promotion,NONE,NONE,NO,NO,PASS
REQ-AI-014,FUNCIONAL,P1,ADR-051,ADR-051/ADR-044/ADR-047,EPIC-029,test_stage_precondition_budget_evidence_planner,NONE,NONE,NO,NO,PASS
REQ-AI-015,FUNCIONAL,P1,ADR-051,ADR-051/ADR-034/ADR-039/ADR-044/ADR-054/ADR-053,EPIC-050/EPIC-080,test_inference_only_runtime_no_training_or_weight_mutation,NONE,NONE,NO,NO,PASS
REQ-AI-016,FUNCIONAL,P1,ADR-051,ADR-051/ADR-046,EPIC-036/EPIC-084,test_guided_explainable_ai_ux_without_seven_modes,NONE,NONE,NO,NO,PASS
REQ-AI-017,FUNCIONAL,P1,ADR-051,ADR-051/ADR-018/ADR-039/ADR-044/ADR-041/ADR-049/ADR-053,EPIC-046/EPIC-050,test_experimental_capability_cannot_publish_accepted_artifactset,NONE,NONE,NO,NO,PASS
REQ-AIE-001,FUNCIONAL,P1,AP-010,ADR-051/ADR-002/ADR-018/ADR-028/ADR-036/ADR-034/ADR-046/ADR-039/ADR-044/ADR-047/ADR-048/ADR-054/ADR-041/ADR-049/ADR-050/ADR-053/ADR-026,EPIC-005/EPIC-014/EPIC-022/EPIC-024/EPIC-028/EPIC-039/EPIC-041/EPIC-050,test_ai_escalation_decision_01,NONE,NONE,NO,NO,PASS
REQ-AIE-002,FUNCIONAL,P1,AP-010,ADR-051/ADR-002/ADR-018/ADR-028/ADR-036/ADR-034/ADR-046/ADR-039/ADR-044/ADR-047/ADR-048/ADR-054/ADR-041/ADR-049/ADR-050/ADR-053/ADR-026,EPIC-005/EPIC-014/EPIC-022/EPIC-024/EPIC-028/EPIC-039/EPIC-041/EPIC-050,test_ai_escalation_decision_02,NONE,NONE,NO,NO,PASS
REQ-AIE-003,FUNCIONAL,P1,AP-010,ADR-051/ADR-002/ADR-018/ADR-028/ADR-036/ADR-034/ADR-046/ADR-039/ADR-044/ADR-047/ADR-048/ADR-054/ADR-041/ADR-049/ADR-050/ADR-053/ADR-026,EPIC-005/EPIC-014/EPIC-022/EPIC-024/EPIC-028/EPIC-039/EPIC-041/EPIC-050,test_ai_escalation_decision_03,NONE,NONE,NO,NO,PASS
REQ-AIE-004,FUNCIONAL,P1,AP-010,ADR-051/ADR-002/ADR-018/ADR-028/ADR-036/ADR-034/ADR-046/ADR-039/ADR-044/ADR-047/ADR-048/ADR-054/ADR-041/ADR-049/ADR-050/ADR-053/ADR-026,EPIC-005/EPIC-014/EPIC-022/EPIC-024/EPIC-028/EPIC-039/EPIC-041/EPIC-050,test_ai_escalation_decision_04,NONE,NONE,NO,NO,PASS
REQ-AIE-005,NAO_FUNCIONAL,P1,AP-010,ADR-051/ADR-002/ADR-018/ADR-028/ADR-036/ADR-034/ADR-046/ADR-039/ADR-044/ADR-047/ADR-048/ADR-054/ADR-041/ADR-049/ADR-050/ADR-053/ADR-026,EPIC-005/EPIC-014/EPIC-022/EPIC-024/EPIC-028/EPIC-039/EPIC-041/EPIC-050,test_ai_escalation_decision_05,NONE,NONE,NO,NO,PASS
REQ-AIE-006,NAO_FUNCIONAL,P1,AP-010,ADR-051/ADR-002/ADR-018/ADR-028/ADR-036/ADR-034/ADR-046/ADR-039/ADR-044/ADR-047/ADR-048/ADR-054/ADR-041/ADR-049/ADR-050/ADR-053/ADR-026,EPIC-005/EPIC-014/EPIC-022/EPIC-024/EPIC-028/EPIC-039/EPIC-041/EPIC-050,test_ai_escalation_decision_06,NONE,NONE,NO,NO,PASS
REQ-AIE-007,FUNCIONAL,P1,AP-010,ADR-051/ADR-002/ADR-018/ADR-028/ADR-036/ADR-034/ADR-046/ADR-039/ADR-044/ADR-047/ADR-048/ADR-054/ADR-041/ADR-049/ADR-050/ADR-053/ADR-026,EPIC-005/EPIC-014/EPIC-022/EPIC-024/EPIC-028/EPIC-039/EPIC-041/EPIC-050,test_ai_escalation_decision_07,NONE,NONE,NO,NO,PASS
REQ-AIE-008,FUNCIONAL,P1,AP-010,ADR-051/ADR-002/ADR-018/ADR-028/ADR-036/ADR-034/ADR-046/ADR-039/ADR-044/ADR-047/ADR-048/ADR-054/ADR-041/ADR-049/ADR-050/ADR-053/ADR-026,EPIC-005/EPIC-014/EPIC-022/EPIC-024/EPIC-028/EPIC-039/EPIC-041/EPIC-050,test_ai_escalation_decision_08,NONE,NONE,NO,NO,PASS
REQ-AIE-009,FUNCIONAL,P1,AP-010,ADR-051/ADR-002/ADR-018/ADR-028/ADR-036/ADR-034/ADR-046/ADR-039/ADR-044/ADR-047/ADR-048/ADR-054/ADR-041/ADR-049/ADR-050/ADR-053/ADR-026,EPIC-005/EPIC-014/EPIC-022/EPIC-024/EPIC-028/EPIC-039/EPIC-041/EPIC-050,test_ai_escalation_decision_09,NONE,NONE,NO,NO,PASS
REQ-AIE-010,FUNCIONAL,P1,AP-010,ADR-051/ADR-002/ADR-018/ADR-028/ADR-036/ADR-034/ADR-046/ADR-039/ADR-044/ADR-047/ADR-048/ADR-054/ADR-041/ADR-049/ADR-050/ADR-053/ADR-026,EPIC-005/EPIC-014/EPIC-022/EPIC-024/EPIC-028/EPIC-039/EPIC-041/EPIC-050,test_ai_escalation_decision_10,NONE,NONE,NO,NO,PASS
REQ-ANC-001,FUNCIONAL,P0,ADR-049,ADR-051/ADR-047/ADR-041/ADR-049/ADR-050,EPIC-058/EPIC-099,test_distributed_external_anchor_sources_provenance_uncertainty_and_coverage,NONE,NONE,NO,NO,PASS
REQ-ANC-002,FUNCIONAL,P0,ADR-049,ADR-046/ADR-044/ADR-048/ADR-041/ADR-049/ADR-050/ADR-053,EPIC-024/EPIC-099,test_joint_anchored_per_image_homography_optimization_and_component_split,NONE,NONE,NO,NO,PASS
REQ-ANC-003,FUNCIONAL,P0,ADR-049,ADR-046/ADR-044/ADR-048/ADR-041/ADR-049/ADR-050/ADR-053,EPIC-024/EPIC-099,test_component_bootstrap_independent_gcps_homography_and_sgv,NONE,NONE,NO,NO,PASS
REQ-ANC-004,FUNCIONAL,P1,ADR-049,ADR-051/ADR-018/ADR-041/ADR-049/ADR-050,EPIC-046/EPIC-099,test_partial_anchor_states_subcomponents_and_immutable_artifacts,NONE,NONE,NO,NO,PASS
REQ-ANC-005,FUNCIONAL,P1,ADR-049,ADR-002/ADR-044/ADR-049/ADR-050,EPIC-032/EPIC-100,test_multiview_anchor_workspace_source_pixel_provenance_and_refinement,NONE,NONE,NO,NO,PASS
REQ-ANC-006,FUNCIONAL,P0,ADR-049,ADR-046/ADR-044/ADR-048/ADR-041/ADR-049/ADR-050/ADR-053,EPIC-024/EPIC-100,test_anchor_coverage_conditioning_diversity_marginal_gain_and_stop_rule,NONE,NONE,NO,NO,PASS
REQ-ANC-007,FUNCIONAL,P0,ADR-049,ADR-046/ADR-044/ADR-048/ADR-041/ADR-049/ADR-050/ADR-053,EPIC-024/EPIC-100,test_anchor_uncertainty_robust_weighting_conflict_quarantine_and_split,NONE,NONE,NO,NO,PASS
REQ-ANC-008,FUNCIONAL,P1,ADR-049,ADR-049,EPIC-066/EPIC-100,test_immutable_anchorset_impact_preview_scoped_reoptimization_and_history,NONE,NONE,NO,NO,PASS
REQ-ART-001,NAO_FUNCIONAL,P0,ADR-018;ADR-027,ADR-051/ADR-002/ADR-018/ADR-039/ADR-044/ADR-048/ADR-027/ADR-041/ADR-026,EPIC-012/EPIC-026,artifact_lineage_consistency,NONE,NONE,NO,NO,PASS
REQ-ART-002,CONTRATO,P0,ADR-018,ADR-051/ADR-018/ADR-041/ADR-049,EPIC-044/EPIC-046,test_original_immutable_cog_validation,NONE,NONE,NO,NO,PASS
REQ-ART-003,CONTRATO,P0,ADR-018,ADR-051/ADR-002/ADR-018/ADR-039/ADR-048/ADR-027/ADR-041/ADR-049/ADR-026,EPIC-012/EPIC-046,test_atomic_artifactset_publication_failure_recovery,NONE,NONE,NO,NO,PASS
REQ-ARTLAYOUT-001,NAO_FUNCIONAL,P1,ADR-018,ADR-051/ADR-002/ADR-018/ADR-036/ADR-044/ADR-027/ADR-054/ADR-041,EPIC-026/EPIC-039,test_req_artlayout_001,NONE,NONE,NO,NO,PASS
REQ-ARTLAYOUT-002,NAO_FUNCIONAL,P1,ADR-018,ADR-051/ADR-002/ADR-018/ADR-039/ADR-044/ADR-048/ADR-027/ADR-041/ADR-026,EPIC-012/EPIC-026,test_req_artlayout_002,NONE,NONE,NO,NO,PASS
REQ-ARTLAYOUT-003,NAO_FUNCIONAL,P0,ADR-018,ADR-051/ADR-018/ADR-044/ADR-027/ADR-041,EPIC-026,test_req_artlayout_003,NONE,NONE,NO,NO,PASS
REQ-ARTLAYOUT-004,NAO_FUNCIONAL,P1,ADR-018,ADR-051/ADR-002/ADR-018/ADR-036/ADR-044/ADR-027/ADR-054/ADR-041,EPIC-026/EPIC-039,test_req_artlayout_004,NONE,NONE,NO,NO,PASS
REQ-ARTLAYOUT-005,NAO_FUNCIONAL,P1,ADR-018,ADR-051/ADR-018/ADR-034/ADR-044/ADR-027/ADR-041,EPIC-026/EPIC-078,test_req_artlayout_005,NONE,NONE,NO,NO,PASS
REQ-ARTLAYOUT-006,NAO_FUNCIONAL,P1,ADR-018,ADR-051/ADR-018/ADR-034/ADR-044/ADR-027/ADR-041,EPIC-026/EPIC-078,test_req_artlayout_006,NONE,NONE,NO,NO,PASS
REQ-ARTLAYOUT-007,NAO_FUNCIONAL,P1,ADR-018,ADR-051/ADR-018/ADR-034/ADR-044/ADR-027/ADR-041,EPIC-026/EPIC-078,test_req_artlayout_007,NONE,NONE,NO,NO,PASS
REQ-ARTLAYOUT-008,NAO_FUNCIONAL,P1,ADR-018,ADR-051/ADR-002/ADR-018/ADR-036/ADR-044/ADR-027/ADR-054/ADR-041,EPIC-026/EPIC-039,test_req_artlayout_008,NONE,NONE,NO,NO,PASS
REQ-ARTLAYOUT-009,NAO_FUNCIONAL,P1,ADR-018,ADR-051/ADR-002/ADR-018/ADR-036/ADR-044/ADR-027/ADR-054/ADR-041,EPIC-026/EPIC-039,test_req_artlayout_009,NONE,NONE,NO,NO,PASS
REQ-ARTLAYOUT-010,NAO_FUNCIONAL,P0,ADR-018,ADR-051/ADR-002/ADR-018/ADR-028/ADR-034/ADR-044/ADR-047/ADR-027/ADR-041/ADR-026,EPIC-004/EPIC-026/EPIC-041,test_req_artlayout_010,NONE,NONE,NO,NO,PASS
REQ-AUD-001,NAO_FUNCIONAL,P0,ADR-054,ADR-002/ADR-028/ADR-039/ADR-054/ADR-050/ADR-026,EPIC-011/EPIC-075,test_audit_append_only_digest_and_no_sampling,NONE,NONE,NO,NO,PASS
REQ-AUTH-IMPL-001,CONTRATO,P1,ADR-028,ADR-051/ADR-002/ADR-018/ADR-028/ADR-034/ADR-047/ADR-054,EPIC-008/EPIC-009/EPIC-010/EPIC-011/EPIC-041,test_req_auth_impl_001,NONE,NONE,NO,NO,PASS
REQ-AUTH-IMPL-002,CONTRATO,P1,BP-003,ADR-051/ADR-002/ADR-018/ADR-028/ADR-034/ADR-047/ADR-054,EPIC-008/EPIC-009/EPIC-010/EPIC-011/EPIC-041,test_req_auth_impl_002,NONE,NONE,NO,NO,PASS
REQ-AUTH-IMPL-003,CONTRATO,P0,ADR-028,ADR-051/ADR-002/ADR-018/ADR-028/ADR-034/ADR-047/ADR-054,EPIC-008/EPIC-009/EPIC-010/EPIC-011/EPIC-041,test_req_auth_impl_003,NONE,NONE,NO,NO,PASS
REQ-AUTH-IMPL-004,CONTRATO,P1,ADR-028,ADR-051/ADR-002/ADR-018/ADR-028/ADR-034/ADR-047/ADR-054,EPIC-008/EPIC-009/EPIC-010/EPIC-011/EPIC-041,test_req_auth_impl_004,NONE,NONE,NO,NO,PASS
REQ-AUTH-IMPL-005,CONTRATO,P1,ADR-028,ADR-051/ADR-002/ADR-018/ADR-028/ADR-034/ADR-047/ADR-054,EPIC-008/EPIC-009/EPIC-010/EPIC-011/EPIC-041,test_req_auth_impl_005,NONE,NONE,NO,NO,PASS
REQ-AUTH-IMPL-006,CONTRATO,P0,ADR-028,ADR-051/ADR-002/ADR-018/ADR-028/ADR-034/ADR-047/ADR-054,EPIC-008/EPIC-009/EPIC-010/EPIC-011/EPIC-041,test_req_auth_impl_006,NONE,NONE,NO,NO,PASS
REQ-AUTH-IMPL-007,CONTRATO,P1,ADR-028,ADR-051/ADR-002/ADR-018/ADR-028/ADR-034/ADR-047/ADR-054,EPIC-008/EPIC-009/EPIC-010/EPIC-011/EPIC-041,test_req_auth_impl_007,NONE,NONE,NO,NO,PASS
REQ-AUTH-IMPL-008,CONTRATO,P1,ADR-028,ADR-051/ADR-002/ADR-018/ADR-028/ADR-034/ADR-047/ADR-054,EPIC-008/EPIC-009/EPIC-010/EPIC-011/EPIC-041,test_req_auth_impl_008,NONE,NONE,NO,NO,PASS
REQ-AUTH-IMPL-009,CONTRATO,P1,ADR-028,ADR-051/ADR-002/ADR-018/ADR-028/ADR-034/ADR-047/ADR-054,EPIC-008/EPIC-009/EPIC-010/EPIC-011/EPIC-041,test_req_auth_impl_009,NONE,NONE,NO,NO,PASS
REQ-AUTH-IMPL-010,CONTRATO,P1,ADR-028,ADR-051/ADR-002/ADR-018/ADR-028/ADR-034/ADR-047/ADR-054,EPIC-008/EPIC-009/EPIC-010/EPIC-011/EPIC-041,test_req_auth_impl_010,NONE,NONE,NO,NO,PASS
REQ-BAT-001,FUNCIONAL,P0,AP-011,ADR-036/ADR-046/ADR-039/ADR-048,EPIC-034/EPIC-057,test_independent_components_partial_success_retry_subset,NONE,NONE,NO,NO,PASS
REQ-BEX-001,FUNCIONAL,P1,AP-011,ADR-018/ADR-036/ADR-034/ADR-046/ADR-039/ADR-044/ADR-047/ADR-048/ADR-054/ADR-041/ADR-049/ADR-050/ADR-053/ADR-026,EPIC-005/EPIC-018/EPIC-019/EPIC-034/EPIC-037/EPIC-065/EPIC-066/EPIC-067/EPIC-068/EPIC-069,test_batch_execution_decision_01,NONE,NONE,NO,NO,PASS
REQ-BEX-002,FUNCIONAL,P1,AP-011,ADR-018/ADR-036/ADR-034/ADR-046/ADR-039/ADR-044/ADR-047/ADR-048/ADR-054/ADR-041/ADR-049/ADR-050/ADR-053/ADR-026,EPIC-005/EPIC-018/EPIC-019/EPIC-034/EPIC-037/EPIC-065/EPIC-066/EPIC-067/EPIC-068/EPIC-069,test_batch_execution_decision_02,NONE,NONE,NO,NO,PASS
REQ-BEX-003,FUNCIONAL,P1,AP-011,ADR-018/ADR-036/ADR-034/ADR-046/ADR-039/ADR-044/ADR-047/ADR-048/ADR-054/ADR-041/ADR-049/ADR-050/ADR-053/ADR-026,EPIC-005/EPIC-018/EPIC-019/EPIC-034/EPIC-037/EPIC-065/EPIC-066/EPIC-067/EPIC-068/EPIC-069,test_batch_execution_decision_03,NONE,NONE,NO,NO,PASS
REQ-BEX-004,FUNCIONAL,P1,AP-011,ADR-018/ADR-036/ADR-034/ADR-046/ADR-039/ADR-044/ADR-047/ADR-048/ADR-054/ADR-041/ADR-049/ADR-050/ADR-053/ADR-026,EPIC-005/EPIC-018/EPIC-019/EPIC-034/EPIC-037/EPIC-065/EPIC-066/EPIC-067/EPIC-068/EPIC-069,test_batch_execution_decision_04,NONE,NONE,NO,NO,PASS
REQ-BEX-005,FUNCIONAL,P1,AP-011,ADR-018/ADR-036/ADR-034/ADR-046/ADR-039/ADR-044/ADR-047/ADR-048/ADR-054/ADR-041/ADR-049/ADR-050/ADR-053/ADR-026,EPIC-005/EPIC-018/EPIC-019/EPIC-034/EPIC-037/EPIC-065/EPIC-066/EPIC-067/EPIC-068/EPIC-069,test_batch_execution_decision_05,NONE,NONE,NO,NO,PASS
REQ-BEX-006,FUNCIONAL,P1,AP-011,ADR-018/ADR-036/ADR-034/ADR-046/ADR-039/ADR-044/ADR-047/ADR-048/ADR-054/ADR-041/ADR-049/ADR-050/ADR-053/ADR-026,EPIC-005/EPIC-018/EPIC-019/EPIC-034/EPIC-037/EPIC-065/EPIC-066/EPIC-067/EPIC-068/EPIC-069,test_batch_execution_decision_06,NONE,NONE,NO,NO,PASS
REQ-BEX-007,FUNCIONAL,P1,AP-011,ADR-018/ADR-036/ADR-034/ADR-046/ADR-039/ADR-044/ADR-047/ADR-048/ADR-054/ADR-041/ADR-049/ADR-050/ADR-053/ADR-026,EPIC-005/EPIC-018/EPIC-019/EPIC-034/EPIC-037/EPIC-065/EPIC-066/EPIC-067/EPIC-068/EPIC-069,test_batch_execution_decision_07,NONE,NONE,NO,NO,PASS
REQ-BEX-008,FUNCIONAL,P1,AP-011,ADR-018/ADR-036/ADR-034/ADR-046/ADR-039/ADR-044/ADR-047/ADR-048/ADR-054/ADR-041/ADR-049/ADR-050/ADR-053/ADR-026,EPIC-005/EPIC-018/EPIC-019/EPIC-034/EPIC-037/EPIC-065/EPIC-066/EPIC-067/EPIC-068/EPIC-069,test_batch_execution_decision_08,NONE,NONE,NO,NO,PASS
REQ-BEX-009,FUNCIONAL,P1,AP-011,ADR-018/ADR-036/ADR-034/ADR-046/ADR-039/ADR-044/ADR-047/ADR-048/ADR-054/ADR-041/ADR-049/ADR-050/ADR-053/ADR-026,EPIC-005/EPIC-018/EPIC-019/EPIC-034/EPIC-037/EPIC-065/EPIC-066/EPIC-067/EPIC-068/EPIC-069,test_batch_execution_decision_09,NONE,NONE,NO,NO,PASS
REQ-BEX-010,FUNCIONAL,P1,AP-011,ADR-018/ADR-036/ADR-034/ADR-046/ADR-039/ADR-044/ADR-047/ADR-048/ADR-054/ADR-041/ADR-049/ADR-050/ADR-053/ADR-026,EPIC-005/EPIC-018/EPIC-019/EPIC-034/EPIC-037/EPIC-065/EPIC-066/EPIC-067/EPIC-068/EPIC-069,test_batch_execution_decision_10,NONE,NONE,NO,NO,PASS
REQ-BKP-001,NAO_FUNCIONAL,P0,ADR-027,ADR-051/ADR-018/ADR-036/ADR-047/ADR-048/ADR-027/ADR-050/ADR-053/ADR-026,EPIC-049/EPIC-071,test_backupset_consistency_manifest_external_roots,NONE,NONE,NO,NO,PASS
REQ-BKP-002,NAO_FUNCIONAL,P0,ADR-027,ADR-027/ADR-026,EPIC-071/EPIC-072,test_isolated_restore_drill_integrity_rpo_rto,NONE,NONE,NO,NO,PASS
REQ-CAC-001,FUNCIONAL,P1,ADR-047,ADR-051/ADR-018/ADR-036/ADR-047/ADR-048/ADR-027/ADR-050/ADR-053,EPIC-049/EPIC-061,test_content_addressed_cache_license_retention_lineage_gc,NONE,NONE,NO,NO,PASS
REQ-CAT-001,FUNCIONAL,P1,ADR-048;ADR-039,ADR-002/ADR-018/ADR-046/ADR-039/ADR-048/ADR-027/ADR-041/ADR-026,EPIC-012/EPIC-034,test_catalog_190k_metadata_pagination_search,NONE,NONE,NO,NO,PASS
REQ-CIT-001,GOVERNANCA,P1,CITATION_POLICY,ADR-034/ADR-047/ADR-054,EPIC-007/EPIC-042,citation_cff_validation,NONE,NONE,NO,NO,PASS
REQ-CLASSICPROFILE-001,NAO_FUNCIONAL,P1,BP-001,ADR-051/ADR-002/ADR-046/ADR-044/ADR-047/ADR-041/ADR-053,EPIC-002/EPIC-022/EPIC-028,test_req_classicprofile_001,NONE,NONE,NO,NO,PASS
REQ-CLASSICPROFILE-002,NAO_FUNCIONAL,P1,BP-001,ADR-051/ADR-002/ADR-046/ADR-044/ADR-047/ADR-041/ADR-053,EPIC-002/EPIC-022/EPIC-028,test_req_classicprofile_002,NONE,NONE,NO,NO,PASS
REQ-CLASSICPROFILE-003,NAO_FUNCIONAL,P1,BP-001,ADR-051/ADR-002/ADR-046/ADR-044/ADR-047/ADR-041/ADR-053,EPIC-002/EPIC-022/EPIC-028,test_req_classicprofile_003,NONE,NONE,NO,NO,PASS
REQ-CLASSICPROFILE-004,NAO_FUNCIONAL,P1,BP-001,ADR-051/ADR-002/ADR-046/ADR-044/ADR-047/ADR-041/ADR-053,EPIC-002/EPIC-022/EPIC-028,test_req_classicprofile_004,NONE,NONE,NO,NO,PASS
REQ-CLASSICPROFILE-005,NAO_FUNCIONAL,P1,BP-001,ADR-051/ADR-002/ADR-046/ADR-044/ADR-047/ADR-041/ADR-053,EPIC-002/EPIC-022/EPIC-028,test_req_classicprofile_005,NONE,NONE,NO,NO,PASS
REQ-CLASSICPROFILE-006,NAO_FUNCIONAL,P1,BP-001,ADR-051/ADR-002/ADR-046/ADR-044/ADR-047/ADR-041/ADR-053,EPIC-002/EPIC-022/EPIC-028,test_req_classicprofile_006,NONE,NONE,NO,NO,PASS
REQ-CLASSICPROFILE-007,NAO_FUNCIONAL,P1,BP-001,ADR-051/ADR-002/ADR-046/ADR-044/ADR-047/ADR-041/ADR-053,EPIC-002/EPIC-022/EPIC-028,test_req_classicprofile_007,NONE,NONE,NO,NO,PASS
REQ-CLASSICPROFILE-008,NAO_FUNCIONAL,P1,BP-001,ADR-051/ADR-002/ADR-046/ADR-044/ADR-047/ADR-041/ADR-053,EPIC-002/EPIC-022/EPIC-028,test_req_classicprofile_008,NONE,NONE,NO,NO,PASS
REQ-CLASSICPROFILE-009,NAO_FUNCIONAL,P1,BP-001,ADR-051/ADR-002/ADR-046/ADR-044/ADR-047/ADR-041/ADR-053,EPIC-002/EPIC-022/EPIC-028,test_req_classicprofile_009,NONE,NONE,NO,NO,PASS
REQ-CLASSICPROFILE-010,NAO_FUNCIONAL,P0,BP-001,ADR-051/ADR-002/ADR-046/ADR-044/ADR-047/ADR-041/ADR-053,EPIC-002/EPIC-022/EPIC-028,test_req_classicprofile_010,NONE,NONE,NO,NO,PASS
REQ-CRS-001,CONTRATO,P0,ADR-041,ADR-048/ADR-041,EPIC-063/EPIC-093,test_pixel_reference_target_discovery_coordinate_roundtrip,NONE,NONE,NO,NO,PASS
REQ-CRS-002,CONTRATO,P0,ADR-041,ADR-051/ADR-002/ADR-018/ADR-034/ADR-044/ADR-041/ADR-026,EPIC-004/EPIC-093,test_explicit_axis_order_and_adapter_normalization,NONE,NONE,NO,NO,PASS
REQ-CRS-003,CONTRATO,P0,ADR-041,ADR-046/ADR-044/ADR-048/ADR-041/ADR-049/ADR-050/ADR-053,EPIC-024/EPIC-093,test_units_precision_tolerance_and_no_premature_rounding,NONE,NONE,NO,NO,PASS
REQ-CRS-004,CONTRATO,P0,ADR-041,ADR-041,EPIC-093/EPIC-096,test_aoi_aware_working_crs_selection_distortion_and_explanation,NONE,NONE,NO,NO,PASS
REQ-CRS-005,CONTRATO,P0,ADR-041,ADR-051/ADR-047/ADR-041/ADR-049,EPIC-058/EPIC-096,test_reference_crs_fail_closed_metadata_area_operation_roundtrip,NONE,NONE,NO,NO,PASS
REQ-CRS-006,CONTRATO,P1,ADR-041,ADR-018/ADR-041,EPIC-044/EPIC-096,test_technical_canonical_output_and_optional_web_derivative_lineage,NONE,NONE,NO,NO,PASS
REQ-CRS-007,CONTRATO,P1,ADR-041,ADR-051/ADR-047/ADR-041/ADR-049,EPIC-058/EPIC-096,test_web_service_capability_crs_negotiation_and_actual_response_validation,NONE,NONE,NO,NO,PASS
REQ-DBSCHEMA-001,CONTRATO,P1,ADR-018,ADR-002/ADR-018/ADR-039/ADR-048/ADR-027/ADR-041/ADR-026,EPIC-012/EPIC-013,test_req_dbschema_001,NONE,NONE,NO,NO,PASS
REQ-DBSCHEMA-002,CONTRATO,P1,ADR-018,ADR-051/ADR-002/ADR-018/ADR-034/ADR-039/ADR-044/ADR-048/ADR-027/ADR-041/ADR-026,EPIC-004/EPIC-012,test_req_dbschema_002,NONE,NONE,NO,NO,PASS
REQ-DBSCHEMA-003,CONTRATO,P0,ADR-018,ADR-002/ADR-018/ADR-028/ADR-034/ADR-039/ADR-048/ADR-027/ADR-041/ADR-026,EPIC-008/EPIC-012,test_req_dbschema_003,NONE,NONE,NO,NO,PASS
REQ-DBSCHEMA-004,CONTRATO,P1,ADR-018,ADR-051/ADR-002/ADR-018/ADR-034/ADR-039/ADR-044/ADR-048/ADR-027/ADR-041/ADR-026,EPIC-004/EPIC-012,test_req_dbschema_004,NONE,NONE,NO,NO,PASS
REQ-DBSCHEMA-005,CONTRATO,P1,ADR-041,ADR-002/ADR-018/ADR-046/ADR-039/ADR-044/ADR-047/ADR-048/ADR-027/ADR-041/ADR-026,EPIC-012/EPIC-021,test_req_dbschema_005,NONE,NONE,NO,NO,PASS
REQ-DBSCHEMA-006,CONTRATO,P1,ADR-018,ADR-051/ADR-002/ADR-018/ADR-039/ADR-044/ADR-048/ADR-027/ADR-041/ADR-026,EPIC-012/EPIC-026,test_req_dbschema_006,NONE,NONE,NO,NO,PASS
REQ-DBSCHEMA-007,CONTRATO,P1,ADR-018,ADR-051/ADR-002/ADR-018/ADR-034/ADR-039/ADR-044/ADR-048/ADR-027/ADR-041/ADR-026,EPIC-004/EPIC-012,test_req_dbschema_007,NONE,NONE,NO,NO,PASS
REQ-DBSCHEMA-008,CONTRATO,P1,ADR-018,ADR-051/ADR-002/ADR-018/ADR-036/ADR-034/ADR-039/ADR-044/ADR-048/ADR-027/ADR-041/ADR-026,EPIC-004/EPIC-012/EPIC-014,test_req_dbschema_008,NONE,NONE,NO,NO,PASS
REQ-DBSCHEMA-009,CONTRATO,P1,ADR-018,ADR-002/ADR-018/ADR-036/ADR-039/ADR-048/ADR-027/ADR-041/ADR-026,EPIC-012/EPIC-014,test_req_dbschema_009,NONE,NONE,NO,NO,PASS
REQ-DBSCHEMA-010,NAO_FUNCIONAL,P1,ADR-026,ADR-018/ADR-027/ADR-026,EPIC-013/EPIC-107,test_req_dbschema_010,NONE,NONE,NO,NO,PASS
REQ-DEL-001,FUNCIONAL,P1,DELIVERY_PLAN,ADR-002/ADR-018/ADR-036/ADR-034/ADR-054,EPIC-003/EPIC-086,test_walking_skeleton_end_to_end_and_vertical_slice_definition_of_done,NONE,NONE,NO,NO,PASS
REQ-DEL-002,FUNCIONAL,P1,DELIVERY_PLAN,ADR-002/ADR-018/ADR-036/ADR-034/ADR-046/ADR-044/ADR-054/ADR-053,EPIC-086/EPIC-087,test_private_operational_baseline_scope_cpu_only_clean_install,NONE,NONE,NO,NO,PASS
REQ-DEV-001,FUNCIONAL,P0,AP-008,ADR-002/ADR-034/ADR-054/ADR-053,EPIC-003/EPIC-092,test_host_container_ci_contract_and_no_implicit_downloads,NONE,NONE,NO,NO,PASS
REQ-DIS-001,FUNCIONAL,P0,ADR-044,ADR-044,EPIC-054,test_provisional_components_never_create_operational_edge,NONE,NONE,NO,NO,PASS
REQ-DIS-002,FUNCIONAL,P0,ADR-044,ADR-039/ADR-044/ADR-049,EPIC-019/EPIC-055,test_budgeted_neighbor_retrieval_recall_and_unexamined_state,NONE,NONE,NO,NO,PASS
REQ-EPIC-001,NAO_FUNCIONAL,P0,AP-008,ADR-002/ADR-018/ADR-036/ADR-034/ADR-054/ADR-053,EPIC-086/EPIC-092,test_executable_foundation_gate_clean_room_end_to_end,NONE,NONE,NO,NO,PASS
REQ-EPIC-012,FUNCIONAL,P0,ADR-026,ADR-034/ADR-046/ADR-039/ADR-047/ADR-054/ADR-053/ADR-026,EPIC-005,migration_upgrade_rollback,NONE,NONE,NO,NO,PASS
REQ-EPIC-014,FUNCIONAL,P0,ADR-002;ADR-036,ADR-002/ADR-018/ADR-036,EPIC-014/EPIC-016,job_state_idempotency_cancel_resume,NONE,NONE,NO,NO,PASS
REQ-EPIC-015,FUNCIONAL,P0,ADR-036,ADR-002/ADR-036,EPIC-015/EPIC-016,test_small_messages_duplicate_redelivery_authoritative_state,NONE,NONE,NO,NO,PASS
REQ-EPIC-016,FUNCIONAL,P0,ADR-036,ADR-002/ADR-036/ADR-046/ADR-048,EPIC-016/EPIC-030,test_retry_classification_budget_idempotency_no_quality_relaxation,NONE,NONE,NO,NO,PASS
REQ-EPIC-017,FUNCIONAL,P0,ADR-036,ADR-051/ADR-018/ADR-036/ADR-039/ADR-047/ADR-048/ADR-027/ADR-049/ADR-050/ADR-053,EPIC-018/EPIC-049,test_checkpoint_compatibility_invalidation_lineage,NONE,NONE,NO,NO,PASS
REQ-EPIC-018,FUNCIONAL,P0,ADR-036,ADR-002/ADR-018/ADR-036/ADR-039/ADR-048/ADR-054/ADR-049,EPIC-016/EPIC-018/EPIC-039,test_cooperative_cancel_containment_no_partial_publish,NONE,NONE,NO,NO,PASS
REQ-EPIC-021,FUNCIONAL,P0,ADR-046,ADR-046/ADR-044/ADR-047/ADR-048/ADR-041/ADR-049/ADR-050/ADR-053,EPIC-021/EPIC-024,geo_regression_corpus_and_strong_geometric_verifier,NONE,NONE,NO,NO,PASS
REQ-EPIC-031,NAO_FUNCIONAL,P0,ADR-002,ADR-051/ADR-002/ADR-018/ADR-034/ADR-044/ADR-041/ADR-026,EPIC-004/EPIC-031,generated_client_component_accessibility_e2e,NONE,NONE,NO,NO,PASS
REQ-EPIC-035,FUNCIONAL,P0,ADR-048,ADR-046/ADR-039/ADR-048,EPIC-034/EPIC-035,test_reviewable_gate_and_hard_gate_non_override,NONE,NONE,NO,NO,PASS
REQ-EPIC-037,FUNCIONAL,P0,ADR-046;ADR-048,ADR-018/ADR-036/ADR-046/ADR-039/ADR-048/ADR-041/ADR-050/ADR-053/ADR-026,EPIC-030/EPIC-034/EPIC-037,test_success_failure_name_relative_path_exports,NONE,NONE,NO,NO,PASS
REQ-EPIC-038,FUNCIONAL,P0,ADR-046,ADR-051/ADR-036/ADR-046/ADR-048,EPIC-030/EPIC-036,test_failure_taxonomy_evidence_remediation_versioning,NONE,NONE,NO,NO,PASS
REQ-EPIC-039,NAO_FUNCIONAL,P0,PRODUCT_BASELINE,ADR-018/ADR-027/ADR-026,EPIC-013/EPIC-072,test_req_epic_039,NONE,NONE,NO,NO,PASS
REQ-EPIC-041,FUNCIONAL,P0,ADR-047,ADR-002/ADR-018/ADR-028/ADR-034/ADR-046/ADR-039/ADR-047/ADR-054/ADR-053/ADR-026,EPIC-005/EPIC-041,malicious_file_suite,NONE,NONE,NO,NO,PASS
REQ-EPIC-042,FUNCIONAL,P0,GOVERNANCE,ADR-051/ADR-034/ADR-047/ADR-054,EPIC-007/EPIC-042/EPIC-080,test_layered_spdx_reuse_license_notices_dependency_and_asset_compatibility,NONE,NONE,NO,NO,PASS
REQ-EPIC-043,FUNCIONAL,P1,DELIVERY_PLAN,ADR-034/ADR-047/ADR-054/ADR-053/ADR-026,EPIC-042/EPIC-085/EPIC-089,test_release_train_visibility_license_sanitization_and_beta_gate,NONE,NONE,NO,NO,PASS
REQ-EPIC-062,FUNCIONAL,P0,ADR-048,ADR-036/ADR-046/ADR-039/ADR-048/ADR-049,EPIC-018/EPIC-034/EPIC-062,test_batch_auto_completion_nonblocking_review_queue,NONE,NONE,NO,NO,PASS
REQ-EPIC-070,FUNCIONAL,P0,ADR-048,ADR-051/ADR-018/ADR-036/ADR-046/ADR-039/ADR-047/ADR-048/ADR-027/ADR-041/ADR-050/ADR-053/ADR-026,EPIC-034/EPIC-037/EPIC-049,test_immutable_snapshots_current_view_historical_metrics,NONE,NONE,NO,NO,PASS
REQ-EPIC-076,FUNCIONAL,P0,ADR-034,ADR-018/ADR-028/ADR-034,EPIC-008/EPIC-078,test_secret_permissions_rotation_redaction_fail_closed,NONE,NONE,NO,NO,PASS
REQ-EPIC-088,FUNCIONAL,P1,DELIVERY_PLAN,ADR-051/ADR-046/ADR-039/ADR-044/ADR-053,EPIC-050/EPIC-088,test_experimental_lab_disabled_and_cannot_publish_accepted_artifactset,NONE,NONE,NO,NO,PASS
REQ-EST-001,FUNCIONAL,P0,ADR-044,ADR-046/ADR-044/ADR-048/ADR-041/ADR-049/ADR-050/ADR-053,EPIC-024/EPIC-051,test_usac_magsac_default_explicit_ransac_no_silent_switch,NONE,NONE,NO,NO,PASS
REQ-FRZ-001,GOVERNANCA,P0,GOVERNANCE,ADR-002/ADR-034/ADR-054/ADR-053/ADR-026,EPIC-001/EPIC-092,test_foundation_baseline_digest_controlled_change_and_adr_supersession,NONE,NONE,NO,NO,PASS
REQ-FRZ-002,GOVERNANCA,P0,GOVERNANCE,ADR-002/ADR-034/ADR-046/ADR-039/ADR-047/ADR-054/ADR-053/ADR-026,EPIC-005/EPIC-092,test_sprint_zero_authorization_and_functional_foundation_gate_blocking,NONE,NONE,NO,NO,PASS
REQ-FRZ-003,GOVERNANCA,P0,GOVERNANCE,ADR-002/ADR-034/ADR-054/ADR-053,EPIC-091/EPIC-092,test_issue_adr_decision_package_impact_boundary_and_no_silent_divergence,NONE,NONE,NO,NO,PASS
REQ-FRZ-004,GOVERNANCA,P0,GOVERNANCE,ADR-002/ADR-034/ADR-054/ADR-053/ADR-026,EPIC-001/EPIC-092,test_foundation_closure_evidence_set_and_material_reopening_criteria,NONE,NONE,NO,NO,PASS
REQ-FS-001,FUNCIONAL,P0,ADR-002,ADR-002/ADR-018/ADR-028/ADR-034/ADR-039/ADR-047/ADR-048/ADR-027/ADR-041/ADR-026,EPIC-012/EPIC-031/EPIC-041,test_directory_picker_path_traversal_symlink_escape,NONE,NONE,NO,NO,PASS
REQ-FS1-001,FUNCIONAL,P1,AP-009,ADR-051/ADR-002/ADR-018/ADR-036/ADR-034/ADR-046/ADR-039/ADR-044/ADR-047/ADR-048/ADR-027/ADR-054/ADR-041/ADR-049/ADR-050/ADR-053/ADR-026,EPIC-004/EPIC-005/EPIC-014/EPIC-020/EPIC-021/EPIC-022/EPIC-023/EPIC-024/EPIC-026/EPIC-031,test_first_functional_slice_decision_01,NONE,NONE,NO,NO,PASS
REQ-FS1-002,FUNCIONAL,P1,AP-009,ADR-051/ADR-002/ADR-018/ADR-036/ADR-034/ADR-046/ADR-039/ADR-044/ADR-047/ADR-048/ADR-027/ADR-054/ADR-041/ADR-049/ADR-050/ADR-053/ADR-026,EPIC-004/EPIC-005/EPIC-014/EPIC-020/EPIC-021/EPIC-022/EPIC-023/EPIC-024/EPIC-026/EPIC-031,test_first_functional_slice_decision_02,NONE,NONE,NO,NO,PASS
REQ-FS1-003,FUNCIONAL,P0,AP-009,ADR-051/ADR-002/ADR-018/ADR-036/ADR-034/ADR-046/ADR-039/ADR-044/ADR-047/ADR-048/ADR-027/ADR-054/ADR-041/ADR-049/ADR-050/ADR-053/ADR-026,EPIC-004/EPIC-005/EPIC-014/EPIC-020/EPIC-021/EPIC-022/EPIC-023/EPIC-024/EPIC-026/EPIC-031,test_first_functional_slice_decision_03,NONE,NONE,NO,NO,PASS
REQ-FS1-004,FUNCIONAL,P1,AP-009,ADR-051/ADR-002/ADR-018/ADR-036/ADR-034/ADR-046/ADR-039/ADR-044/ADR-047/ADR-048/ADR-027/ADR-054/ADR-041/ADR-049/ADR-050/ADR-053/ADR-026,EPIC-004/EPIC-005/EPIC-014/EPIC-020/EPIC-021/EPIC-022/EPIC-023/EPIC-024/EPIC-026/EPIC-031,test_first_functional_slice_decision_04,NONE,NONE,NO,NO,PASS
REQ-FS1-005,FUNCIONAL,P1,AP-009,ADR-051/ADR-002/ADR-018/ADR-036/ADR-034/ADR-046/ADR-039/ADR-044/ADR-047/ADR-048/ADR-027/ADR-054/ADR-041/ADR-049/ADR-050/ADR-053/ADR-026,EPIC-004/EPIC-005/EPIC-014/EPIC-020/EPIC-021/EPIC-022/EPIC-023/EPIC-024/EPIC-026/EPIC-031,test_first_functional_slice_decision_05,NONE,NONE,NO,NO,PASS
REQ-FS1-006,FUNCIONAL,P1,AP-009,ADR-051/ADR-002/ADR-018/ADR-036/ADR-034/ADR-046/ADR-039/ADR-044/ADR-047/ADR-048/ADR-027/ADR-054/ADR-041/ADR-049/ADR-050/ADR-053/ADR-026,EPIC-004/EPIC-005/EPIC-014/EPIC-020/EPIC-021/EPIC-022/EPIC-023/EPIC-024/EPIC-026/EPIC-031,test_first_functional_slice_decision_06,NONE,NONE,NO,NO,PASS
REQ-FS1-007,FUNCIONAL,P0,AP-009,ADR-051/ADR-002/ADR-018/ADR-036/ADR-034/ADR-046/ADR-039/ADR-044/ADR-047/ADR-048/ADR-027/ADR-054/ADR-041/ADR-049/ADR-050/ADR-053/ADR-026,EPIC-004/EPIC-005/EPIC-014/EPIC-020/EPIC-021/EPIC-022/EPIC-023/EPIC-024/EPIC-026/EPIC-031,test_first_functional_slice_decision_07,NONE,NONE,NO,NO,PASS
REQ-FS1-008,FUNCIONAL,P0,AP-009,ADR-051/ADR-002/ADR-018/ADR-036/ADR-034/ADR-046/ADR-039/ADR-044/ADR-047/ADR-048/ADR-027/ADR-054/ADR-041/ADR-049/ADR-050/ADR-053/ADR-026,EPIC-004/EPIC-005/EPIC-014/EPIC-020/EPIC-021/EPIC-022/EPIC-023/EPIC-024/EPIC-026/EPIC-031,test_first_functional_slice_decision_08,NONE,NONE,NO,NO,PASS
REQ-FS1-009,FUNCIONAL,P1,AP-009,ADR-051/ADR-002/ADR-018/ADR-036/ADR-034/ADR-046/ADR-039/ADR-044/ADR-047/ADR-048/ADR-027/ADR-054/ADR-041/ADR-049/ADR-050/ADR-053/ADR-026,EPIC-004/EPIC-005/EPIC-014/EPIC-020/EPIC-021/EPIC-022/EPIC-023/EPIC-024/EPIC-026/EPIC-031,test_first_functional_slice_decision_09,NONE,NONE,NO,NO,PASS
REQ-FS1-010,FUNCIONAL,P1,AP-009,ADR-051/ADR-002/ADR-018/ADR-036/ADR-034/ADR-046/ADR-039/ADR-044/ADR-047/ADR-048/ADR-027/ADR-054/ADR-041/ADR-049/ADR-050/ADR-053/ADR-026,EPIC-004/EPIC-005/EPIC-014/EPIC-020/EPIC-021/EPIC-022/EPIC-023/EPIC-024/EPIC-026/EPIC-031,test_first_functional_slice_decision_10,NONE,NONE,NO,NO,PASS
REQ-GC-001,NAO_FUNCIONAL,P0,ADR-027,ADR-039/ADR-027,EPIC-073/EPIC-074,test_reference_aware_gc_tombstone_quarantine_race_idempotency,NONE,NONE,NO,NO,PASS
REQ-GCP-001,FUNCIONAL,P0,ADR-044,ADR-046/ADR-044/ADR-048/ADR-041/ADR-049/ADR-050/ADR-053,EPIC-024/EPIC-052,test_spatial_gcp_balance_discard_reasons_conditioning,NONE,NONE,NO,NO,PASS
REQ-GCP-002,FUNCIONAL,P0,ADR-048,ADR-018/ADR-046/ADR-039/ADR-048/ADR-041/ADR-050/ADR-053/ADR-026,EPIC-037/EPIC-063,test_gcp_lifecycle_roundtrip_exports_provenance,NONE,NONE,NO,NO,PASS
REQ-GOV-001,GOVERNANCA,P1,GITHUB_OPERATING_MODEL,ADR-002/ADR-044/ADR-041,EPIC-002,test_single_project_views_fields_and_no_duplicate_backlog,NONE,NONE,NO,NO,PASS
REQ-GOV-002,GOVERNANCA,P0,GITHUB_OPERATING_MODEL,ADR-002/ADR-044/ADR-054/ADR-041,EPIC-002/EPIC-090,test_issue_form_required_acceptance_risk_test_rollback_fields,NONE,NONE,NO,NO,PASS
REQ-GOV-003,GOVERNANCA,P1,GITHUB_OPERATING_MODEL,ADR-002/ADR-044/ADR-041,EPIC-002,test_iteration_wip_limits_and_incomplete_item_history,NONE,NONE,NO,NO,PASS
REQ-GOV-004,GOVERNANCA,P0,GITHUB_OPERATING_MODEL,ADR-002/ADR-034/ADR-046/ADR-039/ADR-047/ADR-054/ADR-053/ADR-026,EPIC-005/EPIC-091,test_codex_issue_scope_required_pr_no_direct_main_or_automerge,NONE,NONE,NO,NO,PASS
REQ-GOV-005,GOVERNANCA,P0,AP-008,ADR-002/ADR-034/ADR-054/ADR-053,EPIC-092,test_sprint_zero_gate_evidence_driven_no_calendar_pass,NONE,NONE,NO,NO,PASS
REQ-GOV-ADR-002,GOVERNANCA,P0,ADR_CLASSIFICATION_POLICY,ADR-002/ADR-044/ADR-054/ADR-041/ADR-053/ADR-026,EPIC-001/EPIC-002,test_adr_governance_overlap,NONE,NONE,NO,NO,PASS
REQ-GOV-ADR-003,GOVERNANCA,P0,ADR_CLASSIFICATION_POLICY,ADR-002/ADR-044/ADR-054/ADR-041/ADR-053/ADR-026,EPIC-001/EPIC-002,test_adr_governance_overlap,NONE,NONE,NO,NO,PASS
REQ-GOV-ADR-018,GOVERNANCA,P1,ADR_CLASSIFICATION_POLICY,ADR-002/ADR-044/ADR-054/ADR-041/ADR-053/ADR-026,EPIC-001/EPIC-002,test_adr_governance_overlap,NONE,NONE,NO,NO,PASS
REQ-GOV-DEC-001,GOVERNANCA,P1,PRODUCT_BASELINE,ADR-002/ADR-054/ADR-053/ADR-026,EPIC-001,test_req_gov_dec_001,NONE,NONE,NO,NO,PASS
REQ-GOV-DEC-002,GOVERNANCA,P1,PRODUCT_BASELINE,ADR-002/ADR-054/ADR-053/ADR-026,EPIC-001,test_req_gov_dec_002,NONE,NONE,NO,NO,PASS
REQ-HOM-001,FUNCIONAL,P0,ADR-044,ADR-046/ADR-044/ADR-048/ADR-041/ADR-049/ADR-050/ADR-053,EPIC-023/EPIC-024,test_projective_homography_only_no_hidden_fallback,NONE,NONE,NO,NO,PASS
REQ-HW-001,NAO_FUNCIONAL,P0,ADR-051,ADR-051/ADR-028/ADR-039/ADR-053,EPIC-010/EPIC-082,test_cpu_baseline_gpu_optional_no_silent_fallback,NONE,NONE,NO,NO,PASS
REQ-ID-001,FUNCIONAL,P0,ADR-028,ADR-018/ADR-028/ADR-034,EPIC-008,test_network_authentication_local_oidc,NONE,NONE,NO,NO,PASS
REQ-ID-002,FUNCIONAL,P0,ADR-028,ADR-018/ADR-028/ADR-034,EPIC-008/EPIC-009,test_bootstrap_session_token_recovery,NONE,NONE,NO,NO,PASS
REQ-INS-001,FUNCIONAL,P0,ADR-034,ADR-034/ADR-054/ADR-026,EPIC-081/EPIC-108,test_declarative_installation_plan_preflight_idempotent_resume_and_partial_state_diagnostics,NONE,NONE,NO,NO,PASS
REQ-INS-002,FUNCIONAL,P0,ADR-034,ADR-018/ADR-028/ADR-034/ADR-039/ADR-054,EPIC-008/EPIC-076/EPIC-108,test_one_time_bootstrap_no_default_credentials_secret_generation_expiry_and_recovery,NONE,NONE,NO,NO,PASS
REQ-INS-003,FUNCIONAL,P0,ADR-034,ADR-034/ADR-046/ADR-039/ADR-047/ADR-054/ADR-053/ADR-026,EPIC-005/EPIC-108,test_installation_evidence_set_synthetic_canary_offline_readiness_and_failure_codes,NONE,NONE,NO,NO,PASS
REQ-INS-004,FUNCIONAL,P1,ADR-054,ADR-051/ADR-034/ADR-039/ADR-054/ADR-050/ADR-026,EPIC-075/EPIC-080/EPIC-108,test_sanitized_local_support_bundle_no_exfiltration_and_repair_dry_run,NONE,NONE,NO,NO,PASS
REQ-ISM-001,GOVERNANCA,P1,GITHUB_OPERATING_MODEL,ADR-002/ADR-044/ADR-054/ADR-041/ADR-053/ADR-026,EPIC-002/EPIC-110,test_canonical_domain_taxonomy_primary_and_affected_domains,NONE,NONE,NO,NO,PASS
REQ-ISM-002,GOVERNANCA,P1,GITHUB_OPERATING_MODEL,ADR-002/ADR-054/ADR-053/ADR-026,EPIC-110,test_work_package_epics_outcome_evidence_and_closure,NONE,NONE,NO,NO,PASS
REQ-ISM-003,GOVERNANCA,P1,GITHUB_OPERATING_MODEL,ADR-002/ADR-018/ADR-036/ADR-034/ADR-054/ADR-053/ADR-026,EPIC-086/EPIC-110,test_thin_vertical_integrable_slices_and_pr_sequence,NONE,NONE,NO,NO,PASS
REQ-ISM-004,GOVERNANCA,P1,GITHUB_OPERATING_MODEL,ADR-002/ADR-054/ADR-053/ADR-026,EPIC-001/EPIC-110,test_versioned_issue_portfolio_catalog_github_reconciliation,NONE,NONE,NO,NO,PASS
REQ-ISM-005,GOVERNANCA,P1,GITHUB_OPERATING_MODEL,ADR-002/ADR-054/ADR-053/ADR-026,EPIC-110,test_stable_portfolio_ids_independent_github_numbers_titles,NONE,NONE,NO,NO,PASS
REQ-ISM-006,GOVERNANCA,P1,PRODUCT_BASELINE,ADR-002/ADR-044/ADR-041,EPIC-002,test_req_ism_006,NONE,NONE,NO,NO,PASS
REQ-ISM-007,GOVERNANCA,P1,PRODUCT_BASELINE,ADR-002/ADR-054/ADR-053/ADR-026,EPIC-110,test_req_ism_007,NONE,NONE,NO,NO,PASS
REQ-ISM-008,GOVERNANCA,P1,GITHUB_OPERATING_MODEL,ADR-002/ADR-044/ADR-054/ADR-041/ADR-053/ADR-026,EPIC-002/EPIC-110,test_single_primary_cross_domain_issue_contracts,NONE,NONE,NO,NO,PASS
REQ-ISM-009,GOVERNANCA,P1,PRODUCT_BASELINE,ADR-002/ADR-054/ADR-053/ADR-026,EPIC-110,test_req_ism_009,NONE,NONE,NO,NO,PASS
REQ-ISM-010,GOVERNANCA,P1,GITHUB_OPERATING_MODEL,ADR-002/ADR-054/ADR-053/ADR-026,EPIC-001/EPIC-110,test_portfolio_snapshot_tombstone_approved_delta,NONE,NONE,NO,NO,PASS
REQ-ISS-001,GOVERNANCA,P0,GITHUB_OPERATING_MODEL,ADR-002/ADR-044/ADR-054/ADR-041/ADR-053/ADR-026,EPIC-002/EPIC-110,test_all_work_packages_have_parent_issue_and_slice_skeleton,NONE,NONE,NO,NO,PASS
REQ-ISS-002,GOVERNANCA,P1,GITHUB_OPERATING_MODEL,ADR-002/ADR-054/ADR-053/ADR-026,EPIC-001/EPIC-110,test_issue_forecast_min_mode_max_confidence_and_snapshot_variance,NONE,NONE,NO,NO,PASS
REQ-ISS-003,GOVERNANCA,P0,GITHUB_OPERATING_MODEL,ADR-002/ADR-034/ADR-054/ADR-053/ADR-026,EPIC-091/EPIC-110,test_no_orphan_issue_without_adr_or_local_decision_justification,NONE,NONE,NO,NO,PASS
REQ-ISS-004,GOVERNANCA,P1,GITHUB_OPERATING_MODEL,ADR-002/ADR-044/ADR-054/ADR-041/ADR-053/ADR-026,EPIC-002/EPIC-110,test_complete_portfolio_skeleton_and_progressive_detailing_rules,NONE,NONE,NO,NO,PASS
REQ-ISS-006,GOVERNANCA,P1,GITHUB_OPERATING_MODEL,ADR-002/ADR-034/ADR-044/ADR-054/ADR-041,EPIC-002/EPIC-091,test_idempotent_dry_run_managed_field_issue_sync,NONE,NONE,NO,NO,PASS
REQ-ISS-007,GOVERNANCA,P1,GITHUB_OPERATING_MODEL,ADR-002/ADR-034/ADR-046/ADR-039/ADR-044/ADR-047/ADR-054/ADR-041/ADR-053/ADR-026,EPIC-002/EPIC-005,test_acceptance_evidence_derivation_and_contract_change_review,NONE,NONE,NO,NO,PASS
REQ-ISS-009,GOVERNANCA,P1,GITHUB_OPERATING_MODEL,ADR-002/ADR-044/ADR-041,EPIC-002,test_bounded_research_spike_exit_decision,NONE,NONE,NO,NO,PASS
REQ-LOG-001,FUNCIONAL,P0,ADR-054,ADR-002/ADR-018/ADR-036/ADR-034/ADR-039/ADR-054,EPIC-039/EPIC-076,test_log_redaction_and_support_bundle_fail_closed,NONE,NONE,NO,NO,PASS
REQ-MAT-001,FUNCIONAL,P0,ADR-044,ADR-039/ADR-044/ADR-049,EPIC-019/EPIC-047,test_pyramid_tile_coordinate_roundtrip_refinement,NONE,NONE,NO,NO,PASS
REQ-MCH-001,FUNCIONAL,P0,ADR-044,ADR-051/ADR-039/ADR-044/ADR-053,EPIC-023/EPIC-050,test_hybrid_matcher_escalation_provenance_no_ai_installation,NONE,NONE,NO,NO,PASS
REQ-MET-001,NAO_FUNCIONAL,P1,ADR-054,ADR-002/ADR-018/ADR-036/ADR-054,EPIC-039/EPIC-077,test_metric_cardinality_budget_and_signal_retention,NONE,NONE,NO,NO,PASS
REQ-MOS-001,FUNCIONAL,P1,ADR-049,ADR-036/ADR-039/ADR-048/ADR-049/ADR-050,EPIC-018/EPIC-098,test_relative_mosaic_is_optional_post_batch_and_non_blocking,NONE,NONE,NO,NO,PASS
REQ-MOS-002,FUNCIONAL,P1,ADR-049,ADR-044/ADR-049/ADR-050,EPIC-055/EPIC-098,test_budgeted_neighbor_graph_disconnected_components_and_singletons,NONE,NONE,NO,NO,PASS
REQ-MOS-003,FUNCIONAL,P0,ADR-049,ADR-046/ADR-044/ADR-048/ADR-041/ADR-049/ADR-050/ADR-053,EPIC-024/EPIC-098,test_global_relative_alignment_cycle_drift_foldover_and_weak_bridge_split,NONE,NONE,NO,NO,PASS
REQ-MOS-004,FUNCIONAL,P0,ADR-049,ADR-039/ADR-044/ADR-049/ADR-050,EPIC-019/EPIC-098,test_out_of_core_pair_tile_rendering_ram_disk_quotas_and_resume,NONE,NONE,NO,NO,PASS
REQ-MOS-005,FUNCIONAL,P0,ADR-049,ADR-046/ADR-044/ADR-048/ADR-041/ADR-049/ADR-050/ADR-053,EPIC-024/EPIC-098,test_leave_one_out_non_circular_reference_and_independent_sgv,NONE,NONE,NO,NO,PASS
REQ-MOS-006,FUNCIONAL,P0,ADR-049,ADR-041/ADR-049/ADR-050,EPIC-095/EPIC-098,test_overlap_source_stack_seamline_analytical_preview_blend_and_provenance,NONE,NONE,NO,NO,PASS
REQ-MSK-001,FUNCIONAL,P0,ADR-041,ADR-046/ADR-044/ADR-048/ADR-041/ADR-049/ADR-050/ADR-053,EPIC-024/EPIC-045,test_near_black_white_border_excluded_without_crop,NONE,NONE,NO,NO,PASS
REQ-MSK-002,FUNCIONAL,P0,ADR-041,ADR-018/ADR-046/ADR-039/ADR-044/ADR-048/ADR-041/ADR-050/ADR-053/ADR-026,EPIC-037/EPIC-045,test_marginal_metadata_pixels_preserved_and_classified,NONE,NONE,NO,NO,PASS
REQ-MSK-003,FUNCIONAL,P0,ADR-044,ADR-002/ADR-044/ADR-041/ADR-049/ADR-050,EPIC-032/EPIC-045,test_adaptive_mask_preview_correction_versioning,NONE,NONE,NO,NO,PASS
REQ-MTD-001,FUNCIONAL,P1,ADR-044,ADR-002/ADR-044/ADR-049/ADR-050,EPIC-032/EPIC-048,test_optional_metadata_extraction_no_geometry_side_effect,NONE,NONE,NO,NO,PASS
REQ-NATIVE-001,FUNCIONAL,P1,ADR-041,ADR-051/ADR-002/ADR-018/ADR-046/ADR-044/ADR-047/ADR-027/ADR-041,EPIC-002/EPIC-021/EPIC-022/EPIC-026,test_req_native_001,NONE,NONE,NO,NO,PASS
REQ-NATIVE-002,FUNCIONAL,P1,ADR-041,ADR-051/ADR-002/ADR-018/ADR-046/ADR-044/ADR-047/ADR-027/ADR-041,EPIC-002/EPIC-021/EPIC-022/EPIC-026,test_req_native_002,NONE,NONE,NO,NO,PASS
REQ-NATIVE-003,FUNCIONAL,P1,ADR-041,ADR-051/ADR-002/ADR-018/ADR-046/ADR-044/ADR-047/ADR-027/ADR-041,EPIC-002/EPIC-021/EPIC-022/EPIC-026,test_req_native_003,NONE,NONE,NO,NO,PASS
REQ-NATIVE-004,FUNCIONAL,P1,ADR-041,ADR-051/ADR-002/ADR-018/ADR-046/ADR-044/ADR-047/ADR-027/ADR-041,EPIC-002/EPIC-021/EPIC-022/EPIC-026,test_req_native_004,NONE,NONE,NO,NO,PASS
REQ-NATIVE-005,FUNCIONAL,P1,ADR-044,ADR-051/ADR-002/ADR-018/ADR-046/ADR-044/ADR-047/ADR-027/ADR-041,EPIC-002/EPIC-021/EPIC-022/EPIC-026,test_req_native_005,NONE,NONE,NO,NO,PASS
REQ-NATIVE-006,FUNCIONAL,P1,ADR-044,ADR-051/ADR-002/ADR-018/ADR-046/ADR-044/ADR-047/ADR-027/ADR-041,EPIC-002/EPIC-021/EPIC-022/EPIC-026,test_req_native_006,NONE,NONE,NO,NO,PASS
REQ-NATIVE-007,FUNCIONAL,P1,ADR-044,ADR-051/ADR-002/ADR-018/ADR-046/ADR-044/ADR-047/ADR-027/ADR-041,EPIC-002/EPIC-021/EPIC-022/EPIC-026,test_req_native_007,NONE,NONE,NO,NO,PASS
REQ-NATIVE-008,FUNCIONAL,P1,ADR-041,ADR-051/ADR-002/ADR-018/ADR-046/ADR-044/ADR-047/ADR-027/ADR-041,EPIC-002/EPIC-021/EPIC-022/EPIC-026,test_req_native_008,NONE,NONE,NO,NO,PASS
REQ-NATIVE-009,FUNCIONAL,P1,ADR-041,ADR-051/ADR-002/ADR-018/ADR-046/ADR-044/ADR-047/ADR-027/ADR-041,EPIC-002/EPIC-021/EPIC-022/EPIC-026,test_req_native_009,NONE,NONE,NO,NO,PASS
REQ-NATIVE-010,FUNCIONAL,P1,ADR-041,ADR-051/ADR-002/ADR-018/ADR-046/ADR-044/ADR-047/ADR-027/ADR-041,EPIC-002/EPIC-021/EPIC-022/EPIC-026,test_req_native_010,NONE,NONE,NO,NO,PASS
REQ-NET-001,FUNCIONAL,P0,ADR-034,ADR-002/ADR-018/ADR-028/ADR-034/ADR-047,EPIC-041/EPIC-079,test_single_ingress_tls_private_service_ports,NONE,NONE,NO,NO,PASS
REQ-NFR-001,NAO_FUNCIONAL,P1,PRODUCT_BASELINE,ADR-039/ADR-041/ADR-050,EPIC-040,test_req_nfr_001,NONE,NONE,NO,NO,PASS
REQ-OBS-001,NAO_FUNCIONAL,P1,ADR-054,ADR-002/ADR-018/ADR-036/ADR-054,EPIC-039,telemetry_contract,NONE,NONE,NO,NO,PASS
REQ-OBS-002,NAO_FUNCIONAL,P1,ADR-054,ADR-002/ADR-018/ADR-036/ADR-034/ADR-046/ADR-039/ADR-047/ADR-054/ADR-053/ADR-026,EPIC-005/EPIC-039,test_opentelemetry_context_propagation_exporter_outage,NONE,NONE,NO,NO,PASS
REQ-OFF-001,NAO_FUNCIONAL,P0,ADR-051,ADR-051/ADR-047/ADR-041/ADR-049,EPIC-058/EPIC-083,test_offline_zero_egress_restricted_allowlist_connected_audit,NONE,NONE,NO,NO,PASS
REQ-OSS-001,GOVERNANCA,P0,GOVERNANCE,ADR-034/ADR-047/ADR-054,EPIC-007/EPIC-042,license_and_dependency_inventory,NONE,NONE,NO,NO,PASS
REQ-OUT-001,FUNCIONAL,P0,ADR-041,ADR-018/ADR-039/ADR-041/ADR-050,EPIC-040/EPIC-044,test_native_resolution_policy_resampling_ratio,NONE,NONE,NO,NO,PASS
REQ-PLN-001,FUNCIONAL,P1,DELIVERY_PLAN,ADR-002/ADR-044/ADR-054/ADR-041/ADR-053/ADR-026,EPIC-002/EPIC-110,test_roadmap_horizons_outcomes_gates_and_date_exception,NONE,NONE,NO,NO,PASS
REQ-PLN-002,FUNCIONAL,P1,DELIVERY_PLAN,ADR-002/ADR-044/ADR-054/ADR-041/ADR-053/ADR-026,EPIC-002/EPIC-110,test_layered_milestones_gate_release_mapping,NONE,NONE,NO,NO,PASS
REQ-PLN-003,FUNCIONAL,P1,DELIVERY_PLAN,ADR-002/ADR-044/ADR-054/ADR-041/ADR-053/ADR-026,EPIC-002/EPIC-110,test_sequence_gates_dependencies_priority_override_audit,NONE,NONE,NO,NO,PASS
REQ-PLN-004,FUNCIONAL,P1,DELIVERY_PLAN,ADR-002/ADR-044/ADR-054/ADR-041/ADR-053/ADR-026,EPIC-002/EPIC-110,test_critical_enablers_uncertain_dependencies_and_risk_buffers,NONE,NONE,NO,NO,PASS
REQ-PLN-005,NAO_FUNCIONAL,P0,DELIVERY_PLAN,ADR-002/ADR-044/ADR-054/ADR-041/ADR-053/ADR-026,EPIC-002/EPIC-110,test_wip_class_limits_global_cap_and_emergency_reserve,NONE,NONE,NO,NO,PASS
REQ-PLN-006,NAO_FUNCIONAL,P1,DELIVERY_PLAN,ADR-002/ADR-044/ADR-054/ADR-041/ADR-053/ADR-026,EPIC-002/EPIC-110,test_capacity_ranges_availability_throughput_and_no_deadline_conversion,NONE,NONE,NO,NO,PASS
REQ-PLN-007,FUNCIONAL,P1,DELIVERY_PLAN,ADR-002/ADR-044/ADR-054/ADR-041/ADR-053/ADR-026,EPIC-002/EPIC-110,test_pull_iteration_objective_and_carryover_reason_classification,NONE,NONE,NO,NO,PASS
REQ-PLN-008,FUNCIONAL,P1,DELIVERY_PLAN,ADR-002/ADR-044/ADR-054/ADR-041/ADR-053/ADR-026,EPIC-002/EPIC-110,test_accountable_owner_collaborator_reviewer_and_gate_approver,NONE,NONE,NO,NO,PASS
REQ-PLN-009,FUNCIONAL,P1,DELIVERY_PLAN,ADR-002/ADR-044/ADR-054/ADR-041/ADR-053/ADR-026,EPIC-002/EPIC-110,test_cross_domain_contract_checkpoint_and_walking_skeleton_integration,NONE,NONE,NO,NO,PASS
REQ-PLN-010,FUNCIONAL,P1,DELIVERY_PLAN,ADR-002/ADR-044/ADR-054/ADR-041/ADR-053/ADR-026,EPIC-002/EPIC-110,test_versioned_reforecast_snapshot_variance_classification_and_delta_report,NONE,NONE,NO,NO,PASS
REQ-PRJ-001,FUNCIONAL,P0,GITHUB_OPERATING_MODEL,ADR-002/ADR-044/ADR-054/ADR-041/ADR-053/ADR-026,EPIC-002/EPIC-110,test_issue_type_forms,NONE,NONE,NO,NO,PASS
REQ-PRJ-002,FUNCIONAL,P0,GITHUB_OPERATING_MODEL,ADR-002/ADR-044/ADR-054/ADR-041/ADR-053/ADR-026,EPIC-002/EPIC-110,test_mandatory_core_type_fields,NONE,NONE,NO,NO,PASS
REQ-PRJ-003,FUNCIONAL,P1,GITHUB_OPERATING_MODEL,ADR-002/ADR-044/ADR-054/ADR-041/ADR-053/ADR-026,EPIC-002/EPIC-110,test_single_parent_limited_hierarchy,NONE,NONE,NO,NO,PASS
REQ-PRJ-004,FUNCIONAL,P0,GITHUB_OPERATING_MODEL,ADR-002/ADR-044/ADR-054/ADR-041/ADR-053/ADR-026,EPIC-002/EPIC-110,test_canonical_workflow_transitions,NONE,NONE,NO,NO,PASS
REQ-PRJ-005,FUNCIONAL,P0,GITHUB_OPERATING_MODEL,ADR-002/ADR-044/ADR-054/ADR-041/ADR-053/ADR-026,EPIC-002/EPIC-110,test_definition_of_ready_gate,NONE,NONE,NO,NO,PASS
REQ-PRJ-006,FUNCIONAL,P0,GITHUB_OPERATING_MODEL,ADR-002/ADR-044/ADR-054/ADR-041/ADR-053/ADR-026,EPIC-002/EPIC-110,test_evidence_based_definition_of_done,NONE,NONE,NO,NO,PASS
REQ-PRJ-007,FUNCIONAL,P1,GITHUB_OPERATING_MODEL,ADR-002/ADR-044/ADR-054/ADR-041/ADR-053/ADR-026,EPIC-002/EPIC-110,test_typed_dependency_cycle_detection,NONE,NONE,NO,NO,PASS
REQ-PRJ-008,FUNCIONAL,P1,GITHUB_OPERATING_MODEL,ADR-002/ADR-044/ADR-054/ADR-041/ADR-053/ADR-026,EPIC-002/EPIC-110,test_derived_priority_dimensions,NONE,NONE,NO,NO,PASS
REQ-PRJ-009,FUNCIONAL,P1,GITHUB_OPERATING_MODEL,ADR-002/ADR-044/ADR-054/ADR-041/ADR-053/ADR-026,EPIC-002/EPIC-110,test_relative_size_uncertainty_split,NONE,NONE,NO,NO,PASS
REQ-PRJ-010,FUNCIONAL,P0,GITHUB_OPERATING_MODEL,ADR-002/ADR-044/ADR-054/ADR-041/ADR-053/ADR-026,EPIC-002/EPIC-110,test_guarded_project_automation,NONE,NONE,NO,NO,PASS
REQ-PRM-001,FUNCIONAL,P1,GITHUB_OPERATING_MODEL,ADR-002/ADR-044/ADR-054/ADR-041/ADR-053/ADR-026,EPIC-002/EPIC-110,test_portfolio_materialization_decision_01,NONE,NONE,NO,NO,PASS
REQ-PRM-002,FUNCIONAL,P1,GITHUB_OPERATING_MODEL,ADR-002/ADR-044/ADR-054/ADR-041/ADR-053/ADR-026,EPIC-002/EPIC-110,test_portfolio_materialization_decision_02,NONE,NONE,NO,NO,PASS
REQ-PRM-003,FUNCIONAL,P1,GITHUB_OPERATING_MODEL,ADR-002/ADR-044/ADR-054/ADR-041/ADR-053/ADR-026,EPIC-002/EPIC-110,test_portfolio_materialization_decision_03,NONE,NONE,NO,NO,PASS
REQ-PRM-004,FUNCIONAL,P1,GITHUB_OPERATING_MODEL,ADR-002/ADR-044/ADR-054/ADR-041/ADR-053/ADR-026,EPIC-002/EPIC-110,test_portfolio_materialization_decision_04,NONE,NONE,NO,NO,PASS
REQ-PRM-005,FUNCIONAL,P1,GITHUB_OPERATING_MODEL,ADR-002/ADR-044/ADR-054/ADR-041/ADR-053/ADR-026,EPIC-002/EPIC-110,test_portfolio_materialization_decision_05,NONE,NONE,NO,NO,PASS
REQ-PRM-006,FUNCIONAL,P1,GITHUB_OPERATING_MODEL,ADR-002/ADR-044/ADR-054/ADR-041/ADR-053/ADR-026,EPIC-002/EPIC-110,test_portfolio_materialization_decision_06,NONE,NONE,NO,NO,PASS
REQ-PRM-007,FUNCIONAL,P1,GITHUB_OPERATING_MODEL,ADR-002/ADR-044/ADR-054/ADR-041/ADR-053/ADR-026,EPIC-002/EPIC-110,test_portfolio_materialization_decision_07,NONE,NONE,NO,NO,PASS
REQ-PRM-008,FUNCIONAL,P0,GITHUB_OPERATING_MODEL,ADR-002/ADR-044/ADR-054/ADR-041/ADR-053/ADR-026,EPIC-002/EPIC-110,test_portfolio_materialization_decision_08,NONE,NONE,NO,NO,PASS
REQ-PRM-009,FUNCIONAL,P1,GITHUB_OPERATING_MODEL,ADR-002/ADR-044/ADR-054/ADR-041/ADR-053/ADR-026,EPIC-002/EPIC-110,test_portfolio_materialization_decision_09,NONE,NONE,NO,NO,PASS
REQ-PRM-010,FUNCIONAL,P1,GITHUB_OPERATING_MODEL,ADR-002/ADR-044/ADR-054/ADR-041/ADR-053/ADR-026,EPIC-002/EPIC-110,test_portfolio_materialization_decision_10,NONE,NONE,NO,NO,PASS
REQ-PROV-001,FUNCIONAL,P0,ADR-018,ADR-051/ADR-018/ADR-036/ADR-046/ADR-039/ADR-047/ADR-048/ADR-027/ADR-041/ADR-050/ADR-053/ADR-026,EPIC-037/EPIC-049,test_manifest_lineage_reproduction_bundle,NONE,NONE,NO,NO,PASS
REQ-PRV-001,NAO_FUNCIONAL,P0,ADR-027,ADR-002/ADR-018/ADR-039/ADR-048/ADR-027/ADR-041/ADR-026,EPIC-012/EPIC-013,retention_deletion_restore,NONE,NONE,NO,NO,PASS
REQ-PUB-002,FUNCIONAL,P0,GOVERNANCE,ADR-002/ADR-034/ADR-047/ADR-054,EPIC-007/EPIC-091,test_contribution_origin_dco_signoff_and_inbound_outbound_policy,NONE,NONE,NO,NO,PASS
REQ-PUB-003,FUNCIONAL,P0,ADR-047,ADR-051/ADR-047/ADR-041/ADR-049,EPIC-058/EPIC-060/EPIC-061,test_provider_policy_manifest_asset_license_record_expiry_attribution_and_fail_closed_acquisition,NONE,NONE,NO,NO,PASS
REQ-PUB-004,FUNCIONAL,P1,CITATION_POLICY,ADR-034/ADR-047/ADR-054/ADR-053/ADR-026,EPIC-042/EPIC-089,test_citation_cff_codemeta_authors_notices_release_digest_and_doi_consistency,NONE,NONE,NO,NO,PASS
REQ-QUAL-001,FUNCIONAL,P0,ADR-046,ADR-046/ADR-044/ADR-048/ADR-041/ADR-049/ADR-050/ADR-053,EPIC-024,test_fail_closed_missing_metric_and_critical_gate_rejection,NONE,NONE,NO,NO,PASS
REQ-QUAL-002,FUNCIONAL,P0,ADR-046,ADR-018/ADR-046/ADR-039/ADR-044/ADR-048/ADR-041/ADR-049/ADR-050/ADR-053/ADR-026,EPIC-024/EPIC-037,test_quality_profile_metric_threshold_gate_lineage,NONE,NONE,NO,NO,PASS
REQ-QUAL-003,FUNCIONAL,P0,ADR-046,ADR-018/ADR-046/ADR-039/ADR-044/ADR-048/ADR-041/ADR-049/ADR-050/ADR-053/ADR-026,EPIC-024/EPIC-034/EPIC-037,test_input_output_deformation_profile_and_heatmap,NONE,NONE,NO,NO,PASS
REQ-QUAL-004,FUNCIONAL,P0,ADR-046,ADR-046/ADR-044/ADR-048/ADR-041/ADR-049/ADR-050/ADR-053,EPIC-024/EPIC-025,test_quality_profile_immutable_version_hash_calibration_clone,NONE,NONE,NO,NO,PASS
REQ-QUAL-005,FUNCIONAL,P0,ADR-046,ADR-046/ADR-039/ADR-048,EPIC-034/EPIC-038,test_deformation_summary_heatmap_dense_consistency,NONE,NONE,NO,NO,PASS
REQ-RAS-001,CONTRATO,P0,ADR-041,ADR-018/ADR-044/ADR-041,EPIC-044/EPIC-045/EPIC-093,test_nodata_alpha_coverage_analysis_mask_separation,NONE,NONE,NO,NO,PASS
REQ-RAS-002,CONTRATO,P1,ADR-041,ADR-018/ADR-041,EPIC-044/EPIC-097,test_output_grid_extent_alignment_pixel_anchor_and_no_half_pixel_shift,NONE,NONE,NO,NO,PASS
REQ-RAS-003,CONTRATO,P1,ADR-041,ADR-046/ADR-044/ADR-048/ADR-041/ADR-049/ADR-050/ADR-053,EPIC-024/EPIC-097,test_resolution_native_information_jacobian_limits_and_no_false_superresolution,NONE,NONE,NO,NO,PASS
REQ-RAS-004,CONTRATO,P1,ADR-041,ADR-041/ADR-049,EPIC-095/EPIC-097,test_resampling_kernel_by_band_content_scale_and_mask_integrity,NONE,NONE,NO,NO,PASS
REQ-RAS-005,CONTRATO,P1,ADR-041,ADR-051/ADR-018/ADR-041/ADR-049,EPIC-046/EPIC-097,test_cog_grid_metadata_overviews_validity_roundtrip_and_atomic_publication,NONE,NONE,NO,NO,PASS
REQ-REF-001,FUNCIONAL,P0,ADR-044,ADR-046/ADR-044/ADR-048/ADR-041/ADR-049/ADR-050/ADR-053,EPIC-024/EPIC-053,test_disjoint_components_no_forced_edge_per_image_sgv,NONE,NONE,NO,NO,PASS
REQ-REF-002,FUNCIONAL,P0,ADR-044,ADR-046/ADR-044/ADR-048/ADR-041/ADR-049/ADR-050/ADR-053,EPIC-024/EPIC-056,test_direct_edge_evidence_and_independent_dependent_sgv,NONE,NONE,NO,NO,PASS
REQ-RES-001,FUNCIONAL,P0,ADR-039,ADR-039/ADR-044/ADR-041/ADR-049/ADR-050,EPIC-019/EPIC-040,test_resource_governor_admission_pressure_adaptation,NONE,NONE,NO,NO,PASS
REQ-RET-001,NAO_FUNCIONAL,P0,ADR-027,ADR-051/ADR-018/ADR-036/ADR-039/ADR-047/ADR-048/ADR-027/ADR-050/ADR-053,EPIC-049/EPIC-073,test_retention_policy_protected_lineage_hold_dry_run,NONE,NONE,NO,NO,PASS
REQ-REV-003,FUNCIONAL,P0,ADR-048,ADR-051/ADR-018/ADR-036/ADR-046/ADR-044/ADR-047/ADR-048/ADR-027/ADR-041/ADR-049/ADR-050/ADR-053,EPIC-024/EPIC-049/EPIC-062,test_correctionset_new_attempt_full_sgv_immutable_history,NONE,NONE,NO,NO,PASS
REQ-REV-004,FUNCIONAL,P1,ADR-048,ADR-048,EPIC-062/EPIC-064,test_review_queue_explainable_priority_no_bulk_approval,NONE,NONE,NO,NO,PASS
REQ-RMQ-001,FUNCIONAL,P0,ADR-050,ADR-039/ADR-041/ADR-050,EPIC-040/EPIC-103,test_relative_mosaic_resource_preflight_budgets_admission_and_no_quality_relaxation,NONE,NONE,NO,NO,PASS
REQ-RMQ-002,NAO_FUNCIONAL,P0,ADR-050,ADR-051/ADR-018/ADR-036/ADR-047/ADR-048/ADR-027/ADR-050/ADR-053,EPIC-049/EPIC-103,test_persistence_classes_recomputability_lineage_retention_and_resume,NONE,NONE,NO,NO,PASS
REQ-RMQ-003,FUNCIONAL,P1,ADR-050,ADR-049/ADR-050,EPIC-098/EPIC-103,test_virtual_canonical_preview_and_on_demand_tiled_materialization,NONE,NONE,NO,NO,PASS
REQ-RMQ-004,FUNCIONAL,P0,ADR-050,ADR-039/ADR-054/ADR-050/ADR-026,EPIC-075/EPIC-103,test_quota_pinning_dependency_aware_eviction_dry_run_and_recompute_plan,NONE,NONE,NO,NO,PASS
REQ-RMR-001,FUNCIONAL,P1,ADR-050,ADR-018/ADR-046/ADR-039/ADR-048/ADR-041/ADR-050/ADR-053/ADR-026,EPIC-037/EPIC-102,test_relative_mosaic_report_snapshots_current_view_and_history,NONE,NONE,NO,NO,PASS
REQ-RMR-002,FUNCIONAL,P1,ADR-050,ADR-002/ADR-044/ADR-049/ADR-050,EPIC-032/EPIC-102,test_multiscale_graph_raster_source_heatmap_lod_and_incremental_loading,NONE,NONE,NO,NO,PASS
REQ-RMR-003,FUNCIONAL,P1,ADR-050,ADR-018/ADR-046/ADR-039/ADR-048/ADR-041/ADR-050/ADR-053/ADR-026,EPIC-037/EPIC-102,test_layered_summary_technical_visual_reproducibility_export_profiles,NONE,NONE,NO,NO,PASS
REQ-RMR-004,FUNCIONAL,P1,ADR-050,ADR-049/ADR-050,EPIC-098/EPIC-102,test_hierarchical_tile_region_provenance_and_dense_on_demand_limits,NONE,NONE,NO,NO,PASS
REQ-RMV-001,FUNCIONAL,P0,ADR-050,ADR-046/ADR-044/ADR-048/ADR-041/ADR-049/ADR-050/ADR-053,EPIC-024/EPIC-101,test_relative_mosaic_quality_profile_independent_hard_and_reviewable_gates,NONE,NONE,NO,NO,PASS
REQ-RMV-002,FUNCIONAL,P0,ADR-050,ADR-046/ADR-044/ADR-048/ADR-041/ADR-049/ADR-050/ADR-053,EPIC-024/EPIC-101,test_cycle_basis_budgeted_long_cycle_sampling_drift_percentiles_and_localization,NONE,NONE,NO,NO,PASS
REQ-RMV-003,FUNCIONAL,P0,ADR-050,ADR-044/ADR-050,EPIC-056/EPIC-101,test_bridge_articulation_leverage_removal_sensitivity_and_component_split,NONE,NONE,NO,NO,PASS
REQ-RMV-004,FUNCIONAL,P0,ADR-050,ADR-049/ADR-050,EPIC-099/EPIC-101,test_relative_component_promotion_lifecycle_and_no_image_acceptance_transfer,NONE,NONE,NO,NO,PASS
REQ-RUN-001,CONTRATO,P1,AP-002,ADR-051/ADR-002/ADR-018/ADR-034/ADR-039/ADR-044/ADR-048/ADR-027/ADR-041/ADR-026,EPIC-002/EPIC-004/EPIC-012/EPIC-031,test_req_run_001,NONE,NONE,NO,NO,PASS
REQ-RUN-002,CONTRATO,P1,AP-002,ADR-051/ADR-002/ADR-018/ADR-034/ADR-039/ADR-044/ADR-048/ADR-027/ADR-041/ADR-026,EPIC-002/EPIC-004/EPIC-012/EPIC-031,test_req_run_002,NONE,NONE,NO,NO,PASS
REQ-RUN-003,CONTRATO,P1,AP-002,ADR-051/ADR-002/ADR-018/ADR-034/ADR-039/ADR-044/ADR-048/ADR-027/ADR-041/ADR-026,EPIC-002/EPIC-004/EPIC-012/EPIC-031,test_req_run_003,NONE,NONE,NO,NO,PASS
REQ-RUN-004,CONTRATO,P0,AP-002,ADR-051/ADR-002/ADR-018/ADR-034/ADR-039/ADR-044/ADR-048/ADR-027/ADR-041/ADR-026,EPIC-002/EPIC-004/EPIC-012/EPIC-031,test_req_run_004,NONE,NONE,NO,NO,PASS
REQ-RUN-005,CONTRATO,P1,AP-002,ADR-051/ADR-002/ADR-018/ADR-034/ADR-039/ADR-044/ADR-048/ADR-027/ADR-041/ADR-026,EPIC-002/EPIC-004/EPIC-012/EPIC-031,test_req_run_005,NONE,NONE,NO,NO,PASS
REQ-RUN-006,CONTRATO,P1,AP-002,ADR-051/ADR-002/ADR-018/ADR-034/ADR-039/ADR-044/ADR-048/ADR-027/ADR-041/ADR-026,EPIC-002/EPIC-004/EPIC-012/EPIC-031,test_req_run_006,NONE,NONE,NO,NO,PASS
REQ-RUN-007,CONTRATO,P1,AP-002,ADR-051/ADR-002/ADR-018/ADR-034/ADR-039/ADR-044/ADR-048/ADR-027/ADR-041/ADR-026,EPIC-002/EPIC-004/EPIC-012/EPIC-031,test_req_run_007,NONE,NONE,NO,NO,PASS
REQ-RUN-008,CONTRATO,P1,AP-002,ADR-051/ADR-002/ADR-018/ADR-034/ADR-039/ADR-044/ADR-048/ADR-027/ADR-041/ADR-026,EPIC-002/EPIC-004/EPIC-012/EPIC-031,test_req_run_008,NONE,NONE,NO,NO,PASS
REQ-RUN-009,CONTRATO,P1,AP-002,ADR-051/ADR-002/ADR-018/ADR-034/ADR-039/ADR-044/ADR-048/ADR-027/ADR-041/ADR-026,EPIC-002/EPIC-004/EPIC-012/EPIC-031,test_req_run_009,NONE,NONE,NO,NO,PASS
REQ-RUN-010,CONTRATO,P0,AP-002,ADR-051/ADR-002/ADR-018/ADR-034/ADR-039/ADR-044/ADR-048/ADR-027/ADR-041/ADR-026,EPIC-002/EPIC-004/EPIC-012/EPIC-031,test_req_run_010,NONE,NONE,NO,NO,PASS
REQ-RUNTIME-001,CONTRATO,P1,ISSUE_CATALOG,ADR-051/ADR-002/ADR-018/ADR-034/ADR-044/ADR-041/ADR-026,EPIC-002/EPIC-004,test_runtime_decision_1,NONE,NONE,NO,NO,PASS
REQ-RUNTIME-002,CONTRATO,P1,ADR-002,ADR-051/ADR-002/ADR-018/ADR-036/ADR-034/ADR-044/ADR-041/ADR-026,EPIC-002/EPIC-004/EPIC-014,test_runtime_decision_2,NONE,NONE,NO,NO,PASS
REQ-RUNTIME-003,CONTRATO,P0,ADR-002,ADR-051/ADR-002/ADR-018/ADR-034/ADR-044/ADR-041/ADR-026,EPIC-004,test_runtime_decision_3,NONE,NONE,NO,NO,PASS
REQ-RUNTIME-004,CONTRATO,P1,ADR-034,ADR-051/ADR-002/ADR-018/ADR-034/ADR-044/ADR-041/ADR-026,EPIC-004/EPIC-078,test_runtime_decision_4,NONE,NONE,NO,NO,PASS
REQ-RUNTIME-005,CONTRATO,P1,ADR-018,ADR-002/ADR-018/ADR-039/ADR-048/ADR-027/ADR-041/ADR-026,EPIC-012/EPIC-013,test_runtime_decision_5,NONE,NONE,NO,NO,PASS
REQ-RUNTIME-006,CONTRATO,P1,ADR-002,ADR-051/ADR-002/ADR-018/ADR-028/ADR-034/ADR-044/ADR-054/ADR-041/ADR-026,EPIC-004/EPIC-011,test_runtime_decision_6,NONE,NONE,NO,NO,PASS
REQ-RUNTIME-007,CONTRATO,P1,ADR-002,ADR-051/ADR-002/ADR-018/ADR-028/ADR-034/ADR-044/ADR-054/ADR-041/ADR-026,EPIC-004/EPIC-011,test_runtime_decision_7,NONE,NONE,NO,NO,PASS
REQ-RUNTIME-008,CONTRATO,P1,ADR-002,ADR-051/ADR-002/ADR-018/ADR-034/ADR-044/ADR-041/ADR-026,EPIC-004/EPIC-031,test_runtime_decision_8,NONE,NONE,NO,NO,PASS
REQ-RUNTIME-009,NAO_FUNCIONAL,P1,ADR-054,ADR-002/ADR-018/ADR-036/ADR-034/ADR-039/ADR-054,EPIC-039/EPIC-076,test_runtime_decision_9,NONE,NONE,NO,NO,PASS
REQ-RUNTIME-010,CONTRATO,P1,ADR-002,ADR-002/ADR-018/ADR-028/ADR-036/ADR-054,EPIC-011/EPIC-039,test_runtime_decision_10,NONE,NONE,NO,NO,PASS
REQ-SCH-001,FUNCIONAL,P0,ADR-039,ADR-039/ADR-044/ADR-049,EPIC-019/EPIC-068,test_class_aware_weighted_fair_scheduler_aging_and_no_starvation,NONE,NONE,NO,NO,PASS
REQ-SCH-002,FUNCIONAL,P0,ADR-039,ADR-036/ADR-039/ADR-048/ADR-049,EPIC-018/EPIC-068,test_hierarchical_dag_chunk_limits_backpressure_leases_and_safe_boundaries,NONE,NONE,NO,NO,PASS
REQ-SCH-003,FUNCIONAL,P0,ADR-039,ADR-051/ADR-039/ADR-044/ADR-053,EPIC-050/EPIC-068/EPIC-082,test_device_aware_gpu_leases_vram_budgets_model_residency_and_explicit_fallback,NONE,NONE,NO,NO,PASS
REQ-SCH-004,FUNCIONAL,P0,ADR-039,ADR-039/ADR-041/ADR-050,EPIC-040/EPIC-068,test_policy_quotas_reservations_circuit_breakers_containment_and_effective_priority_audit,NONE,NONE,NO,NO,PASS
REQ-SCL-001,FUNCIONAL,P0,ADR-039,ADR-036/ADR-039/ADR-044/ADR-048/ADR-041/ADR-049/ADR-050,EPIC-018/EPIC-019/EPIC-040,test_batches_40_100_300_memory_checkpoint_backpressure,NONE,NONE,NO,NO,PASS
REQ-SCL-002,FUNCIONAL,P0,ADR-048;ADR-039,ADR-018/ADR-046/ADR-039/ADR-048/ADR-041/ADR-050/ADR-053/ADR-026,EPIC-034/EPIC-037,test_server_pagination_filter_stream_export,NONE,NONE,NO,NO,PASS
REQ-SCM-001,FUNCIONAL,P0,ADR-026,ADR-051/ADR-002/ADR-018/ADR-034/ADR-044/ADR-041/ADR-026,EPIC-004/EPIC-105,test_versioned_schema_registry_reader_writer_compatibility_window_and_unknown_major_rejection,NONE,NONE,NO,NO,PASS
REQ-SCM-002,FUNCIONAL,P0,ADR-026,ADR-002/ADR-018/ADR-039/ADR-048/ADR-027/ADR-041/ADR-026,EPIC-012/EPIC-106,test_expand_migrate_contract_chunked_backfill_resume_invariants_and_irreversibility,NONE,NONE,NO,NO,PASS
REQ-SCM-003,FUNCIONAL,P0,ADR-026,ADR-018/ADR-046/ADR-039/ADR-048/ADR-041/ADR-050/ADR-053/ADR-026,EPIC-037/EPIC-105,test_immutable_artifact_read_adapters_lineage_preserving_rematerialization_and_supersession,NONE,NONE,NO,NO,PASS
REQ-SCM-004,NAO_FUNCIONAL,P0,ADR-026,ADR-027/ADR-026,EPIC-071/EPIC-072/EPIC-106,test_upgrade_rollback_compatibility_matrix_downgrade_blockers_forward_fix_and_restore,NONE,NONE,NO,NO,PASS
REQ-SCP-001,FUNCIONAL,P0,ADR-047,ADR-046/ADR-044/ADR-047/ADR-041/ADR-053,EPIC-021/EPIC-028,test_cross_decade_corpus_and_no_temporal_hardcode,NONE,NONE,NO,NO,PASS
REQ-SDR-001,FUNCIONAL,P1,ADR-053,ADR-051/ADR-046/ADR-039/ADR-044/ADR-047/ADR-053,EPIC-023/EPIC-028/EPIC-050,test_hierarchical_seeds_rng_inventory_stable_ordering_and_checkpoint_compatibility,NONE,NONE,NO,NO,PASS
REQ-SDR-002,FUNCIONAL,P1,ADR-053,ADR-051/ADR-046/ADR-039/ADR-044/ADR-047/ADR-048/ADR-041/ADR-049/ADR-050/ADR-053,EPIC-024/EPIC-028/EPIC-050,test_tiered_cpu_gpu_runner_numerical_decision_and_artifact_equivalence,NONE,NONE,NO,NO,PASS
REQ-SDR-003,NAO_FUNCIONAL,P1,ADR-053,ADR-051/ADR-046/ADR-039/ADR-044/ADR-047/ADR-053,EPIC-028/EPIC-050/EPIC-082,test_nondeterministic_capability_declaration_repeatability_probes_and_bounded_consensus,NONE,NONE,NO,NO,PASS
REQ-SDR-004,NAO_FUNCIONAL,P1,ADR-053,ADR-051/ADR-018/ADR-036/ADR-046/ADR-039/ADR-047/ADR-048/ADR-027/ADR-041/ADR-050/ADR-053/ADR-026,EPIC-028/EPIC-037/EPIC-049,test_scientific_reproducibility_record_replay_levels_promotion_matrix_and_retention,NONE,NONE,NO,NO,PASS
REQ-SGVCAL-001,NAO_FUNCIONAL,P1,ADR-046,ADR-051/ADR-034/ADR-046/ADR-039/ADR-044/ADR-047/ADR-054/ADR-041/ADR-053/ADR-026,EPIC-005/EPIC-022/EPIC-028,test_req_sgvcal_001,NONE,NONE,NO,NO,PASS
REQ-SGVCAL-002,NAO_FUNCIONAL,P1,ADR-046,ADR-051/ADR-034/ADR-046/ADR-039/ADR-044/ADR-047/ADR-054/ADR-041/ADR-053/ADR-026,EPIC-005/EPIC-022/EPIC-028,test_req_sgvcal_002,NONE,NONE,NO,NO,PASS
REQ-SGVCAL-003,NAO_FUNCIONAL,P1,ADR-046,ADR-051/ADR-034/ADR-046/ADR-039/ADR-044/ADR-047/ADR-054/ADR-041/ADR-053/ADR-026,EPIC-005/EPIC-022/EPIC-028,test_req_sgvcal_003,NONE,NONE,NO,NO,PASS
REQ-SGVCAL-004,NAO_FUNCIONAL,P1,ADR-046,ADR-051/ADR-034/ADR-046/ADR-039/ADR-044/ADR-047/ADR-054/ADR-041/ADR-053/ADR-026,EPIC-005/EPIC-022/EPIC-028,test_req_sgvcal_004,NONE,NONE,NO,NO,PASS
REQ-SGVCAL-005,NAO_FUNCIONAL,P0,ADR-046,ADR-051/ADR-034/ADR-046/ADR-039/ADR-044/ADR-047/ADR-054/ADR-041/ADR-053/ADR-026,EPIC-005/EPIC-022/EPIC-028,test_req_sgvcal_005,NONE,NONE,NO,NO,PASS
REQ-SGVCAL-006,NAO_FUNCIONAL,P1,ADR-046,ADR-051/ADR-034/ADR-046/ADR-039/ADR-044/ADR-047/ADR-054/ADR-041/ADR-053/ADR-026,EPIC-005/EPIC-022/EPIC-028,test_req_sgvcal_006,NONE,NONE,NO,NO,PASS
REQ-SGVCAL-007,NAO_FUNCIONAL,P1,ADR-046,ADR-051/ADR-034/ADR-046/ADR-039/ADR-044/ADR-047/ADR-054/ADR-041/ADR-053/ADR-026,EPIC-005/EPIC-022/EPIC-028,test_req_sgvcal_007,NONE,NONE,NO,NO,PASS
REQ-SGVCAL-008,NAO_FUNCIONAL,P1,BP-002,ADR-051/ADR-034/ADR-046/ADR-039/ADR-044/ADR-047/ADR-054/ADR-041/ADR-053/ADR-026,EPIC-005/EPIC-022/EPIC-028,test_req_sgvcal_008,NONE,NONE,NO,NO,PASS
REQ-SGVCAL-009,NAO_FUNCIONAL,P1,ADR-046,ADR-051/ADR-034/ADR-046/ADR-039/ADR-044/ADR-047/ADR-054/ADR-041/ADR-053/ADR-026,EPIC-005/EPIC-022/EPIC-028,test_req_sgvcal_009,NONE,NONE,NO,NO,PASS
REQ-SGVCAL-010,NAO_FUNCIONAL,P1,BP-002,ADR-051/ADR-034/ADR-046/ADR-039/ADR-044/ADR-047/ADR-054/ADR-041/ADR-053/ADR-026,EPIC-005/EPIC-022/EPIC-028,test_req_sgvcal_010,NONE,NONE,NO,NO,PASS
REQ-SMO-001,NAO_FUNCIONAL,P0,ADR-039,ADR-039/ADR-041/ADR-050,EPIC-040/EPIC-069,test_scheduler_low_cardinality_metrics_correlated_event_ledger_and_timeline,NONE,NONE,NO,NO,PASS
REQ-SMO-002,FUNCIONAL,P1,ADR-039,ADR-046/ADR-039/ADR-048,EPIC-034/EPIC-069,test_stage_work_units_progress_eta_range_confidence_replanning_and_unknown_state,NONE,NONE,NO,NO,PASS
REQ-SMO-003,FUNCIONAL,P1,ADR-039,ADR-039/ADR-041/ADR-050,EPIC-040/EPIC-069,test_class_slos_wait_starvation_stalled_jobs_gpu_lease_and_breaker_recovery_alerts,NONE,NONE,NO,NO,PASS
REQ-SMO-004,NAO_FUNCIONAL,P1,ADR-039,ADR-046/ADR-039/ADR-048/ADR-054/ADR-050/ADR-026,EPIC-034/EPIC-069/EPIC-075,test_role_based_scheduler_diagnostics_safe_controls_and_append_only_audit,NONE,NONE,NO,NO,PASS
REQ-SPRINT-001-001,FUNCIONAL,P1,AP-008,ADR-002/ADR-018/ADR-036/ADR-034/ADR-044/ADR-054/ADR-041/ADR-053/ADR-026,EPIC-001/EPIC-002/EPIC-086/EPIC-110,test_sprint_zero_baseline_decision_01,NONE,NONE,NO,NO,PASS
REQ-SPRINT-001-002,FUNCIONAL,P1,AP-008,ADR-002/ADR-018/ADR-036/ADR-034/ADR-044/ADR-054/ADR-041/ADR-053/ADR-026,EPIC-001/EPIC-002/EPIC-086/EPIC-110,test_sprint_zero_baseline_decision_02,NONE,NONE,NO,NO,PASS
REQ-SPRINT-001-003,FUNCIONAL,P1,AP-008,ADR-002/ADR-018/ADR-036/ADR-034/ADR-044/ADR-054/ADR-041/ADR-053/ADR-026,EPIC-001/EPIC-002/EPIC-086/EPIC-110,test_sprint_zero_baseline_decision_03,NONE,NONE,NO,NO,PASS
REQ-SPRINT-001-004,FUNCIONAL,P1,AP-008,ADR-002/ADR-018/ADR-036/ADR-034/ADR-044/ADR-054/ADR-041/ADR-053/ADR-026,EPIC-001/EPIC-002/EPIC-086/EPIC-110,test_sprint_zero_baseline_decision_04,NONE,NONE,NO,NO,PASS
REQ-SPRINT-001-005,FUNCIONAL,P1,AP-008,ADR-002/ADR-018/ADR-036/ADR-034/ADR-044/ADR-054/ADR-041/ADR-053/ADR-026,EPIC-001/EPIC-002/EPIC-086/EPIC-110,test_sprint_zero_baseline_decision_05,NONE,NONE,NO,NO,PASS
REQ-SPRINT-001-006,FUNCIONAL,P1,AP-008,ADR-002/ADR-018/ADR-036/ADR-034/ADR-044/ADR-054/ADR-041/ADR-053/ADR-026,EPIC-001/EPIC-002/EPIC-086/EPIC-110,test_sprint_zero_baseline_decision_06,NONE,NONE,NO,NO,PASS
REQ-SPRINT-001-007,NAO_FUNCIONAL,P1,AP-008,ADR-002/ADR-018/ADR-036/ADR-034/ADR-044/ADR-054/ADR-041/ADR-053/ADR-026,EPIC-001/EPIC-002/EPIC-086/EPIC-110,test_sprint_zero_baseline_decision_07,NONE,NONE,NO,NO,PASS
REQ-SPRINT-001-008,FUNCIONAL,P0,AP-008,ADR-002/ADR-018/ADR-036/ADR-034/ADR-044/ADR-054/ADR-041/ADR-053/ADR-026,EPIC-001/EPIC-002/EPIC-086/EPIC-110,test_sprint_zero_baseline_decision_08,NONE,NONE,NO,NO,PASS
REQ-SPRINT-001-009,FUNCIONAL,P1,AP-008,ADR-002/ADR-018/ADR-036/ADR-034/ADR-044/ADR-054/ADR-041/ADR-053/ADR-026,EPIC-001/EPIC-002/EPIC-086/EPIC-110,test_sprint_zero_baseline_decision_09,NONE,NONE,NO,NO,PASS
REQ-SPRINT-001-010,FUNCIONAL,P1,AP-008,ADR-002/ADR-018/ADR-036/ADR-034/ADR-044/ADR-054/ADR-041/ADR-053/ADR-026,EPIC-001/EPIC-002/EPIC-086/EPIC-110,test_sprint_zero_baseline_decision_10,NONE,NONE,NO,NO,PASS
REQ-SRC-001,FUNCIONAL,P0,ADR-047,ADR-047,EPIC-027,ssrf_provider_gateway,NONE,NONE,NO,NO,PASS
REQ-SRC-002,FUNCIONAL,P0,ADR-047,ADR-002/ADR-018/ADR-028/ADR-034/ADR-047,EPIC-027/EPIC-041,test_free_download_only_and_purchase_blocked,NONE,NONE,NO,NO,PASS
REQ-SRC-003,NAO_FUNCIONAL,P0,ADR-047,ADR-051/ADR-002/ADR-018/ADR-028/ADR-034/ADR-047/ADR-041/ADR-049,EPIC-041/EPIC-058,test_provider_capability_contract_allowlist_ssrf_no_purchase,NONE,NONE,NO,NO,PASS
REQ-SRC-004,FUNCIONAL,P0,ADR-047,ADR-051/ADR-044/ADR-047,EPIC-033/EPIC-059,test_guided_bounded_search_ranking_uncertainty_reproducible,NONE,NONE,NO,NO,PASS
REQ-SRC-005,FUNCIONAL,P0,ADR-047,ADR-051/ADR-044/ADR-047,EPIC-029/EPIC-060,test_free_acquisition_policy_states_fail_closed_paid_ambiguous,NONE,NONE,NO,NO,PASS
REQ-SRG-001,NAO_FUNCIONAL,P1,ADR-053,ADR-046/ADR-047/ADR-053,EPIC-028,test_layered_versioned_stratified_scientific_baselines_sentinels_and_blind_promotion_set,NONE,NONE,NO,NO,PASS
REQ-SRG-002,NAO_FUNCIONAL,P1,ADR-053,ADR-034/ADR-046/ADR-039/ADR-047/ADR-054/ADR-053/ADR-026,EPIC-005/EPIC-028,test_change_impact_graph_mandatory_tiers_and_full_promotion_matrix,NONE,NONE,NO,NO,PASS
REQ-SRG-003,NAO_FUNCIONAL,P0,ADR-053,ADR-046/ADR-047/ADR-053,EPIC-028/EPIC-043,test_multidimensional_promotion_gate_stratified_budgets_uncertainty_and_no_hard_gate_compensation,NONE,NONE,NO,NO,PASS
REQ-SRG-004,NAO_FUNCIONAL,P1,ADR-053,ADR-051/ADR-018/ADR-036/ADR-046/ADR-047/ADR-048/ADR-027/ADR-050/ADR-053,EPIC-028/EPIC-043/EPIC-049,test_versioned_scientific_pipeline_bundle_dual_run_pinning_atomic_promotion_and_rollback,NONE,NONE,NO,NO,PASS
REQ-SRP-001,NAO_FUNCIONAL,P1,ADR-039,ADR-039/ADR-041/ADR-050,EPIC-040/EPIC-104,test_scheduler_execution_snapshot_selective_immutable_redacted_and_versioned,NONE,NONE,NO,NO,PASS
REQ-SRP-002,FUNCIONAL,P1,ADR-039,ADR-034/ADR-046/ADR-039/ADR-047/ADR-054/ADR-053/ADR-026,EPIC-005/EPIC-104,test_offline_scheduler_decision_replay_without_scientific_workload_or_providers,NONE,NONE,NO,NO,PASS
REQ-SRP-003,FUNCIONAL,P1,ADR-039,ADR-018/ADR-046/ADR-039/ADR-048/ADR-041/ADR-050/ADR-053/ADR-026,EPIC-037/EPIC-104,test_invariant_equivalence_divergence_classification_and_first_causal_event,NONE,NONE,NO,NO,PASS
REQ-SRP-004,NAO_FUNCIONAL,P1,ADR-039,ADR-034/ADR-039/ADR-027/ADR-054,EPIC-073/EPIC-076/EPIC-104,test_signed_redacted_retained_scheduler_reproduction_bundle_limits,NONE,NONE,NO,NO,PASS
REQ-SUP-001,NAO_FUNCIONAL,P0,ADR-034,ADR-051/ADR-034/ADR-046/ADR-039/ADR-047/ADR-054/ADR-053/ADR-026,EPIC-005/EPIC-080,test_release_sbom_signature_provenance_immutable_pins,NONE,NONE,NO,NO,PASS
REQ-TOOL-001,NAO_FUNCIONAL,P1,AP-001,ADR-002/ADR-044/ADR-054/ADR-041/ADR-053/ADR-026,EPIC-001/EPIC-002,test_python_312_primary_and_upgrade_gates,NONE,NONE,NO,NO,PASS
REQ-TOOL-002,NAO_FUNCIONAL,P1,AP-001,ADR-002/ADR-044/ADR-054/ADR-041/ADR-053/ADR-026,EPIC-001/EPIC-002,test_uv_lock_frozen,NONE,NONE,NO,NO,PASS
REQ-TOOL-003,NAO_FUNCIONAL,P1,ADR-002,ADR-051/ADR-002/ADR-018/ADR-034/ADR-044/ADR-041/ADR-026,EPIC-004,test_fastapi_openapi_contract,NONE,NONE,NO,NO,PASS
REQ-TOOL-004,NAO_FUNCIONAL,P1,ADR-018,ADR-002/ADR-018/ADR-039/ADR-048/ADR-027/ADR-041/ADR-026,EPIC-012/EPIC-013,test_sqlalchemy_alembic_postgis,NONE,NONE,NO,NO,PASS
REQ-TOOL-005,NAO_FUNCIONAL,P1,ADR-002,ADR-051/ADR-002/ADR-018/ADR-034/ADR-039/ADR-044/ADR-048/ADR-027/ADR-041/ADR-026,EPIC-002/EPIC-004/EPIC-012,test_model_boundary_architecture,NONE,NONE,NO,NO,PASS
REQ-TOOL-006,NAO_FUNCIONAL,P1,AP-001,ADR-034/ADR-046/ADR-039/ADR-047/ADR-054/ADR-053/ADR-026,EPIC-005,test_ruff_mypy_gate,NONE,NONE,NO,NO,PASS
REQ-TOOL-007,NAO_FUNCIONAL,P1,AP-001,ADR-034/ADR-046/ADR-039/ADR-047/ADR-054/ADR-053/ADR-026,EPIC-005/EPIC-028,test_pytest_real_services,NONE,NONE,NO,NO,PASS
REQ-TOOL-008,NAO_FUNCIONAL,P1,AP-001,ADR-002/ADR-053,EPIC-031/EPIC-043,test_node_pnpm_lock,NONE,NONE,NO,NO,PASS
REQ-TOOL-009,NAO_FUNCIONAL,P1,AP-001,ADR-002/ADR-034/ADR-046/ADR-039/ADR-047/ADR-054/ADR-053/ADR-026,EPIC-005/EPIC-031,test_frontend_strict_and_browser,NONE,NONE,NO,NO,PASS
REQ-TOOL-010,NAO_FUNCIONAL,P1,AP-001,ADR-002/ADR-054/ADR-053/ADR-026,EPIC-001/EPIC-043,test_make_ci_parity,NONE,NONE,NO,NO,PASS
REQ-TOP-001,FUNCIONAL,P0,ADR-002,ADR-051/ADR-002/ADR-018/ADR-036/ADR-034/ADR-044/ADR-041/ADR-026,EPIC-003/EPIC-004/EPIC-015,cli_api_semantic_contract,NONE,NONE,NO,NO,PASS
REQ-TST-001,FUNCIONAL,P0,AP-008,ADR-051/ADR-002/ADR-034/ADR-046/ADR-047/ADR-054/ADR-053,EPIC-006/EPIC-028/EPIC-092,test_corpus_license_hash_split_and_access_integrity,NONE,NONE,NO,NO,PASS
REQ-UPG-001,NAO_FUNCIONAL,P0,ADR-026,ADR-034/ADR-027/ADR-026,EPIC-071/EPIC-072/EPIC-081,test_orchestrated_upgrade_preflight_migrations_rollback_restore,NONE,NONE,NO,NO,PASS
REQ-UPG-002,NAO_FUNCIONAL,P0,ADR-026,ADR-002/ADR-018/ADR-039/ADR-048/ADR-027/ADR-041/ADR-026,EPIC-012/EPIC-106/EPIC-107,test_singleton_upgrade_controller_lease_preflight_checkpoint_resume_and_split_brain_prevention,NONE,NONE,NO,NO,PASS
REQ-UPG-003,NAO_FUNCIONAL,P0,ADR-026,ADR-034/ADR-046/ADR-039/ADR-047/ADR-054/ADR-050/ADR-053/ADR-026,EPIC-005/EPIC-075/EPIC-107,test_post_migration_multidimensional_evidence_gate_canary_and_atomic_cutover,NONE,NONE,NO,NO,PASS
REQ-UPG-004,NAO_FUNCIONAL,P0,ADR-026,ADR-027/ADR-026,EPIC-072/EPIC-105/EPIC-107,test_phase_aware_recovery_writer_blocking_forward_fix_compatible_rollback_and_validated_restore,NONE,NONE,NO,NO,PASS
REQ-UPG-005,NAO_FUNCIONAL,P1,ADR-026,ADR-051/ADR-002/ADR-018/ADR-034/ADR-044/ADR-041/ADR-026,EPIC-004/EPIC-105/EPIC-107,test_phased_rollout_limited_mixed_version_window_drain_and_long_job_pinning,NONE,NONE,NO,NO,PASS
REQ-UX-001,FUNCIONAL,P0,ADR-002,ADR-002/ADR-044/ADR-049/ADR-050,EPIC-031/EPIC-032,e2e_no_terminal_primary_workflow,NONE,NONE,NO,NO,PASS
REQ-UX-002,NAO_FUNCIONAL,P0,ADR-044;ADR-051,ADR-051/ADR-002/ADR-018/ADR-034/ADR-044/ADR-047/ADR-041/ADR-026,EPIC-004/EPIC-029/EPIC-033,test_no_duplicate_modes_processing_plan_roundtrip,NONE,NONE,NO,NO,PASS
REQ-UX-003,FUNCIONAL,P1,PRODUCT_UX,ADR-051/ADR-046,EPIC-036,visual_examples_license_accessibility_e2e,NONE,NONE,NO,NO,PASS
REQ-WORKER-001,NAO_FUNCIONAL,P1,AP-007,ADR-002/ADR-018/ADR-036/ADR-044/ADR-054/ADR-041,EPIC-002/EPIC-014/EPIC-039,test_req_worker_001,NONE,NONE,NO,NO,PASS
REQ-WORKER-002,NAO_FUNCIONAL,P1,AP-007,ADR-002/ADR-018/ADR-036/ADR-044/ADR-054/ADR-041,EPIC-002/EPIC-014/EPIC-039,test_req_worker_002,NONE,NONE,NO,NO,PASS
REQ-WORKER-003,NAO_FUNCIONAL,P1,AP-007,ADR-002/ADR-018/ADR-036/ADR-044/ADR-054/ADR-041,EPIC-002/EPIC-014/EPIC-039,test_req_worker_003,NONE,NONE,NO,NO,PASS
REQ-WORKER-004,NAO_FUNCIONAL,P1,AP-007,ADR-002/ADR-018/ADR-036/ADR-044/ADR-054/ADR-041,EPIC-002/EPIC-014/EPIC-039,test_req_worker_004,NONE,NONE,NO,NO,PASS
REQ-WORKER-005,NAO_FUNCIONAL,P1,AP-007,ADR-002/ADR-018/ADR-036/ADR-044/ADR-054/ADR-041,EPIC-002/EPIC-014/EPIC-039,test_req_worker_005,NONE,NONE,NO,NO,PASS
REQ-WORKER-006,NAO_FUNCIONAL,P1,AP-007,ADR-002/ADR-018/ADR-036/ADR-044/ADR-054/ADR-041,EPIC-002/EPIC-014/EPIC-039,test_req_worker_006,NONE,NONE,NO,NO,PASS
REQ-WORKER-007,NAO_FUNCIONAL,P1,AP-007,ADR-002/ADR-018/ADR-036/ADR-044/ADR-054/ADR-041,EPIC-002/EPIC-014/EPIC-039,test_req_worker_007,NONE,NONE,NO,NO,PASS
REQ-WORKER-008,NAO_FUNCIONAL,P1,AP-007,ADR-002/ADR-018/ADR-036/ADR-044/ADR-054/ADR-041,EPIC-002/EPIC-014/EPIC-039,test_req_worker_008,NONE,NONE,NO,NO,PASS
REQ-WORKER-009,NAO_FUNCIONAL,P1,AP-007,ADR-002/ADR-018/ADR-036/ADR-044/ADR-054/ADR-041,EPIC-002/EPIC-014/EPIC-039,test_req_worker_009,NONE,NONE,NO,NO,PASS
REQ-WORKER-010,NAO_FUNCIONAL,P1,AP-007,ADR-002/ADR-018/ADR-036/ADR-044/ADR-054/ADR-041,EPIC-002/EPIC-014/EPIC-039,test_req_worker_010,NONE,NONE,NO,NO,PASS
