task_id,story_id,issue_id,sprint_id,bounded_context,specifications,status
TASK-0001,STORY-0001,ISSUE-0111,SPRINT-001,BC-001,SPEC-001/SPEC-004,PASS
TASK-0002,STORY-0002,ISSUE-0112,SPRINT-001,BC-001,SPEC-001/SPEC-004,PASS
TASK-0003,STORY-0003,ISSUE-0113,SPRINT-001,BC-001,SPEC-001/SPEC-004,PASS
TASK-0004,STORY-0004,ISSUE-0114,SPRINT-001,BC-001,SPEC-001/SPEC-004,PASS
TASK-0005,STORY-0005,ISSUE-0115,SPRINT-001,BC-001,SPEC-001/SPEC-004,PASS
TASK-0006,STORY-0006,ISSUE-0116,SPRINT-001,BC-001,SPEC-001/SPEC-004,PASS
TASK-0007,STORY-0007,ISSUE-0117,SPRINT-001,BC-001,SPEC-001/SPEC-004,PASS
TASK-0008,STORY-0008,ISSUE-0118,SPRINT-001,BC-001,SPEC-001/SPEC-004,PASS
TASK-0009,STORY-0009,ISSUE-0119,SPRINT-001,BC-001,SPEC-001/SPEC-004,PASS
TASK-0010,STORY-0010,ISSUE-0120,SPRINT-001,BC-001,SPEC-001/SPEC-004,PASS
TASK-0011,STORY-0011,ISSUE-0121,SPRINT-001,BC-001,SPEC-001/SPEC-004,PASS
TASK-0012,STORY-0012,ISSUE-0122,SPRINT-001,BC-001,SPEC-001/SPEC-004,PASS
TASK-0013,STORY-0013,ISSUE-0123,SPRINT-001,BC-001,SPEC-001/SPEC-004,PASS
TASK-0014,STORY-0014,ISSUE-0124,SPRINT-001,BC-001,SPEC-001/SPEC-004,PASS
TASK-0015,STORY-0015,ISSUE-0125,SPRINT-001,BC-001,SPEC-001/SPEC-004,PASS
TASK-0016,STORY-0016,ISSUE-0126,SPRINT-001,BC-001,SPEC-001/SPEC-004,PASS
TASK-0017,STORY-0017,ISSUE-0127,SPRINT-001,BC-001,SPEC-001/SPEC-004,PASS
TASK-0018,STORY-0018,ISSUE-0128,SPRINT-001,BC-001,SPEC-001/SPEC-004,PASS
TASK-0019,STORY-0019,ISSUE-0129,SPRINT-001,BC-001,SPEC-001/SPEC-004,PASS
TASK-0020,STORY-0020,ISSUE-0130,SPRINT-001,BC-001,SPEC-001/SPEC-004,PASS
TASK-0021,STORY-0021,ISSUE-0131,SPRINT-001,BC-001,SPEC-001/SPEC-004,PASS
TASK-0022,STORY-0022,ISSUE-0132,SPRINT-001,BC-001,SPEC-001/SPEC-004,PASS
TASK-0023,STORY-0023,ISSUE-0133,SPRINT-001,BC-001,SPEC-001/SPEC-004,PASS
TASK-0024,STORY-0024,ISSUE-0134,SPRINT-001,BC-001,SPEC-001/SPEC-004,PASS
TASK-0025,STORY-0025,ISSUE-0135,SPRINT-001,BC-001,SPEC-001/SPEC-004,PASS
TASK-0026,STORY-0026,ISSUE-0136,SPRINT-001,BC-001,SPEC-001/SPEC-004,PASS
TASK-0027,STORY-0027,ISSUE-0137,SPRINT-001,BC-001,SPEC-001/SPEC-003/SPEC-004,PASS
TASK-0028,STORY-0028,ISSUE-0138,SPRINT-001,BC-001,SPEC-001/SPEC-004,PASS
TASK-0029,STORY-0029,ISSUE-0139,SPRINT-001,BC-001,SPEC-001/SPEC-004,PASS
TASK-0030,STORY-0030,ISSUE-0140,SPRINT-001,BC-001,SPEC-001/SPEC-004,PASS
TASK-0031,STORY-0031,ISSUE-0141,SPRINT-001,BC-001,SPEC-001/SPEC-004,PASS
TASK-0032,STORY-0032,ISSUE-0142,SPRINT-001,BC-001,SPEC-001/SPEC-004,PASS
TASK-0033,STORY-0033,ISSUE-0143,SPRINT-001,BC-001,SPEC-001/SPEC-004,PASS
TASK-0034,STORY-0034,ISSUE-0144,SPRINT-001,BC-001,SPEC-001/SPEC-004,PASS
TASK-0035,STORY-0035,ISSUE-0145,SPRINT-001,BC-001,SPEC-001/SPEC-004,PASS
TASK-0036,STORY-0036,ISSUE-0146,SPRINT-002,BC-002,SPEC-001/SPEC-004,PASS
TASK-0037,STORY-0037,ISSUE-0147,SPRINT-002,BC-002,SPEC-001/SPEC-004,PASS
TASK-0038,STORY-0038,ISSUE-0148,SPRINT-002,BC-002,SPEC-001/SPEC-004,PASS
TASK-0039,STORY-0039,ISSUE-0149,SPRINT-002,BC-002,SPEC-001/SPEC-004,PASS
TASK-0040,STORY-0040,ISSUE-0150,SPRINT-002,BC-002,SPEC-001/SPEC-004,PASS
TASK-0041,STORY-0041,ISSUE-0151,SPRINT-002,BC-002,SPEC-001/SPEC-004,PASS
TASK-0042,STORY-0042,ISSUE-0152,SPRINT-002,BC-002,SPEC-001/SPEC-004,PASS
TASK-0043,STORY-0043,ISSUE-0153,SPRINT-002,BC-002,SPEC-001/SPEC-004,PASS
TASK-0044,STORY-0044,ISSUE-0154,SPRINT-002,BC-002,SPEC-001/SPEC-004,PASS
TASK-0045,STORY-0045,ISSUE-0155,SPRINT-002,BC-002,SPEC-001/SPEC-004,PASS
TASK-0046,STORY-0046,ISSUE-0156,SPRINT-002,BC-002,SPEC-001/SPEC-004,PASS
TASK-0047,STORY-0047,ISSUE-0157,SPRINT-002,BC-002,SPEC-001/SPEC-004,PASS
TASK-0048,STORY-0048,ISSUE-0158,SPRINT-002,BC-002,SPEC-001/SPEC-004,PASS
TASK-0049,STORY-0049,ISSUE-0159,SPRINT-002,BC-002,SPEC-001/SPEC-004,PASS
TASK-0050,STORY-0050,ISSUE-0160,SPRINT-002,BC-002,SPEC-001/SPEC-004,PASS
TASK-0051,STORY-0051,ISSUE-0161,SPRINT-002,BC-002,SPEC-001/SPEC-004,PASS
TASK-0052,STORY-0052,ISSUE-0162,SPRINT-002,BC-002,SPEC-001/SPEC-004/SPEC-005,PASS
TASK-0053,STORY-0053,ISSUE-0163,SPRINT-002,BC-002,SPEC-001/SPEC-004,PASS
TASK-0054,STORY-0054,ISSUE-0164,SPRINT-002,BC-002,SPEC-001/SPEC-004,PASS
TASK-0055,STORY-0055,ISSUE-0165,SPRINT-002,BC-002,SPEC-001/SPEC-004,PASS
TASK-0056,STORY-0056,ISSUE-0166,SPRINT-002,BC-003,SPEC-001/SPEC-004,PASS
TASK-0057,STORY-0057,ISSUE-0167,SPRINT-002,BC-003,SPEC-001/SPEC-004,PASS
TASK-0058,STORY-0058,ISSUE-0168,SPRINT-002,BC-003,SPEC-001/SPEC-004,PASS
TASK-0059,STORY-0059,ISSUE-0169,SPRINT-002,BC-003,SPEC-001/SPEC-004,PASS
TASK-0060,STORY-0060,ISSUE-0170,SPRINT-002,BC-003,SPEC-001/SPEC-004,PASS
TASK-0061,STORY-0061,ISSUE-0171,SPRINT-002,BC-003,SPEC-001/SPEC-004,PASS
TASK-0062,STORY-0062,ISSUE-0172,SPRINT-002,BC-013,SPEC-001/SPEC-004/SPEC-005,PASS
TASK-0063,STORY-0063,ISSUE-0173,SPRINT-002,BC-013,SPEC-001/SPEC-004/SPEC-005,PASS
TASK-0064,STORY-0064,ISSUE-0174,SPRINT-002,BC-013,SPEC-001/SPEC-004/SPEC-005,PASS
TASK-0065,STORY-0065,ISSUE-0175,SPRINT-002,BC-013,SPEC-001/SPEC-004/SPEC-005,PASS
TASK-0066,STORY-0066,ISSUE-0176,SPRINT-002,BC-013,SPEC-001/SPEC-004/SPEC-005,PASS
TASK-0067,STORY-0067,ISSUE-0177,SPRINT-002,BC-013,SPEC-001/SPEC-004/SPEC-005,PASS
TASK-0068,STORY-0068,ISSUE-0178,SPRINT-003,BC-010,SPEC-001/SPEC-003/SPEC-004,PASS
TASK-0069,STORY-0069,ISSUE-0179,SPRINT-003,BC-010,SPEC-001/SPEC-004,PASS
TASK-0070,STORY-0070,ISSUE-0180,SPRINT-003,BC-010,SPEC-001/SPEC-004,PASS
TASK-0071,STORY-0071,ISSUE-0181,SPRINT-003,BC-010,SPEC-001/SPEC-004,PASS
TASK-0072,STORY-0072,ISSUE-0182,SPRINT-003,BC-010,SPEC-001/SPEC-004,PASS
TASK-0073,STORY-0073,ISSUE-0183,SPRINT-003,BC-010,SPEC-001/SPEC-004,PASS
TASK-0074,STORY-0074,ISSUE-0184,SPRINT-003,BC-010,SPEC-001/SPEC-004,PASS
TASK-0075,STORY-0075,ISSUE-0185,SPRINT-003,BC-010,SPEC-001/SPEC-004,PASS
TASK-0076,STORY-0076,ISSUE-0186,SPRINT-003,BC-010,SPEC-001/SPEC-004,PASS
TASK-0077,STORY-0077,ISSUE-0187,SPRINT-003,BC-010,SPEC-001/SPEC-004,PASS
TASK-0078,STORY-0078,ISSUE-0188,SPRINT-003,BC-010,SPEC-001/SPEC-004,PASS
TASK-0079,STORY-0079,ISSUE-0189,SPRINT-003,BC-010,SPEC-001/SPEC-004,PASS
TASK-0080,STORY-0080,ISSUE-0190,SPRINT-003,BC-010,SPEC-001/SPEC-004,PASS
TASK-0081,STORY-0081,ISSUE-0191,SPRINT-003,BC-010,SPEC-001/SPEC-004,PASS
TASK-0082,STORY-0082,ISSUE-0192,SPRINT-003,BC-010,SPEC-001/SPEC-004,PASS
TASK-0083,STORY-0083,ISSUE-0193,SPRINT-003,BC-010,SPEC-001/SPEC-004,PASS
TASK-0084,STORY-0084,ISSUE-0194,SPRINT-003,BC-010,SPEC-001/SPEC-004,PASS
TASK-0085,STORY-0085,ISSUE-0195,SPRINT-003,BC-010,SPEC-001/SPEC-004,PASS
TASK-0086,STORY-0086,ISSUE-0196,SPRINT-003,BC-010,SPEC-001/SPEC-004,PASS
TASK-0087,STORY-0087,ISSUE-0197,SPRINT-003,BC-010,SPEC-001/SPEC-004,PASS
TASK-0088,STORY-0088,ISSUE-0198,SPRINT-003,BC-010,SPEC-001/SPEC-004,PASS
TASK-0089,STORY-0089,ISSUE-0199,SPRINT-003,BC-010,SPEC-001/SPEC-004,PASS
TASK-0090,STORY-0090,ISSUE-0200,SPRINT-003,BC-010,SPEC-001/SPEC-004,PASS
TASK-0091,STORY-0091,ISSUE-0201,SPRINT-003,BC-010,SPEC-001/SPEC-004,PASS
TASK-0092,STORY-0092,ISSUE-0202,SPRINT-003,BC-010,SPEC-001/SPEC-004,PASS
TASK-0093,STORY-0093,ISSUE-0203,SPRINT-003,BC-010,SPEC-001/SPEC-004,PASS
TASK-0094,STORY-0094,ISSUE-0204,SPRINT-003,BC-010,SPEC-001/SPEC-004,PASS
TASK-0095,STORY-0095,ISSUE-0205,SPRINT-003,BC-010,SPEC-001/SPEC-004,PASS
TASK-0096,STORY-0096,ISSUE-0206,SPRINT-003,BC-010,SPEC-001/SPEC-004,PASS
TASK-0097,STORY-0097,ISSUE-0207,SPRINT-003,BC-010,SPEC-001/SPEC-004,PASS
TASK-0098,STORY-0098,ISSUE-0208,SPRINT-003,BC-010,SPEC-001/SPEC-004,PASS
TASK-0099,STORY-0099,ISSUE-0209,SPRINT-003,BC-010,SPEC-001/SPEC-003/SPEC-004,PASS
TASK-0100,STORY-0100,ISSUE-0210,SPRINT-003,BC-010,SPEC-001/SPEC-004,PASS
TASK-0101,STORY-0101,ISSUE-0211,SPRINT-003,BC-010,SPEC-001/SPEC-004,PASS
TASK-0102,STORY-0102,ISSUE-0212,SPRINT-003,BC-010,SPEC-001/SPEC-004,PASS
TASK-0103,STORY-0103,ISSUE-0213,SPRINT-003,BC-010,SPEC-001/SPEC-004,PASS
TASK-0104,STORY-0104,ISSUE-0214,SPRINT-003,BC-010,SPEC-001/SPEC-004,PASS
TASK-0105,STORY-0105,ISSUE-0215,SPRINT-003,BC-010,SPEC-001/SPEC-004,PASS
TASK-0106,STORY-0106,ISSUE-0216,SPRINT-003,BC-010,SPEC-001/SPEC-003/SPEC-004,PASS
TASK-0107,STORY-0107,ISSUE-0217,SPRINT-003,BC-010,SPEC-001/SPEC-004,PASS
TASK-0108,STORY-0108,ISSUE-0218,SPRINT-003,BC-010,SPEC-001/SPEC-004,PASS
TASK-0109,STORY-0109,ISSUE-0219,SPRINT-003,BC-010,SPEC-001/SPEC-004,PASS
TASK-0110,STORY-0110,ISSUE-0220,SPRINT-003,BC-016,SPEC-001/SPEC-004,PASS
TASK-0111,STORY-0111,ISSUE-0221,SPRINT-003,BC-016,SPEC-001/SPEC-004/SPEC-005,PASS
TASK-0112,STORY-0112,ISSUE-0222,SPRINT-003,BC-016,SPEC-001/SPEC-004,PASS
TASK-0113,STORY-0113,ISSUE-0223,SPRINT-003,BC-016,SPEC-001/SPEC-004,PASS
TASK-0114,STORY-0114,ISSUE-0224,SPRINT-003,BC-016,SPEC-001/SPEC-004,PASS
TASK-0115,STORY-0115,ISSUE-0225,SPRINT-005,BC-007,SPEC-001/SPEC-004,PASS
TASK-0116,STORY-0116,ISSUE-0226,SPRINT-005,BC-007,SPEC-001/SPEC-004/SPEC-005,PASS
TASK-0117,STORY-0117,ISSUE-0227,SPRINT-005,BC-007,SPEC-001/SPEC-004/SPEC-005,PASS
TASK-0118,STORY-0118,ISSUE-0228,SPRINT-005,BC-007,SPEC-001/SPEC-004/SPEC-005,PASS
TASK-0119,STORY-0119,ISSUE-0229,SPRINT-005,BC-007,SPEC-001/SPEC-004/SPEC-005,PASS
TASK-0120,STORY-0120,ISSUE-0230,SPRINT-005,BC-007,SPEC-001/SPEC-004,PASS
TASK-0121,STORY-0121,ISSUE-0231,SPRINT-005,BC-007,SPEC-001/SPEC-004,PASS
TASK-0122,STORY-0122,ISSUE-0232,SPRINT-005,BC-005,SPEC-001/SPEC-003/SPEC-004,PASS
TASK-0123,STORY-0123,ISSUE-0233,SPRINT-005,BC-005,SPEC-001/SPEC-004/SPEC-005,PASS
TASK-0124,STORY-0124,ISSUE-0234,SPRINT-005,BC-005,SPEC-001/SPEC-004/SPEC-005,PASS
TASK-0125,STORY-0125,ISSUE-0235,SPRINT-005,BC-005,SPEC-001/SPEC-004/SPEC-005,PASS
TASK-0126,STORY-0126,ISSUE-0236,SPRINT-005,BC-005,SPEC-001/SPEC-004/SPEC-005,PASS
TASK-0127,STORY-0127,ISSUE-0237,SPRINT-005,BC-005,SPEC-001/SPEC-004,PASS
TASK-0128,STORY-0128,ISSUE-0238,SPRINT-005,BC-005,SPEC-001/SPEC-004,PASS
TASK-0129,STORY-0129,ISSUE-0239,SPRINT-005,BC-006,SPEC-001/SPEC-004,PASS
TASK-0130,STORY-0130,ISSUE-0240,SPRINT-005,BC-006,SPEC-001/SPEC-003/SPEC-004/SPEC-005,PASS
TASK-0131,STORY-0131,ISSUE-0241,SPRINT-005,BC-006,SPEC-001/SPEC-004/SPEC-005,PASS
TASK-0132,STORY-0132,ISSUE-0242,SPRINT-005,BC-006,SPEC-001/SPEC-004/SPEC-005,PASS
TASK-0133,STORY-0133,ISSUE-0243,SPRINT-005,BC-006,SPEC-001/SPEC-004/SPEC-005,PASS
TASK-0134,STORY-0134,ISSUE-0244,SPRINT-005,BC-006,SPEC-001/SPEC-004/SPEC-005,PASS
TASK-0135,STORY-0135,ISSUE-0245,SPRINT-005,BC-006,SPEC-001/SPEC-004,PASS
TASK-0136,STORY-0136,ISSUE-0246,SPRINT-005,BC-007,SPEC-001/SPEC-003/SPEC-004,PASS
TASK-0137,STORY-0137,ISSUE-0247,SPRINT-005,BC-007,SPEC-001/SPEC-004/SPEC-005,PASS
TASK-0138,STORY-0138,ISSUE-0248,SPRINT-005,BC-007,SPEC-001/SPEC-002/SPEC-004/SPEC-005,PASS
TASK-0139,STORY-0139,ISSUE-0249,SPRINT-005,BC-007,SPEC-001/SPEC-004/SPEC-005,PASS
TASK-0140,STORY-0140,ISSUE-0250,SPRINT-005,BC-007,SPEC-001/SPEC-004/SPEC-005,PASS
TASK-0141,STORY-0141,ISSUE-0251,SPRINT-005,BC-007,SPEC-001/SPEC-002/SPEC-004/SPEC-005,PASS
TASK-0142,STORY-0142,ISSUE-0252,SPRINT-005,BC-007,SPEC-001/SPEC-004,PASS
TASK-0143,STORY-0143,ISSUE-0253,SPRINT-005,BC-007,SPEC-001/SPEC-004,PASS
TASK-0144,STORY-0144,ISSUE-0254,SPRINT-005,BC-007,SPEC-001/SPEC-004/SPEC-005,PASS
TASK-0145,STORY-0145,ISSUE-0255,SPRINT-005,BC-007,SPEC-001/SPEC-004/SPEC-005,PASS
TASK-0146,STORY-0146,ISSUE-0256,SPRINT-005,BC-007,SPEC-001/SPEC-004/SPEC-005,PASS
TASK-0147,STORY-0147,ISSUE-0257,SPRINT-005,BC-007,SPEC-001/SPEC-004/SPEC-005,PASS
TASK-0148,STORY-0148,ISSUE-0258,SPRINT-005,BC-007,SPEC-001/SPEC-004,PASS
TASK-0149,STORY-0149,ISSUE-0259,SPRINT-005,BC-007,SPEC-001/SPEC-004,PASS
TASK-0150,STORY-0150,ISSUE-0260,SPRINT-005,BC-013,SPEC-001/SPEC-003/SPEC-004/SPEC-005,PASS
TASK-0151,STORY-0151,ISSUE-0261,SPRINT-005,BC-013,SPEC-001/SPEC-004/SPEC-005,PASS
TASK-0152,STORY-0152,ISSUE-0262,SPRINT-005,BC-013,SPEC-001/SPEC-004/SPEC-005,PASS
TASK-0153,STORY-0153,ISSUE-0263,SPRINT-005,BC-013,SPEC-001/SPEC-004/SPEC-005,PASS
TASK-0154,STORY-0154,ISSUE-0264,SPRINT-005,BC-013,SPEC-001/SPEC-004/SPEC-005,PASS
TASK-0155,STORY-0155,ISSUE-0265,SPRINT-005,BC-013,SPEC-001/SPEC-004/SPEC-005,PASS
TASK-0156,STORY-0156,ISSUE-0266,SPRINT-005,BC-013,SPEC-001/SPEC-004/SPEC-005,PASS
TASK-0157,STORY-0157,ISSUE-0267,SPRINT-005,BC-005,SPEC-001/SPEC-004,PASS
TASK-0158,STORY-0158,ISSUE-0268,SPRINT-005,BC-005,SPEC-001/SPEC-004/SPEC-005,PASS
TASK-0159,STORY-0159,ISSUE-0269,SPRINT-005,BC-005,SPEC-001/SPEC-004/SPEC-005,PASS
TASK-0160,STORY-0160,ISSUE-0270,SPRINT-005,BC-005,SPEC-001/SPEC-004/SPEC-005,PASS
TASK-0161,STORY-0161,ISSUE-0271,SPRINT-005,BC-005,SPEC-001/SPEC-004/SPEC-005,PASS
TASK-0162,STORY-0162,ISSUE-0272,SPRINT-005,BC-005,SPEC-001/SPEC-004,PASS
TASK-0163,STORY-0163,ISSUE-0273,SPRINT-005,BC-005,SPEC-001/SPEC-004,PASS
TASK-0164,STORY-0164,ISSUE-0274,SPRINT-005,BC-007,SPEC-001/SPEC-003/SPEC-004,PASS
TASK-0165,STORY-0165,ISSUE-0275,SPRINT-005,BC-007,SPEC-001/SPEC-004/SPEC-005,PASS
TASK-0166,STORY-0166,ISSUE-0276,SPRINT-005,BC-007,SPEC-001/SPEC-004/SPEC-005,PASS
TASK-0167,STORY-0167,ISSUE-0277,SPRINT-005,BC-007,SPEC-001/SPEC-004/SPEC-005,PASS
TASK-0168,STORY-0168,ISSUE-0278,SPRINT-005,BC-007,SPEC-001/SPEC-004/SPEC-005,PASS
TASK-0169,STORY-0169,ISSUE-0279,SPRINT-005,BC-007,SPEC-001/SPEC-003/SPEC-004,PASS
TASK-0170,STORY-0170,ISSUE-0280,SPRINT-005,BC-007,SPEC-001/SPEC-004,PASS
TASK-0171,STORY-0171,ISSUE-0281,SPRINT-005,BC-004,SPEC-001/SPEC-004,PASS
TASK-0172,STORY-0172,ISSUE-0282,SPRINT-005,BC-004,SPEC-001/SPEC-003/SPEC-004/SPEC-005,PASS
TASK-0173,STORY-0173,ISSUE-0283,SPRINT-005,BC-004,SPEC-001/SPEC-004/SPEC-005,PASS
TASK-0174,STORY-0174,ISSUE-0284,SPRINT-005,BC-004,SPEC-001/SPEC-004/SPEC-005,PASS
TASK-0175,STORY-0175,ISSUE-0285,SPRINT-005,BC-004,SPEC-001/SPEC-004/SPEC-005,PASS
TASK-0176,STORY-0176,ISSUE-0286,SPRINT-005,BC-004,SPEC-001/SPEC-004,PASS
TASK-0177,STORY-0177,ISSUE-0287,SPRINT-005,BC-004,SPEC-001/SPEC-004,PASS
TASK-0178,STORY-0178,ISSUE-0288,SPRINT-005,BC-012,SPEC-001/SPEC-004/SPEC-005,PASS
TASK-0179,STORY-0179,ISSUE-0289,SPRINT-005,BC-012,SPEC-001/SPEC-004/SPEC-005,PASS
TASK-0180,STORY-0180,ISSUE-0290,SPRINT-005,BC-012,SPEC-001/SPEC-004/SPEC-005,PASS
TASK-0181,STORY-0181,ISSUE-0291,SPRINT-005,BC-012,SPEC-001/SPEC-004/SPEC-005,PASS
TASK-0182,STORY-0182,ISSUE-0292,SPRINT-005,BC-012,SPEC-001/SPEC-004/SPEC-005,PASS
TASK-0183,STORY-0183,ISSUE-0293,SPRINT-005,BC-012,SPEC-001/SPEC-004/SPEC-005,PASS
TASK-0184,STORY-0184,ISSUE-0294,SPRINT-005,BC-012,SPEC-001/SPEC-004/SPEC-005,PASS
TASK-0185,STORY-0185,ISSUE-0295,SPRINT-009,BC-016,SPEC-001/SPEC-004,PASS
TASK-0186,STORY-0186,ISSUE-0296,SPRINT-009,BC-016,SPEC-001/SPEC-004,PASS
TASK-0187,STORY-0187,ISSUE-0297,SPRINT-009,BC-016,SPEC-001/SPEC-004,PASS
TASK-0188,STORY-0188,ISSUE-0298,SPRINT-009,BC-016,SPEC-001/SPEC-004,PASS
TASK-0189,STORY-0189,ISSUE-0299,SPRINT-009,BC-016,SPEC-001/SPEC-004,PASS
TASK-0190,STORY-0190,ISSUE-0300,SPRINT-009,BC-016,SPEC-001/SPEC-004,PASS
TASK-0191,STORY-0191,ISSUE-0301,SPRINT-009,BC-016,SPEC-001/SPEC-004,PASS
TASK-0192,STORY-0192,ISSUE-0302,SPRINT-009,BC-016,SPEC-001/SPEC-004,PASS
TASK-0193,STORY-0193,ISSUE-0303,SPRINT-009,BC-016,SPEC-001/SPEC-004,PASS
TASK-0194,STORY-0194,ISSUE-0304,SPRINT-009,BC-016,SPEC-001/SPEC-004,PASS
TASK-0195,STORY-0195,ISSUE-0305,SPRINT-009,BC-016,SPEC-001/SPEC-004,PASS
TASK-0196,STORY-0196,ISSUE-0306,SPRINT-009,BC-016,SPEC-001/SPEC-004,PASS
TASK-0197,STORY-0197,ISSUE-0307,SPRINT-009,BC-016,SPEC-001/SPEC-003/SPEC-004,PASS
TASK-0198,STORY-0198,ISSUE-0308,SPRINT-009,BC-016,SPEC-001/SPEC-004,PASS
TASK-0199,STORY-0199,ISSUE-0309,SPRINT-009,BC-016,SPEC-001/SPEC-004,PASS
TASK-0200,STORY-0200,ISSUE-0310,SPRINT-009,BC-016,SPEC-001/SPEC-004,PASS
TASK-0201,STORY-0201,ISSUE-0311,SPRINT-009,BC-016,SPEC-001/SPEC-004,PASS
TASK-0202,STORY-0202,ISSUE-0312,SPRINT-009,BC-016,SPEC-001/SPEC-004,PASS
TASK-0203,STORY-0203,ISSUE-0313,SPRINT-009,BC-016,SPEC-001/SPEC-004/SPEC-005,PASS
TASK-0204,STORY-0204,ISSUE-0314,SPRINT-009,BC-016,SPEC-001/SPEC-004,PASS
TASK-0205,STORY-0205,ISSUE-0315,SPRINT-009,BC-016,SPEC-001/SPEC-004,PASS
TASK-0206,STORY-0206,ISSUE-0316,SPRINT-009,BC-016,SPEC-001/SPEC-004,PASS
TASK-0207,STORY-0207,ISSUE-0317,SPRINT-009,BC-016,SPEC-001/SPEC-004,PASS
TASK-0208,STORY-0208,ISSUE-0318,SPRINT-009,BC-016,SPEC-001/SPEC-004,PASS
TASK-0209,STORY-0209,ISSUE-0319,SPRINT-009,BC-011,SPEC-001/SPEC-002/SPEC-004,PASS
TASK-0210,STORY-0210,ISSUE-0320,SPRINT-009,BC-011,SPEC-001/SPEC-002/SPEC-004,PASS
TASK-0211,STORY-0211,ISSUE-0321,SPRINT-009,BC-011,SPEC-001/SPEC-002/SPEC-004,PASS
TASK-0212,STORY-0212,ISSUE-0322,SPRINT-009,BC-011,SPEC-001/SPEC-002/SPEC-004,PASS
TASK-0213,STORY-0213,ISSUE-0323,SPRINT-009,BC-011,SPEC-001/SPEC-002/SPEC-004,PASS
TASK-0214,STORY-0214,ISSUE-0324,SPRINT-009,BC-011,SPEC-001/SPEC-002/SPEC-004,PASS
TASK-0215,STORY-0215,ISSUE-0325,SPRINT-009,BC-016,SPEC-001/SPEC-004,PASS
TASK-0216,STORY-0216,ISSUE-0326,SPRINT-009,BC-016,SPEC-001/SPEC-004,PASS
TASK-0217,STORY-0217,ISSUE-0327,SPRINT-009,BC-016,SPEC-001/SPEC-004,PASS
TASK-0218,STORY-0218,ISSUE-0328,SPRINT-009,BC-016,SPEC-001/SPEC-004,PASS
TASK-0219,STORY-0219,ISSUE-0329,SPRINT-009,BC-016,SPEC-001/SPEC-004,PASS
TASK-0220,STORY-0220,ISSUE-0330,SPRINT-010,BC-012,SPEC-001/SPEC-002/SPEC-004/SPEC-005,PASS
TASK-0221,STORY-0221,ISSUE-0331,SPRINT-010,BC-012,SPEC-001/SPEC-004/SPEC-005,PASS
TASK-0222,STORY-0222,ISSUE-0332,SPRINT-010,BC-012,SPEC-001/SPEC-004/SPEC-005,PASS
TASK-0223,STORY-0223,ISSUE-0333,SPRINT-010,BC-012,SPEC-001/SPEC-004/SPEC-005,PASS
TASK-0224,STORY-0224,ISSUE-0334,SPRINT-010,BC-012,SPEC-001/SPEC-004/SPEC-005,PASS
TASK-0225,STORY-0225,ISSUE-0335,SPRINT-010,BC-012,SPEC-001/SPEC-004/SPEC-005,PASS
TASK-0226,STORY-0226,ISSUE-0336,SPRINT-010,BC-007,SPEC-001/SPEC-004,PASS
TASK-0227,STORY-0227,ISSUE-0337,SPRINT-010,BC-007,SPEC-001/SPEC-004,PASS
TASK-0228,STORY-0228,ISSUE-0338,SPRINT-010,BC-007,SPEC-001/SPEC-004,PASS
TASK-0229,STORY-0229,ISSUE-0339,SPRINT-010,BC-007,SPEC-001/SPEC-004,PASS
TASK-0230,STORY-0230,ISSUE-0340,SPRINT-010,BC-007,SPEC-001/SPEC-004,PASS
TASK-0231,STORY-0231,ISSUE-0341,SPRINT-010,BC-007,SPEC-001/SPEC-004,PASS
TASK-0232,STORY-0232,ISSUE-0342,SPRINT-011,BC-014,SPEC-001/SPEC-003/SPEC-004,PASS
TASK-0233,STORY-0233,ISSUE-0343,SPRINT-011,BC-014,SPEC-001/SPEC-004,PASS
TASK-0234,STORY-0234,ISSUE-0344,SPRINT-011,BC-014,SPEC-001/SPEC-004,PASS
TASK-0235,STORY-0235,ISSUE-0345,SPRINT-011,BC-014,SPEC-001/SPEC-004,PASS
TASK-0236,STORY-0236,ISSUE-0346,SPRINT-011,BC-014,SPEC-001/SPEC-004,PASS
TASK-0237,STORY-0237,ISSUE-0347,SPRINT-011,BC-014,SPEC-001/SPEC-004,PASS
TASK-0238,STORY-0238,ISSUE-0348,SPRINT-011,BC-014,SPEC-001/SPEC-004,PASS
TASK-0239,STORY-0239,ISSUE-0349,SPRINT-011,BC-014,SPEC-001/SPEC-003/SPEC-004,PASS
TASK-0240,STORY-0240,ISSUE-0350,SPRINT-011,BC-014,SPEC-001/SPEC-004,PASS
TASK-0241,STORY-0241,ISSUE-0351,SPRINT-011,BC-014,SPEC-001/SPEC-004,PASS
TASK-0242,STORY-0242,ISSUE-0352,SPRINT-011,BC-014,SPEC-001/SPEC-003/SPEC-004,PASS
TASK-0243,STORY-0243,ISSUE-0353,SPRINT-011,BC-014,SPEC-001/SPEC-004,PASS
TASK-0244,STORY-0244,ISSUE-0354,SPRINT-002,BC-014,SPEC-001/SPEC-004,PASS
TASK-0245,STORY-0245,ISSUE-0355,SPRINT-002,BC-014,SPEC-001/SPEC-004,PASS
TASK-0246,STORY-0246,ISSUE-0356,SPRINT-002,BC-014,SPEC-001/SPEC-004,PASS
TASK-0247,STORY-0247,ISSUE-0357,SPRINT-002,BC-014,SPEC-001/SPEC-004,PASS
TASK-0248,STORY-0248,ISSUE-0358,SPRINT-002,BC-014,SPEC-001/SPEC-004,PASS
TASK-0249,STORY-0249,ISSUE-0359,SPRINT-002,BC-014,SPEC-001/SPEC-004,PASS
TASK-0250,STORY-0250,ISSUE-0360,SPRINT-012,BC-015,SPEC-001/SPEC-004,PASS
TASK-0251,STORY-0251,ISSUE-0361,SPRINT-012,BC-015,SPEC-001/SPEC-004,PASS
TASK-0252,STORY-0252,ISSUE-0362,SPRINT-012,BC-015,SPEC-001/SPEC-004,PASS
TASK-0253,STORY-0253,ISSUE-0363,SPRINT-012,BC-015,SPEC-001/SPEC-004,PASS
TASK-0254,STORY-0254,ISSUE-0364,SPRINT-012,BC-015,SPEC-001/SPEC-004,PASS
TASK-0255,STORY-0255,ISSUE-0365,SPRINT-012,BC-015,SPEC-001/SPEC-004,PASS
TASK-0256,STORY-0256,ISSUE-0366,SPRINT-012,BC-015,SPEC-001/SPEC-003/SPEC-004,PASS
TASK-0257,STORY-0257,ISSUE-0367,SPRINT-012,BC-015,SPEC-001/SPEC-003/SPEC-004,PASS
TASK-0258,STORY-0258,ISSUE-0368,SPRINT-012,BC-015,SPEC-001/SPEC-004,PASS
TASK-0259,STORY-0259,ISSUE-0369,SPRINT-012,BC-015,SPEC-001/SPEC-004,PASS
TASK-0260,STORY-0260,ISSUE-0370,SPRINT-012,BC-015,SPEC-001/SPEC-004,PASS
TASK-0261,STORY-0261,ISSUE-0371,SPRINT-005,BC-006,SPEC-001/SPEC-004/SPEC-005,PASS
TASK-0262,STORY-0262,ISSUE-0372,SPRINT-005,BC-006,SPEC-001/SPEC-004/SPEC-005,PASS
TASK-0263,STORY-0263,ISSUE-0373,SPRINT-005,BC-006,SPEC-001/SPEC-004/SPEC-005,PASS
TASK-0264,STORY-0264,ISSUE-0374,SPRINT-005,BC-006,SPEC-001/SPEC-004/SPEC-005,PASS
TASK-0265,STORY-0265,ISSUE-0375,SPRINT-005,BC-006,SPEC-001/SPEC-004/SPEC-005,PASS
TASK-0266,STORY-0266,ISSUE-0376,SPRINT-005,BC-006,SPEC-001/SPEC-004,PASS
TASK-0267,STORY-0267,ISSUE-0377,SPRINT-005,BC-006,SPEC-001/SPEC-004,PASS
TASK-0268,STORY-0268,ISSUE-0378,SPRINT-005,BC-006,SPEC-001/SPEC-004,PASS
TASK-0269,STORY-0269,ISSUE-0379,SPRINT-005,BC-006,SPEC-001/SPEC-004/SPEC-005,PASS
TASK-0270,STORY-0270,ISSUE-0380,SPRINT-005,BC-006,SPEC-001/SPEC-004/SPEC-005,PASS
TASK-0271,STORY-0271,ISSUE-0381,SPRINT-005,BC-006,SPEC-001/SPEC-004/SPEC-005,PASS
TASK-0272,STORY-0272,ISSUE-0382,SPRINT-005,BC-006,SPEC-001/SPEC-004/SPEC-005,PASS
TASK-0273,STORY-0273,ISSUE-0383,SPRINT-005,BC-006,SPEC-001/SPEC-004,PASS
TASK-0274,STORY-0274,ISSUE-0384,SPRINT-005,BC-006,SPEC-001/SPEC-004,PASS
TASK-0275,STORY-0275,ISSUE-0385,SPRINT-005,BC-013,SPEC-001/SPEC-004/SPEC-005,PASS
TASK-0276,STORY-0276,ISSUE-0386,SPRINT-005,BC-013,SPEC-001/SPEC-004/SPEC-005,PASS
TASK-0277,STORY-0277,ISSUE-0387,SPRINT-005,BC-013,SPEC-001/SPEC-004/SPEC-005,PASS
TASK-0278,STORY-0278,ISSUE-0388,SPRINT-005,BC-013,SPEC-001/SPEC-004/SPEC-005,PASS
TASK-0279,STORY-0279,ISSUE-0389,SPRINT-005,BC-013,SPEC-001/SPEC-004/SPEC-005,PASS
TASK-0280,STORY-0280,ISSUE-0390,SPRINT-005,BC-013,SPEC-001/SPEC-004/SPEC-005,PASS
TASK-0281,STORY-0281,ISSUE-0391,SPRINT-005,BC-013,SPEC-001/SPEC-004/SPEC-005,PASS
TASK-0282,STORY-0282,ISSUE-0392,SPRINT-005,BC-006,SPEC-001/SPEC-004,PASS
TASK-0283,STORY-0283,ISSUE-0393,SPRINT-005,BC-006,SPEC-001/SPEC-004/SPEC-005,PASS
TASK-0284,STORY-0284,ISSUE-0394,SPRINT-005,BC-006,SPEC-001/SPEC-004/SPEC-005,PASS
TASK-0285,STORY-0285,ISSUE-0395,SPRINT-005,BC-006,SPEC-001/SPEC-004/SPEC-005,PASS
TASK-0286,STORY-0286,ISSUE-0396,SPRINT-005,BC-006,SPEC-001/SPEC-004/SPEC-005,PASS
TASK-0287,STORY-0287,ISSUE-0397,SPRINT-005,BC-006,SPEC-001/SPEC-004,PASS
TASK-0288,STORY-0288,ISSUE-0398,SPRINT-005,BC-006,SPEC-001/SPEC-004,PASS
TASK-0289,STORY-0289,ISSUE-0399,SPRINT-005,BC-006,SPEC-001/SPEC-004,PASS
TASK-0290,STORY-0290,ISSUE-0400,SPRINT-005,BC-006,SPEC-001/SPEC-004/SPEC-005,PASS
TASK-0291,STORY-0291,ISSUE-0401,SPRINT-005,BC-006,SPEC-001/SPEC-004/SPEC-005,PASS
TASK-0292,STORY-0292,ISSUE-0402,SPRINT-005,BC-006,SPEC-001/SPEC-004/SPEC-005,PASS
TASK-0293,STORY-0293,ISSUE-0403,SPRINT-005,BC-006,SPEC-001/SPEC-004/SPEC-005,PASS
TASK-0294,STORY-0294,ISSUE-0404,SPRINT-005,BC-006,SPEC-001/SPEC-004,PASS
TASK-0295,STORY-0295,ISSUE-0405,SPRINT-005,BC-006,SPEC-001/SPEC-004,PASS
TASK-0296,STORY-0296,ISSUE-0406,SPRINT-010,BC-013,SPEC-001/SPEC-004/SPEC-005,PASS
TASK-0297,STORY-0297,ISSUE-0407,SPRINT-010,BC-013,SPEC-001/SPEC-003/SPEC-004/SPEC-005,PASS
TASK-0298,STORY-0298,ISSUE-0408,SPRINT-010,BC-013,SPEC-001/SPEC-004/SPEC-005,PASS
TASK-0299,STORY-0299,ISSUE-0409,SPRINT-010,BC-013,SPEC-001/SPEC-002/SPEC-004/SPEC-005,PASS
TASK-0300,STORY-0300,ISSUE-0410,SPRINT-010,BC-013,SPEC-001/SPEC-003/SPEC-004/SPEC-005,PASS
TASK-0301,STORY-0301,ISSUE-0411,SPRINT-010,BC-013,SPEC-001/SPEC-004/SPEC-005,PASS
TASK-0302,STORY-0302,ISSUE-0412,SPRINT-006,BC-009,SPEC-001/SPEC-003/SPEC-004,PASS
TASK-0303,STORY-0303,ISSUE-0413,SPRINT-006,BC-009,SPEC-001/SPEC-003/SPEC-004/SPEC-005,PASS
TASK-0304,STORY-0304,ISSUE-0414,SPRINT-006,BC-009,SPEC-001/SPEC-003/SPEC-004/SPEC-005,PASS
TASK-0305,STORY-0305,ISSUE-0415,SPRINT-006,BC-009,SPEC-001/SPEC-003/SPEC-004/SPEC-005,PASS
TASK-0306,STORY-0306,ISSUE-0416,SPRINT-006,BC-009,SPEC-001/SPEC-003/SPEC-004/SPEC-005,PASS
TASK-0307,STORY-0307,ISSUE-0417,SPRINT-006,BC-009,SPEC-001/SPEC-003/SPEC-004,PASS
TASK-0308,STORY-0308,ISSUE-0418,SPRINT-006,BC-009,SPEC-001/SPEC-003/SPEC-004,PASS
TASK-0309,STORY-0309,ISSUE-0419,SPRINT-006,BC-006,SPEC-001/SPEC-004,PASS
TASK-0310,STORY-0310,ISSUE-0420,SPRINT-006,BC-006,SPEC-001/SPEC-004/SPEC-005,PASS
TASK-0311,STORY-0311,ISSUE-0421,SPRINT-006,BC-006,SPEC-001/SPEC-004/SPEC-005,PASS
TASK-0312,STORY-0312,ISSUE-0422,SPRINT-006,BC-006,SPEC-001/SPEC-004/SPEC-005,PASS
TASK-0313,STORY-0313,ISSUE-0423,SPRINT-006,BC-006,SPEC-001/SPEC-004/SPEC-005,PASS
TASK-0314,STORY-0314,ISSUE-0424,SPRINT-006,BC-006,SPEC-001/SPEC-004,PASS
TASK-0315,STORY-0315,ISSUE-0425,SPRINT-006,BC-006,SPEC-001/SPEC-004,PASS
TASK-0316,STORY-0316,ISSUE-0426,SPRINT-006,BC-006,SPEC-001/SPEC-004,PASS
TASK-0317,STORY-0317,ISSUE-0427,SPRINT-006,BC-006,SPEC-001/SPEC-004/SPEC-005,PASS
TASK-0318,STORY-0318,ISSUE-0428,SPRINT-006,BC-006,SPEC-001/SPEC-004/SPEC-005,PASS
TASK-0319,STORY-0319,ISSUE-0429,SPRINT-006,BC-006,SPEC-001/SPEC-004/SPEC-005,PASS
TASK-0320,STORY-0320,ISSUE-0430,SPRINT-006,BC-006,SPEC-001/SPEC-004/SPEC-005,PASS
TASK-0321,STORY-0321,ISSUE-0431,SPRINT-006,BC-006,SPEC-001/SPEC-002/SPEC-004,PASS
TASK-0322,STORY-0322,ISSUE-0432,SPRINT-006,BC-006,SPEC-001/SPEC-004,PASS
TASK-0323,STORY-0323,ISSUE-0433,SPRINT-006,BC-005,SPEC-001/SPEC-004,PASS
TASK-0324,STORY-0324,ISSUE-0434,SPRINT-006,BC-005,SPEC-001/SPEC-004/SPEC-005,PASS
TASK-0325,STORY-0325,ISSUE-0435,SPRINT-006,BC-005,SPEC-001/SPEC-004/SPEC-005,PASS
TASK-0326,STORY-0326,ISSUE-0436,SPRINT-006,BC-005,SPEC-001/SPEC-004/SPEC-005,PASS
TASK-0327,STORY-0327,ISSUE-0437,SPRINT-006,BC-005,SPEC-001/SPEC-004/SPEC-005,PASS
TASK-0328,STORY-0328,ISSUE-0438,SPRINT-006,BC-005,SPEC-001/SPEC-004,PASS
TASK-0329,STORY-0329,ISSUE-0439,SPRINT-006,BC-005,SPEC-001/SPEC-004,PASS
TASK-0330,STORY-0330,ISSUE-0440,SPRINT-006,BC-005,SPEC-001/SPEC-004,PASS
TASK-0331,STORY-0331,ISSUE-0441,SPRINT-006,BC-005,SPEC-001/SPEC-004/SPEC-005,PASS
TASK-0332,STORY-0332,ISSUE-0442,SPRINT-006,BC-005,SPEC-001/SPEC-004/SPEC-005,PASS
TASK-0333,STORY-0333,ISSUE-0443,SPRINT-006,BC-005,SPEC-001/SPEC-004/SPEC-005,PASS
TASK-0334,STORY-0334,ISSUE-0444,SPRINT-006,BC-005,SPEC-001/SPEC-004/SPEC-005,PASS
TASK-0335,STORY-0335,ISSUE-0445,SPRINT-006,BC-005,SPEC-001/SPEC-004,PASS
TASK-0336,STORY-0336,ISSUE-0446,SPRINT-006,BC-005,SPEC-001/SPEC-004,PASS
TASK-0337,STORY-0337,ISSUE-0447,SPRINT-006,BC-005,SPEC-001/SPEC-004,PASS
TASK-0338,STORY-0338,ISSUE-0448,SPRINT-006,BC-005,SPEC-001/SPEC-004/SPEC-005,PASS
TASK-0339,STORY-0339,ISSUE-0449,SPRINT-006,BC-005,SPEC-001/SPEC-004/SPEC-005,PASS
TASK-0340,STORY-0340,ISSUE-0450,SPRINT-006,BC-005,SPEC-001/SPEC-004/SPEC-005,PASS
TASK-0341,STORY-0341,ISSUE-0451,SPRINT-006,BC-005,SPEC-001/SPEC-004/SPEC-005,PASS
TASK-0342,STORY-0342,ISSUE-0452,SPRINT-006,BC-005,SPEC-001/SPEC-004,PASS
TASK-0343,STORY-0343,ISSUE-0453,SPRINT-006,BC-005,SPEC-001/SPEC-004,PASS
TASK-0344,STORY-0344,ISSUE-0454,SPRINT-006,BC-005,SPEC-001/SPEC-004,PASS
TASK-0345,STORY-0345,ISSUE-0455,SPRINT-006,BC-005,SPEC-001/SPEC-004/SPEC-005,PASS
TASK-0346,STORY-0346,ISSUE-0456,SPRINT-006,BC-005,SPEC-001/SPEC-004/SPEC-005,PASS
TASK-0347,STORY-0347,ISSUE-0457,SPRINT-006,BC-005,SPEC-001/SPEC-004/SPEC-005,PASS
TASK-0348,STORY-0348,ISSUE-0458,SPRINT-006,BC-005,SPEC-001/SPEC-004/SPEC-005,PASS
TASK-0349,STORY-0349,ISSUE-0459,SPRINT-006,BC-005,SPEC-001/SPEC-004,PASS
TASK-0350,STORY-0350,ISSUE-0460,SPRINT-006,BC-005,SPEC-001/SPEC-004,PASS
TASK-0351,STORY-0351,ISSUE-0461,SPRINT-006,BC-012,SPEC-001/SPEC-004/SPEC-005,PASS
TASK-0352,STORY-0352,ISSUE-0462,SPRINT-006,BC-012,SPEC-001/SPEC-004/SPEC-005,PASS
TASK-0353,STORY-0353,ISSUE-0463,SPRINT-006,BC-012,SPEC-001/SPEC-004/SPEC-005,PASS
TASK-0354,STORY-0354,ISSUE-0464,SPRINT-006,BC-012,SPEC-001/SPEC-004/SPEC-005,PASS
TASK-0355,STORY-0355,ISSUE-0465,SPRINT-006,BC-012,SPEC-001/SPEC-004/SPEC-005,PASS
TASK-0356,STORY-0356,ISSUE-0466,SPRINT-006,BC-012,SPEC-001/SPEC-004/SPEC-005,PASS
TASK-0357,STORY-0357,ISSUE-0467,SPRINT-006,BC-012,SPEC-001/SPEC-004/SPEC-005,PASS
TASK-0358,STORY-0358,ISSUE-0468,SPRINT-006,BC-005,SPEC-001/SPEC-004,PASS
TASK-0359,STORY-0359,ISSUE-0469,SPRINT-006,BC-005,SPEC-001/SPEC-003/SPEC-004/SPEC-005,PASS
TASK-0360,STORY-0360,ISSUE-0470,SPRINT-006,BC-005,SPEC-001/SPEC-004/SPEC-005,PASS
TASK-0361,STORY-0361,ISSUE-0471,SPRINT-006,BC-005,SPEC-001/SPEC-004/SPEC-005,PASS
TASK-0362,STORY-0362,ISSUE-0472,SPRINT-006,BC-005,SPEC-001/SPEC-004/SPEC-005,PASS
TASK-0363,STORY-0363,ISSUE-0473,SPRINT-006,BC-005,SPEC-001/SPEC-004,PASS
TASK-0364,STORY-0364,ISSUE-0474,SPRINT-006,BC-005,SPEC-001/SPEC-004,PASS
TASK-0365,STORY-0365,ISSUE-0475,SPRINT-006,BC-005,SPEC-001/SPEC-004,PASS
TASK-0366,STORY-0366,ISSUE-0476,SPRINT-006,BC-005,SPEC-001/SPEC-004/SPEC-005,PASS
TASK-0367,STORY-0367,ISSUE-0477,SPRINT-006,BC-005,SPEC-001/SPEC-004/SPEC-005,PASS
TASK-0368,STORY-0368,ISSUE-0478,SPRINT-006,BC-005,SPEC-001/SPEC-004/SPEC-005,PASS
TASK-0369,STORY-0369,ISSUE-0479,SPRINT-006,BC-005,SPEC-001/SPEC-004/SPEC-005,PASS
TASK-0370,STORY-0370,ISSUE-0480,SPRINT-006,BC-005,SPEC-001/SPEC-004,PASS
TASK-0371,STORY-0371,ISSUE-0481,SPRINT-006,BC-005,SPEC-001/SPEC-004,PASS
TASK-0372,STORY-0372,ISSUE-0482,SPRINT-006,BC-005,SPEC-001/SPEC-004,PASS
TASK-0373,STORY-0373,ISSUE-0483,SPRINT-006,BC-005,SPEC-001/SPEC-004/SPEC-005,PASS
TASK-0374,STORY-0374,ISSUE-0484,SPRINT-006,BC-005,SPEC-001/SPEC-004/SPEC-005,PASS
TASK-0375,STORY-0375,ISSUE-0485,SPRINT-006,BC-005,SPEC-001/SPEC-004/SPEC-005,PASS
TASK-0376,STORY-0376,ISSUE-0486,SPRINT-006,BC-005,SPEC-001/SPEC-004/SPEC-005,PASS
TASK-0377,STORY-0377,ISSUE-0487,SPRINT-006,BC-005,SPEC-001/SPEC-004,PASS
TASK-0378,STORY-0378,ISSUE-0488,SPRINT-006,BC-005,SPEC-001/SPEC-004,PASS
TASK-0379,STORY-0379,ISSUE-0489,SPRINT-010,BC-013,SPEC-001/SPEC-004/SPEC-005,PASS
TASK-0380,STORY-0380,ISSUE-0490,SPRINT-010,BC-013,SPEC-001/SPEC-004/SPEC-005,PASS
TASK-0381,STORY-0381,ISSUE-0491,SPRINT-010,BC-013,SPEC-001/SPEC-004/SPEC-005,PASS
TASK-0382,STORY-0382,ISSUE-0492,SPRINT-010,BC-013,SPEC-001/SPEC-004/SPEC-005,PASS
TASK-0383,STORY-0383,ISSUE-0493,SPRINT-010,BC-013,SPEC-001/SPEC-004/SPEC-005,PASS
TASK-0384,STORY-0384,ISSUE-0494,SPRINT-010,BC-013,SPEC-001/SPEC-004/SPEC-005,PASS
TASK-0385,STORY-0385,ISSUE-0495,SPRINT-009,BC-011,SPEC-001/SPEC-002/SPEC-004,PASS
TASK-0386,STORY-0386,ISSUE-0496,SPRINT-009,BC-011,SPEC-001/SPEC-002/SPEC-004,PASS
TASK-0387,STORY-0387,ISSUE-0497,SPRINT-009,BC-011,SPEC-001/SPEC-002/SPEC-004,PASS
TASK-0388,STORY-0388,ISSUE-0498,SPRINT-009,BC-011,SPEC-001/SPEC-002/SPEC-004,PASS
TASK-0389,STORY-0389,ISSUE-0499,SPRINT-009,BC-011,SPEC-001/SPEC-002/SPEC-004,PASS
TASK-0390,STORY-0390,ISSUE-0500,SPRINT-009,BC-011,SPEC-001/SPEC-002/SPEC-004,PASS
TASK-0391,STORY-0391,ISSUE-0501,SPRINT-006,BC-011,SPEC-001/SPEC-002/SPEC-004,PASS
TASK-0392,STORY-0392,ISSUE-0502,SPRINT-006,BC-011,SPEC-001/SPEC-002/SPEC-004/SPEC-005,PASS
TASK-0393,STORY-0393,ISSUE-0503,SPRINT-006,BC-011,SPEC-001/SPEC-002/SPEC-004/SPEC-005,PASS
TASK-0394,STORY-0394,ISSUE-0504,SPRINT-006,BC-011,SPEC-001/SPEC-002/SPEC-004/SPEC-005,PASS
TASK-0395,STORY-0395,ISSUE-0505,SPRINT-006,BC-011,SPEC-001/SPEC-002/SPEC-004/SPEC-005,PASS
TASK-0396,STORY-0396,ISSUE-0506,SPRINT-006,BC-011,SPEC-001/SPEC-002/SPEC-004,PASS
TASK-0397,STORY-0397,ISSUE-0507,SPRINT-006,BC-011,SPEC-001/SPEC-002/SPEC-004,PASS
TASK-0398,STORY-0398,ISSUE-0508,SPRINT-009,BC-011,SPEC-001/SPEC-002/SPEC-004,PASS
TASK-0399,STORY-0399,ISSUE-0509,SPRINT-009,BC-011,SPEC-001/SPEC-002/SPEC-004,PASS
TASK-0400,STORY-0400,ISSUE-0510,SPRINT-009,BC-011,SPEC-001/SPEC-002/SPEC-004,PASS
TASK-0401,STORY-0401,ISSUE-0511,SPRINT-009,BC-011,SPEC-001/SPEC-002/SPEC-004,PASS
TASK-0402,STORY-0402,ISSUE-0512,SPRINT-009,BC-011,SPEC-001/SPEC-002/SPEC-004,PASS
TASK-0403,STORY-0403,ISSUE-0513,SPRINT-009,BC-011,SPEC-001/SPEC-002/SPEC-004,PASS
TASK-0404,STORY-0404,ISSUE-0514,SPRINT-004,BC-010,SPEC-001/SPEC-004,PASS
TASK-0405,STORY-0405,ISSUE-0515,SPRINT-004,BC-010,SPEC-001/SPEC-004,PASS
TASK-0406,STORY-0406,ISSUE-0516,SPRINT-004,BC-010,SPEC-001/SPEC-004,PASS
TASK-0407,STORY-0407,ISSUE-0517,SPRINT-004,BC-010,SPEC-001/SPEC-004,PASS
TASK-0408,STORY-0408,ISSUE-0518,SPRINT-004,BC-010,SPEC-001/SPEC-004,PASS
TASK-0409,STORY-0409,ISSUE-0519,SPRINT-004,BC-010,SPEC-001/SPEC-004,PASS
TASK-0410,STORY-0410,ISSUE-0520,SPRINT-004,BC-010,SPEC-001/SPEC-004,PASS
TASK-0411,STORY-0411,ISSUE-0521,SPRINT-004,BC-010,SPEC-001/SPEC-002/SPEC-004,PASS
TASK-0412,STORY-0412,ISSUE-0522,SPRINT-004,BC-010,SPEC-001/SPEC-004,PASS
TASK-0413,STORY-0413,ISSUE-0523,SPRINT-004,BC-010,SPEC-001/SPEC-004,PASS
TASK-0414,STORY-0414,ISSUE-0524,SPRINT-004,BC-010,SPEC-001/SPEC-004,PASS
TASK-0415,STORY-0415,ISSUE-0525,SPRINT-004,BC-010,SPEC-001/SPEC-004,PASS
TASK-0416,STORY-0416,ISSUE-0526,SPRINT-004,BC-010,SPEC-001/SPEC-004,PASS
TASK-0417,STORY-0417,ISSUE-0527,SPRINT-004,BC-010,SPEC-001/SPEC-004,PASS
TASK-0418,STORY-0418,ISSUE-0528,SPRINT-004,BC-010,SPEC-001/SPEC-004,PASS
TASK-0419,STORY-0419,ISSUE-0529,SPRINT-004,BC-010,SPEC-001/SPEC-004,PASS
TASK-0420,STORY-0420,ISSUE-0530,SPRINT-004,BC-010,SPEC-001/SPEC-004,PASS
TASK-0421,STORY-0421,ISSUE-0531,SPRINT-004,BC-010,SPEC-001/SPEC-004,PASS
TASK-0422,STORY-0422,ISSUE-0532,SPRINT-004,BC-010,SPEC-001/SPEC-004,PASS
TASK-0423,STORY-0423,ISSUE-0533,SPRINT-004,BC-010,SPEC-001/SPEC-004,PASS
TASK-0424,STORY-0424,ISSUE-0534,SPRINT-004,BC-010,SPEC-001/SPEC-004,PASS
TASK-0425,STORY-0425,ISSUE-0535,SPRINT-004,BC-010,SPEC-001/SPEC-004,PASS
TASK-0426,STORY-0426,ISSUE-0536,SPRINT-004,BC-010,SPEC-001/SPEC-004,PASS
TASK-0427,STORY-0427,ISSUE-0537,SPRINT-004,BC-010,SPEC-001/SPEC-004,PASS
TASK-0428,STORY-0428,ISSUE-0538,SPRINT-004,BC-010,SPEC-001/SPEC-004,PASS
TASK-0429,STORY-0429,ISSUE-0539,SPRINT-004,BC-010,SPEC-001/SPEC-004,PASS
TASK-0430,STORY-0430,ISSUE-0540,SPRINT-004,BC-010,SPEC-001/SPEC-004,PASS
TASK-0431,STORY-0431,ISSUE-0541,SPRINT-004,BC-010,SPEC-001/SPEC-004,PASS
TASK-0432,STORY-0432,ISSUE-0542,SPRINT-004,BC-010,SPEC-001/SPEC-004,PASS
TASK-0433,STORY-0433,ISSUE-0543,SPRINT-004,BC-010,SPEC-001/SPEC-004,PASS
TASK-0434,STORY-0434,ISSUE-0544,SPRINT-004,BC-010,SPEC-001/SPEC-004,PASS
TASK-0435,STORY-0435,ISSUE-0545,SPRINT-004,BC-010,SPEC-001/SPEC-004,PASS
TASK-0436,STORY-0436,ISSUE-0546,SPRINT-004,BC-010,SPEC-001/SPEC-004,PASS
TASK-0437,STORY-0437,ISSUE-0547,SPRINT-004,BC-010,SPEC-001/SPEC-004,PASS
TASK-0438,STORY-0438,ISSUE-0548,SPRINT-004,BC-010,SPEC-001/SPEC-004,PASS
TASK-0439,STORY-0439,ISSUE-0549,SPRINT-010,BC-012,SPEC-001/SPEC-004/SPEC-005,PASS
TASK-0440,STORY-0440,ISSUE-0550,SPRINT-010,BC-012,SPEC-001/SPEC-004/SPEC-005,PASS
TASK-0441,STORY-0441,ISSUE-0551,SPRINT-010,BC-012,SPEC-001/SPEC-004/SPEC-005,PASS
TASK-0442,STORY-0442,ISSUE-0552,SPRINT-010,BC-012,SPEC-001/SPEC-004/SPEC-005,PASS
TASK-0443,STORY-0443,ISSUE-0553,SPRINT-010,BC-012,SPEC-001/SPEC-004/SPEC-005,PASS
TASK-0444,STORY-0444,ISSUE-0554,SPRINT-010,BC-012,SPEC-001/SPEC-004/SPEC-005,PASS
TASK-0445,STORY-0445,ISSUE-0555,SPRINT-011,BC-013,SPEC-001/SPEC-004/SPEC-005,PASS
TASK-0446,STORY-0446,ISSUE-0556,SPRINT-011,BC-013,SPEC-001/SPEC-004/SPEC-005,PASS
TASK-0447,STORY-0447,ISSUE-0557,SPRINT-011,BC-013,SPEC-001/SPEC-004/SPEC-005,PASS
TASK-0448,STORY-0448,ISSUE-0558,SPRINT-011,BC-013,SPEC-001/SPEC-004/SPEC-005,PASS
TASK-0449,STORY-0449,ISSUE-0559,SPRINT-011,BC-013,SPEC-001/SPEC-004/SPEC-005,PASS
TASK-0450,STORY-0450,ISSUE-0560,SPRINT-011,BC-013,SPEC-001/SPEC-004/SPEC-005,PASS
TASK-0451,STORY-0451,ISSUE-0561,SPRINT-011,BC-014,SPEC-001/SPEC-004,PASS
TASK-0452,STORY-0452,ISSUE-0562,SPRINT-011,BC-014,SPEC-001/SPEC-004,PASS
TASK-0453,STORY-0453,ISSUE-0563,SPRINT-011,BC-014,SPEC-001/SPEC-004/SPEC-005,PASS
TASK-0454,STORY-0454,ISSUE-0564,SPRINT-011,BC-014,SPEC-001/SPEC-004,PASS
TASK-0455,STORY-0455,ISSUE-0565,SPRINT-011,BC-014,SPEC-001/SPEC-004,PASS
TASK-0456,STORY-0456,ISSUE-0566,SPRINT-011,BC-014,SPEC-001/SPEC-004,PASS
TASK-0457,STORY-0457,ISSUE-0567,SPRINT-011,BC-013,SPEC-001/SPEC-004/SPEC-005,PASS
TASK-0458,STORY-0458,ISSUE-0568,SPRINT-011,BC-013,SPEC-001/SPEC-004/SPEC-005,PASS
TASK-0459,STORY-0459,ISSUE-0569,SPRINT-011,BC-013,SPEC-001/SPEC-004/SPEC-005,PASS
TASK-0460,STORY-0460,ISSUE-0570,SPRINT-011,BC-013,SPEC-001/SPEC-003/SPEC-004/SPEC-005,PASS
TASK-0461,STORY-0461,ISSUE-0571,SPRINT-011,BC-013,SPEC-001/SPEC-004/SPEC-005,PASS
TASK-0462,STORY-0462,ISSUE-0572,SPRINT-011,BC-013,SPEC-001/SPEC-004/SPEC-005,PASS
TASK-0463,STORY-0463,ISSUE-0573,SPRINT-011,BC-013,SPEC-001/SPEC-004/SPEC-005,PASS
TASK-0464,STORY-0464,ISSUE-0574,SPRINT-011,BC-013,SPEC-001/SPEC-004/SPEC-005,PASS
TASK-0465,STORY-0465,ISSUE-0575,SPRINT-011,BC-013,SPEC-001/SPEC-004/SPEC-005,PASS
TASK-0466,STORY-0466,ISSUE-0576,SPRINT-011,BC-013,SPEC-001/SPEC-004/SPEC-005,PASS
TASK-0467,STORY-0467,ISSUE-0577,SPRINT-011,BC-013,SPEC-001/SPEC-004/SPEC-005,PASS
TASK-0468,STORY-0468,ISSUE-0578,SPRINT-011,BC-013,SPEC-001/SPEC-004/SPEC-005,PASS
TASK-0469,STORY-0469,ISSUE-0579,SPRINT-011,BC-014,SPEC-001/SPEC-004,PASS
TASK-0470,STORY-0470,ISSUE-0580,SPRINT-011,BC-014,SPEC-001/SPEC-004,PASS
TASK-0471,STORY-0471,ISSUE-0581,SPRINT-011,BC-014,SPEC-001/SPEC-004,PASS
TASK-0472,STORY-0472,ISSUE-0582,SPRINT-011,BC-014,SPEC-001/SPEC-004,PASS
TASK-0473,STORY-0473,ISSUE-0583,SPRINT-011,BC-014,SPEC-001/SPEC-004,PASS
TASK-0474,STORY-0474,ISSUE-0584,SPRINT-011,BC-014,SPEC-001/SPEC-004,PASS
TASK-0475,STORY-0475,ISSUE-0585,SPRINT-011,BC-014,SPEC-001/SPEC-004,PASS
TASK-0476,STORY-0476,ISSUE-0586,SPRINT-011,BC-014,SPEC-001/SPEC-003/SPEC-004,PASS
TASK-0477,STORY-0477,ISSUE-0587,SPRINT-011,BC-014,SPEC-001/SPEC-004,PASS
TASK-0478,STORY-0478,ISSUE-0588,SPRINT-011,BC-014,SPEC-001/SPEC-004,PASS
TASK-0479,STORY-0479,ISSUE-0589,SPRINT-011,BC-014,SPEC-001/SPEC-004,PASS
TASK-0480,STORY-0480,ISSUE-0590,SPRINT-011,BC-014,SPEC-001/SPEC-004,PASS
TASK-0481,STORY-0481,ISSUE-0591,SPRINT-011,BC-014,SPEC-001/SPEC-004,PASS
TASK-0482,STORY-0482,ISSUE-0592,SPRINT-011,BC-014,SPEC-001/SPEC-004,PASS
TASK-0483,STORY-0483,ISSUE-0593,SPRINT-011,BC-014,SPEC-001/SPEC-004,PASS
TASK-0484,STORY-0484,ISSUE-0594,SPRINT-011,BC-014,SPEC-001/SPEC-004,PASS
TASK-0485,STORY-0485,ISSUE-0595,SPRINT-011,BC-014,SPEC-001/SPEC-004,PASS
TASK-0486,STORY-0486,ISSUE-0596,SPRINT-011,BC-014,SPEC-001/SPEC-004,PASS
TASK-0487,STORY-0487,ISSUE-0597,SPRINT-011,BC-014,SPEC-001/SPEC-004,PASS
TASK-0488,STORY-0488,ISSUE-0598,SPRINT-011,BC-014,SPEC-001/SPEC-004/SPEC-005,PASS
TASK-0489,STORY-0489,ISSUE-0599,SPRINT-011,BC-014,SPEC-001/SPEC-004,PASS
TASK-0490,STORY-0490,ISSUE-0600,SPRINT-011,BC-014,SPEC-001/SPEC-004,PASS
TASK-0491,STORY-0491,ISSUE-0601,SPRINT-011,BC-014,SPEC-001/SPEC-004,PASS
TASK-0492,STORY-0492,ISSUE-0602,SPRINT-011,BC-014,SPEC-001/SPEC-004,PASS
TASK-0493,STORY-0493,ISSUE-0603,SPRINT-011,BC-014,SPEC-001/SPEC-004,PASS
TASK-0494,STORY-0494,ISSUE-0604,SPRINT-011,BC-014,SPEC-001/SPEC-004,PASS
TASK-0495,STORY-0495,ISSUE-0605,SPRINT-011,BC-014,SPEC-001/SPEC-004,PASS
TASK-0496,STORY-0496,ISSUE-0606,SPRINT-011,BC-014,SPEC-001/SPEC-004,PASS
TASK-0497,STORY-0497,ISSUE-0607,SPRINT-011,BC-014,SPEC-001/SPEC-004,PASS
TASK-0498,STORY-0498,ISSUE-0608,SPRINT-011,BC-014,SPEC-001/SPEC-004,PASS
TASK-0499,STORY-0499,ISSUE-0609,SPRINT-011,BC-015,SPEC-001/SPEC-004,PASS
TASK-0500,STORY-0500,ISSUE-0610,SPRINT-011,BC-015,SPEC-001/SPEC-003/SPEC-004/SPEC-005,PASS
TASK-0501,STORY-0501,ISSUE-0611,SPRINT-011,BC-015,SPEC-001/SPEC-004,PASS
TASK-0502,STORY-0502,ISSUE-0612,SPRINT-011,BC-015,SPEC-001/SPEC-004,PASS
TASK-0503,STORY-0503,ISSUE-0613,SPRINT-011,BC-015,SPEC-001/SPEC-004,PASS
TASK-0504,STORY-0504,ISSUE-0614,SPRINT-011,BC-015,SPEC-001/SPEC-004,PASS
TASK-0505,STORY-0505,ISSUE-0615,SPRINT-012,BC-015,SPEC-001/SPEC-004,PASS
TASK-0506,STORY-0506,ISSUE-0616,SPRINT-012,BC-015,SPEC-001/SPEC-004,PASS
TASK-0507,STORY-0507,ISSUE-0617,SPRINT-012,BC-015,SPEC-001/SPEC-004,PASS
TASK-0508,STORY-0508,ISSUE-0618,SPRINT-012,BC-015,SPEC-001/SPEC-004,PASS
TASK-0509,STORY-0509,ISSUE-0619,SPRINT-012,BC-015,SPEC-001/SPEC-004,PASS
TASK-0510,STORY-0510,ISSUE-0620,SPRINT-012,BC-015,SPEC-001/SPEC-004,PASS
TASK-0511,STORY-0511,ISSUE-0621,SPRINT-002,BC-014,SPEC-001/SPEC-004,PASS
TASK-0512,STORY-0512,ISSUE-0622,SPRINT-002,BC-014,SPEC-001/SPEC-003/SPEC-004,PASS
TASK-0513,STORY-0513,ISSUE-0623,SPRINT-002,BC-014,SPEC-001/SPEC-004,PASS
TASK-0514,STORY-0514,ISSUE-0624,SPRINT-002,BC-014,SPEC-001/SPEC-004,PASS
TASK-0515,STORY-0515,ISSUE-0625,SPRINT-002,BC-014,SPEC-001/SPEC-004,PASS
TASK-0516,STORY-0516,ISSUE-0626,SPRINT-011,BC-014,SPEC-001/SPEC-004,PASS
TASK-0517,STORY-0517,ISSUE-0627,SPRINT-011,BC-014,SPEC-001/SPEC-003/SPEC-004,PASS
TASK-0518,STORY-0518,ISSUE-0628,SPRINT-011,BC-014,SPEC-001/SPEC-004,PASS
TASK-0519,STORY-0519,ISSUE-0629,SPRINT-011,BC-014,SPEC-001/SPEC-004,PASS
TASK-0520,STORY-0520,ISSUE-0630,SPRINT-011,BC-014,SPEC-001/SPEC-004,PASS
TASK-0521,STORY-0521,ISSUE-0631,SPRINT-011,BC-014,SPEC-001/SPEC-004,PASS
TASK-0522,STORY-0522,ISSUE-0632,SPRINT-009,BC-016,SPEC-001/SPEC-004,PASS
TASK-0523,STORY-0523,ISSUE-0633,SPRINT-009,BC-016,SPEC-001/SPEC-004,PASS
TASK-0524,STORY-0524,ISSUE-0634,SPRINT-009,BC-016,SPEC-001/SPEC-004,PASS
TASK-0525,STORY-0525,ISSUE-0635,SPRINT-009,BC-016,SPEC-001/SPEC-004,PASS
TASK-0526,STORY-0526,ISSUE-0636,SPRINT-009,BC-016,SPEC-001/SPEC-004,PASS
TASK-0527,STORY-0527,ISSUE-0637,SPRINT-009,BC-016,SPEC-001/SPEC-004,PASS
TASK-0528,STORY-0528,ISSUE-0638,SPRINT-012,BC-015,SPEC-001/SPEC-004,PASS
TASK-0529,STORY-0529,ISSUE-0639,SPRINT-012,BC-015,SPEC-001/SPEC-004,PASS
TASK-0530,STORY-0530,ISSUE-0640,SPRINT-012,BC-015,SPEC-001/SPEC-004,PASS
TASK-0531,STORY-0531,ISSUE-0641,SPRINT-012,BC-015,SPEC-001/SPEC-004,PASS
TASK-0532,STORY-0532,ISSUE-0642,SPRINT-012,BC-015,SPEC-001/SPEC-004,PASS
TASK-0533,STORY-0533,ISSUE-0643,SPRINT-012,BC-015,SPEC-001/SPEC-004,PASS
TASK-0534,STORY-0534,ISSUE-0644,SPRINT-001,BC-001,SPEC-001/SPEC-004,PASS
TASK-0535,STORY-0535,ISSUE-0645,SPRINT-001,BC-001,SPEC-001/SPEC-004,PASS
TASK-0536,STORY-0536,ISSUE-0646,SPRINT-001,BC-001,SPEC-001/SPEC-004,PASS
TASK-0537,STORY-0537,ISSUE-0647,SPRINT-001,BC-001,SPEC-001/SPEC-004,PASS
TASK-0538,STORY-0538,ISSUE-0648,SPRINT-001,BC-001,SPEC-001/SPEC-004,PASS
TASK-0539,STORY-0539,ISSUE-0649,SPRINT-012,BC-015,SPEC-001/SPEC-004,PASS
TASK-0540,STORY-0540,ISSUE-0650,SPRINT-012,BC-015,SPEC-001/SPEC-004,PASS
TASK-0541,STORY-0541,ISSUE-0651,SPRINT-012,BC-015,SPEC-001/SPEC-004,PASS
TASK-0542,STORY-0542,ISSUE-0652,SPRINT-012,BC-015,SPEC-001/SPEC-004,PASS
TASK-0543,STORY-0543,ISSUE-0653,SPRINT-012,BC-015,SPEC-001/SPEC-004,PASS
TASK-0544,STORY-0544,ISSUE-0654,SPRINT-012,BC-015,SPEC-001/SPEC-004,PASS
TASK-0545,STORY-0545,ISSUE-0655,SPRINT-011,BC-009,SPEC-001/SPEC-003/SPEC-004,PASS
TASK-0546,STORY-0546,ISSUE-0656,SPRINT-011,BC-009,SPEC-001/SPEC-003/SPEC-004,PASS
TASK-0547,STORY-0547,ISSUE-0657,SPRINT-011,BC-009,SPEC-001/SPEC-003/SPEC-004,PASS
TASK-0548,STORY-0548,ISSUE-0658,SPRINT-011,BC-009,SPEC-001/SPEC-003/SPEC-004,PASS
TASK-0549,STORY-0549,ISSUE-0659,SPRINT-012,BC-015,SPEC-001/SPEC-004,PASS
TASK-0550,STORY-0550,ISSUE-0660,SPRINT-012,BC-015,SPEC-001/SPEC-004,PASS
TASK-0551,STORY-0551,ISSUE-0661,SPRINT-012,BC-015,SPEC-001/SPEC-004,PASS
TASK-0552,STORY-0552,ISSUE-0662,SPRINT-012,BC-015,SPEC-001/SPEC-004,PASS
TASK-0553,STORY-0553,ISSUE-0663,SPRINT-012,BC-015,SPEC-001/SPEC-004,PASS
TASK-0554,STORY-0554,ISSUE-0664,SPRINT-012,BC-015,SPEC-001/SPEC-004,PASS
TASK-0555,STORY-0555,ISSUE-0665,SPRINT-001,BC-001,SPEC-001/SPEC-004,PASS
TASK-0556,STORY-0556,ISSUE-0666,SPRINT-001,BC-001,SPEC-001/SPEC-004,PASS
TASK-0557,STORY-0557,ISSUE-0667,SPRINT-001,BC-001,SPEC-001/SPEC-004,PASS
TASK-0558,STORY-0558,ISSUE-0668,SPRINT-001,BC-001,SPEC-001/SPEC-004,PASS
TASK-0559,STORY-0559,ISSUE-0669,SPRINT-001,BC-001,SPEC-001/SPEC-004,PASS
TASK-0560,STORY-0560,ISSUE-0670,SPRINT-001,BC-001,SPEC-001/SPEC-004,PASS
TASK-0561,STORY-0561,ISSUE-0671,SPRINT-001,BC-001,SPEC-001/SPEC-004,PASS
TASK-0562,STORY-0562,ISSUE-0672,SPRINT-001,BC-001,SPEC-001/SPEC-004,PASS
TASK-0563,STORY-0563,ISSUE-0673,SPRINT-001,BC-001,SPEC-001/SPEC-004,PASS
TASK-0564,STORY-0564,ISSUE-0674,SPRINT-001,BC-001,SPEC-001/SPEC-004,PASS
TASK-0565,STORY-0565,ISSUE-0675,SPRINT-001,BC-001,SPEC-001/SPEC-004,PASS
TASK-0566,STORY-0566,ISSUE-0676,SPRINT-001,BC-001,SPEC-001/SPEC-003/SPEC-004,PASS
TASK-0567,STORY-0567,ISSUE-0677,SPRINT-001,BC-001,SPEC-001/SPEC-004,PASS
TASK-0568,STORY-0568,ISSUE-0678,SPRINT-001,BC-001,SPEC-001/SPEC-004,PASS
TASK-0569,STORY-0569,ISSUE-0679,SPRINT-001,BC-001,SPEC-001/SPEC-004,PASS
TASK-0570,STORY-0570,ISSUE-0680,SPRINT-007,BC-006,SPEC-001/SPEC-004,PASS
TASK-0571,STORY-0571,ISSUE-0681,SPRINT-007,BC-006,SPEC-001/SPEC-004/SPEC-005,PASS
TASK-0572,STORY-0572,ISSUE-0682,SPRINT-007,BC-006,SPEC-001/SPEC-004/SPEC-005,PASS
TASK-0573,STORY-0573,ISSUE-0683,SPRINT-007,BC-006,SPEC-001/SPEC-004/SPEC-005,PASS
TASK-0574,STORY-0574,ISSUE-0684,SPRINT-007,BC-006,SPEC-001/SPEC-004/SPEC-005,PASS
TASK-0575,STORY-0575,ISSUE-0685,SPRINT-007,BC-006,SPEC-001/SPEC-004,PASS
TASK-0576,STORY-0576,ISSUE-0686,SPRINT-007,BC-006,SPEC-001/SPEC-004,PASS
TASK-0577,STORY-0577,ISSUE-0687,SPRINT-007,BC-006,SPEC-001/SPEC-004,PASS
TASK-0578,STORY-0578,ISSUE-0688,SPRINT-007,BC-006,SPEC-001/SPEC-004/SPEC-005,PASS
TASK-0579,STORY-0579,ISSUE-0689,SPRINT-007,BC-006,SPEC-001/SPEC-004/SPEC-005,PASS
TASK-0580,STORY-0580,ISSUE-0690,SPRINT-007,BC-006,SPEC-001/SPEC-004/SPEC-005,PASS
TASK-0581,STORY-0581,ISSUE-0691,SPRINT-007,BC-006,SPEC-001/SPEC-004/SPEC-005,PASS
TASK-0582,STORY-0582,ISSUE-0692,SPRINT-007,BC-006,SPEC-001/SPEC-004,PASS
TASK-0583,STORY-0583,ISSUE-0693,SPRINT-007,BC-006,SPEC-001/SPEC-004,PASS
TASK-0584,STORY-0584,ISSUE-0694,SPRINT-007,BC-006,SPEC-001/SPEC-004,PASS
TASK-0585,STORY-0585,ISSUE-0695,SPRINT-007,BC-006,SPEC-001/SPEC-004/SPEC-005,PASS
TASK-0586,STORY-0586,ISSUE-0696,SPRINT-007,BC-006,SPEC-001/SPEC-004/SPEC-005,PASS
TASK-0587,STORY-0587,ISSUE-0697,SPRINT-007,BC-006,SPEC-001/SPEC-004/SPEC-005,PASS
TASK-0588,STORY-0588,ISSUE-0698,SPRINT-007,BC-006,SPEC-001/SPEC-004/SPEC-005,PASS
TASK-0589,STORY-0589,ISSUE-0699,SPRINT-007,BC-006,SPEC-001/SPEC-004,PASS
TASK-0590,STORY-0590,ISSUE-0700,SPRINT-007,BC-006,SPEC-001/SPEC-004,PASS
TASK-0591,STORY-0591,ISSUE-0701,SPRINT-007,BC-006,SPEC-001/SPEC-004/SPEC-005,PASS
TASK-0592,STORY-0592,ISSUE-0702,SPRINT-007,BC-006,SPEC-001/SPEC-004/SPEC-005,PASS
TASK-0593,STORY-0593,ISSUE-0703,SPRINT-007,BC-006,SPEC-001/SPEC-004/SPEC-005,PASS
TASK-0594,STORY-0594,ISSUE-0704,SPRINT-007,BC-006,SPEC-001/SPEC-004/SPEC-005,PASS
TASK-0595,STORY-0595,ISSUE-0705,SPRINT-007,BC-006,SPEC-001/SPEC-004/SPEC-005,PASS
TASK-0596,STORY-0596,ISSUE-0706,SPRINT-007,BC-006,SPEC-001/SPEC-004,PASS
TASK-0597,STORY-0597,ISSUE-0707,SPRINT-007,BC-006,SPEC-001/SPEC-004,PASS
TASK-0598,STORY-0598,ISSUE-0708,SPRINT-007,BC-006,SPEC-001/SPEC-004,PASS
TASK-0599,STORY-0599,ISSUE-0709,SPRINT-007,BC-006,SPEC-001/SPEC-004/SPEC-005,PASS
TASK-0600,STORY-0600,ISSUE-0710,SPRINT-007,BC-006,SPEC-001/SPEC-004/SPEC-005,PASS
TASK-0601,STORY-0601,ISSUE-0711,SPRINT-007,BC-006,SPEC-001/SPEC-004/SPEC-005,PASS
TASK-0602,STORY-0602,ISSUE-0712,SPRINT-007,BC-006,SPEC-001/SPEC-004/SPEC-005,PASS
TASK-0603,STORY-0603,ISSUE-0713,SPRINT-007,BC-006,SPEC-001/SPEC-004,PASS
TASK-0604,STORY-0604,ISSUE-0714,SPRINT-007,BC-006,SPEC-001/SPEC-004,PASS
TASK-0605,STORY-0605,ISSUE-0715,SPRINT-007,BC-008,SPEC-001/SPEC-004,PASS
TASK-0606,STORY-0606,ISSUE-0716,SPRINT-007,BC-008,SPEC-001/SPEC-004/SPEC-005,PASS
TASK-0607,STORY-0607,ISSUE-0717,SPRINT-007,BC-008,SPEC-001/SPEC-004/SPEC-005,PASS
TASK-0608,STORY-0608,ISSUE-0718,SPRINT-007,BC-008,SPEC-001/SPEC-004/SPEC-005,PASS
TASK-0609,STORY-0609,ISSUE-0719,SPRINT-007,BC-008,SPEC-001/SPEC-004/SPEC-005,PASS
TASK-0610,STORY-0610,ISSUE-0720,SPRINT-007,BC-008,SPEC-001/SPEC-004,PASS
TASK-0611,STORY-0611,ISSUE-0721,SPRINT-007,BC-008,SPEC-001/SPEC-004,PASS
TASK-0612,STORY-0612,ISSUE-0722,SPRINT-008,BC-008,SPEC-001/SPEC-004,PASS
TASK-0613,STORY-0613,ISSUE-0723,SPRINT-008,BC-008,SPEC-001/SPEC-004/SPEC-005,PASS
TASK-0614,STORY-0614,ISSUE-0724,SPRINT-008,BC-008,SPEC-001/SPEC-004/SPEC-005,PASS
TASK-0615,STORY-0615,ISSUE-0725,SPRINT-008,BC-008,SPEC-001/SPEC-004/SPEC-005,PASS
TASK-0616,STORY-0616,ISSUE-0726,SPRINT-008,BC-008,SPEC-001/SPEC-004/SPEC-005,PASS
TASK-0617,STORY-0617,ISSUE-0727,SPRINT-008,BC-008,SPEC-001/SPEC-004,PASS
TASK-0618,STORY-0618,ISSUE-0728,SPRINT-008,BC-008,SPEC-001/SPEC-004,PASS
TASK-0619,STORY-0619,ISSUE-0729,SPRINT-008,BC-008,SPEC-001/SPEC-002/SPEC-004,PASS
TASK-0620,STORY-0620,ISSUE-0730,SPRINT-008,BC-008,SPEC-001/SPEC-004/SPEC-005,PASS
TASK-0621,STORY-0621,ISSUE-0731,SPRINT-008,BC-008,SPEC-001/SPEC-004/SPEC-005,PASS
TASK-0622,STORY-0622,ISSUE-0732,SPRINT-008,BC-008,SPEC-001/SPEC-004/SPEC-005,PASS
TASK-0623,STORY-0623,ISSUE-0733,SPRINT-008,BC-008,SPEC-001/SPEC-004/SPEC-005,PASS
TASK-0624,STORY-0624,ISSUE-0734,SPRINT-008,BC-008,SPEC-001/SPEC-004,PASS
TASK-0625,STORY-0625,ISSUE-0735,SPRINT-008,BC-008,SPEC-001/SPEC-004,PASS
TASK-0626,STORY-0626,ISSUE-0736,SPRINT-008,BC-008,SPEC-001/SPEC-004,PASS
TASK-0627,STORY-0627,ISSUE-0737,SPRINT-008,BC-008,SPEC-001/SPEC-004/SPEC-005,PASS
TASK-0628,STORY-0628,ISSUE-0738,SPRINT-008,BC-008,SPEC-001/SPEC-004/SPEC-005,PASS
TASK-0629,STORY-0629,ISSUE-0739,SPRINT-008,BC-008,SPEC-001/SPEC-004/SPEC-005,PASS
TASK-0630,STORY-0630,ISSUE-0740,SPRINT-008,BC-008,SPEC-001/SPEC-004/SPEC-005,PASS
TASK-0631,STORY-0631,ISSUE-0741,SPRINT-008,BC-008,SPEC-001/SPEC-004,PASS
TASK-0632,STORY-0632,ISSUE-0742,SPRINT-008,BC-008,SPEC-001/SPEC-004,PASS
TASK-0633,STORY-0633,ISSUE-0743,SPRINT-008,BC-008,SPEC-001/SPEC-004,PASS
TASK-0634,STORY-0634,ISSUE-0744,SPRINT-008,BC-008,SPEC-001/SPEC-004/SPEC-005,PASS
TASK-0635,STORY-0635,ISSUE-0745,SPRINT-008,BC-008,SPEC-001/SPEC-004/SPEC-005,PASS
TASK-0636,STORY-0636,ISSUE-0746,SPRINT-008,BC-008,SPEC-001/SPEC-004/SPEC-005,PASS
TASK-0637,STORY-0637,ISSUE-0747,SPRINT-008,BC-008,SPEC-001/SPEC-004/SPEC-005,PASS
TASK-0638,STORY-0638,ISSUE-0748,SPRINT-008,BC-008,SPEC-001/SPEC-004,PASS
TASK-0639,STORY-0639,ISSUE-0749,SPRINT-008,BC-008,SPEC-001/SPEC-004,PASS
TASK-0640,STORY-0640,ISSUE-0750,SPRINT-008,BC-008,SPEC-001/SPEC-004,PASS
TASK-0641,STORY-0641,ISSUE-0751,SPRINT-008,BC-008,SPEC-001/SPEC-004/SPEC-005,PASS
TASK-0642,STORY-0642,ISSUE-0752,SPRINT-008,BC-008,SPEC-001/SPEC-004/SPEC-005,PASS
TASK-0643,STORY-0643,ISSUE-0753,SPRINT-008,BC-008,SPEC-001/SPEC-004/SPEC-005,PASS
TASK-0644,STORY-0644,ISSUE-0754,SPRINT-008,BC-008,SPEC-001/SPEC-004/SPEC-005,PASS
TASK-0645,STORY-0645,ISSUE-0755,SPRINT-008,BC-008,SPEC-001/SPEC-004,PASS
TASK-0646,STORY-0646,ISSUE-0756,SPRINT-008,BC-008,SPEC-001/SPEC-004,PASS
TASK-0647,STORY-0647,ISSUE-0757,SPRINT-004,BC-010,SPEC-001/SPEC-004,PASS
TASK-0648,STORY-0648,ISSUE-0758,SPRINT-004,BC-010,SPEC-001/SPEC-003/SPEC-004,PASS
TASK-0649,STORY-0649,ISSUE-0759,SPRINT-004,BC-010,SPEC-001/SPEC-004,PASS
TASK-0650,STORY-0650,ISSUE-0760,SPRINT-004,BC-010,SPEC-001/SPEC-004,PASS
TASK-0651,STORY-0651,ISSUE-0761,SPRINT-004,BC-010,SPEC-001/SPEC-004,PASS
TASK-0652,STORY-0652,ISSUE-0762,SPRINT-004,BC-010,SPEC-001/SPEC-003/SPEC-004,PASS
TASK-0653,STORY-0653,ISSUE-0763,SPRINT-004,BC-010,SPEC-001/SPEC-004,PASS
TASK-0654,STORY-0654,ISSUE-0764,SPRINT-010,BC-013,SPEC-001/SPEC-003/SPEC-004/SPEC-005,PASS
TASK-0655,STORY-0655,ISSUE-0765,SPRINT-010,BC-013,SPEC-001/SPEC-003/SPEC-004/SPEC-005,PASS
TASK-0656,STORY-0656,ISSUE-0766,SPRINT-010,BC-013,SPEC-001/SPEC-004/SPEC-005,PASS
TASK-0657,STORY-0657,ISSUE-0767,SPRINT-010,BC-013,SPEC-001/SPEC-004/SPEC-005,PASS
TASK-0658,STORY-0658,ISSUE-0768,SPRINT-010,BC-013,SPEC-001/SPEC-004/SPEC-005,PASS
TASK-0659,STORY-0659,ISSUE-0769,SPRINT-010,BC-013,SPEC-001/SPEC-004/SPEC-005,PASS
TASK-0660,STORY-0660,ISSUE-0770,SPRINT-012,BC-015,SPEC-001/SPEC-004,PASS
TASK-0661,STORY-0661,ISSUE-0771,SPRINT-012,BC-015,SPEC-001/SPEC-004,PASS
TASK-0662,STORY-0662,ISSUE-0772,SPRINT-012,BC-015,SPEC-001/SPEC-004,PASS
TASK-0663,STORY-0663,ISSUE-0773,SPRINT-012,BC-015,SPEC-001/SPEC-004,PASS
TASK-0664,STORY-0664,ISSUE-0774,SPRINT-012,BC-015,SPEC-001/SPEC-004,PASS
TASK-0665,STORY-0665,ISSUE-0775,SPRINT-012,BC-015,SPEC-001/SPEC-004,PASS
TASK-0666,STORY-0666,ISSUE-0776,SPRINT-012,BC-015,SPEC-001/SPEC-004,PASS
TASK-0667,STORY-0667,ISSUE-0777,SPRINT-012,BC-015,SPEC-001/SPEC-004,PASS
TASK-0668,STORY-0668,ISSUE-0778,SPRINT-012,BC-015,SPEC-001/SPEC-004,PASS
TASK-0669,STORY-0669,ISSUE-0779,SPRINT-012,BC-015,SPEC-001/SPEC-004,PASS
TASK-0670,STORY-0670,ISSUE-0780,SPRINT-012,BC-015,SPEC-001/SPEC-004,PASS
TASK-0671,STORY-0671,ISSUE-0781,SPRINT-012,BC-015,SPEC-001/SPEC-004,PASS
TASK-0672,STORY-0672,ISSUE-0782,SPRINT-012,BC-015,SPEC-001/SPEC-004,PASS
TASK-0673,STORY-0673,ISSUE-0783,SPRINT-012,BC-015,SPEC-001/SPEC-004,PASS
TASK-0674,STORY-0674,ISSUE-0784,SPRINT-012,BC-015,SPEC-001/SPEC-004,PASS
TASK-0675,STORY-0675,ISSUE-0785,SPRINT-012,BC-015,SPEC-001/SPEC-004,PASS
TASK-0676,STORY-0676,ISSUE-0786,SPRINT-012,BC-015,SPEC-001/SPEC-004,PASS
TASK-0677,STORY-0677,ISSUE-0787,SPRINT-012,BC-015,SPEC-001/SPEC-004,PASS
TASK-0678,STORY-0678,ISSUE-0788,SPRINT-012,BC-015,SPEC-001/SPEC-004,PASS
TASK-0679,STORY-0679,ISSUE-0789,SPRINT-012,BC-015,SPEC-001/SPEC-004,PASS
TASK-0680,STORY-0680,ISSUE-0790,SPRINT-012,BC-015,SPEC-001/SPEC-004,PASS
TASK-0681,STORY-0681,ISSUE-0791,SPRINT-012,BC-015,SPEC-001/SPEC-004,PASS
TASK-0682,STORY-0682,ISSUE-0792,SPRINT-012,BC-015,SPEC-001/SPEC-004,PASS
TASK-0683,STORY-0683,ISSUE-0793,SPRINT-001,BC-001,SPEC-001/SPEC-004/SPEC-005,PASS
TASK-0684,STORY-0684,ISSUE-0794,SPRINT-001,BC-001,SPEC-001/SPEC-004,PASS
TASK-0685,STORY-0685,ISSUE-0795,SPRINT-001,BC-001,SPEC-001/SPEC-004,PASS
TASK-0686,STORY-0686,ISSUE-0796,SPRINT-001,BC-001,SPEC-001/SPEC-004,PASS
TASK-0687,STORY-0687,ISSUE-0797,SPRINT-001,BC-001,SPEC-001/SPEC-004,PASS
TASK-0688,STORY-0688,ISSUE-0798,SPRINT-001,BC-001,SPEC-001/SPEC-004,PASS
TASK-0689,STORY-0689,ISSUE-0799,SPRINT-001,BC-001,SPEC-001/SPEC-004,PASS
TASK-0690,STORY-0690,ISSUE-0800,SPRINT-001,BC-001,SPEC-001/SPEC-004/SPEC-005,PASS
TASK-0691,STORY-0691,ISSUE-0801,SPRINT-001,BC-001,SPEC-001/SPEC-004,PASS
TASK-0692,STORY-0692,ISSUE-0802,SPRINT-001,BC-001,SPEC-001/SPEC-004/SPEC-005,PASS
TASK-0693,STORY-0693,ISSUE-0803,SPRINT-001,BC-001,SPEC-001/SPEC-004/SPEC-005,PASS
TASK-0694,STORY-0694,ISSUE-0804,SPRINT-001,BC-001,SPEC-001/SPEC-004/SPEC-005,PASS
TASK-0695,STORY-0695,ISSUE-0805,SPRINT-001,BC-001,SPEC-001/SPEC-004/SPEC-005,PASS
TASK-0696,STORY-0696,ISSUE-0806,SPRINT-001,BC-001,SPEC-001/SPEC-003/SPEC-004/SPEC-005,PASS
TASK-0697,STORY-0697,ISSUE-0807,SPRINT-001,BC-001,SPEC-001/SPEC-003/SPEC-004,PASS
TASK-0698,STORY-0698,ISSUE-0808,SPRINT-001,BC-001,SPEC-001/SPEC-004,PASS
TASK-0699,STORY-0699,ISSUE-0809,SPRINT-001,BC-001,SPEC-001/SPEC-004,PASS
TASK-0700,STORY-0700,ISSUE-0810,SPRINT-001,BC-001,SPEC-001/SPEC-004,PASS
TASK-0701,STORY-0701,ISSUE-0811,SPRINT-001,BC-001,SPEC-001/SPEC-004,PASS
TASK-0702,STORY-0702,ISSUE-0812,SPRINT-001,BC-001,SPEC-001/SPEC-003/SPEC-004,PASS
TASK-0703,STORY-0703,ISSUE-0813,SPRINT-001,BC-001,SPEC-001/SPEC-004/SPEC-005,PASS
TASK-0704,STORY-0704,ISSUE-0814,SPRINT-001,BC-001,SPEC-001/SPEC-004,PASS
TASK-0705,STORY-0705,ISSUE-0815,SPRINT-001,BC-001,SPEC-001/SPEC-004/SPEC-005,PASS
TASK-0706,STORY-0706,ISSUE-0816,SPRINT-001,BC-001,SPEC-001/SPEC-003/SPEC-004,PASS
TASK-0707,STORY-0707,ISSUE-0817,SPRINT-001,BC-001,SPEC-001/SPEC-004,PASS
TASK-0708,STORY-0708,ISSUE-0818,SPRINT-001,BC-001,SPEC-001/SPEC-003/SPEC-004,PASS
TASK-0709,STORY-0709,ISSUE-0819,SPRINT-001,BC-001,SPEC-001/SPEC-004,PASS
TASK-0710,STORY-0710,ISSUE-0820,SPRINT-001,BC-001,SPEC-001/SPEC-004/SPEC-005,PASS
TASK-0711,STORY-0711,ISSUE-0821,SPRINT-001,BC-001,SPEC-001/SPEC-003/SPEC-004/SPEC-005,PASS
TASK-0712,STORY-0712,ISSUE-0822,SPRINT-002,BC-002,SPEC-001/SPEC-004/SPEC-005,PASS
TASK-0713,STORY-0713,ISSUE-0823,SPRINT-002,BC-002,SPEC-001/SPEC-004,PASS
TASK-0714,STORY-0714,ISSUE-0824,SPRINT-002,BC-002,SPEC-001/SPEC-004/SPEC-005,PASS
TASK-0715,STORY-0715,ISSUE-0825,SPRINT-002,BC-002,SPEC-001/SPEC-004,PASS
TASK-0716,STORY-0716,ISSUE-0826,SPRINT-002,BC-002,SPEC-001/SPEC-004/SPEC-005,PASS
TASK-0717,STORY-0717,ISSUE-0827,SPRINT-002,BC-002,SPEC-001/SPEC-004,PASS
TASK-0718,STORY-0718,ISSUE-0828,SPRINT-002,BC-003,SPEC-001/SPEC-004/SPEC-005,PASS
TASK-0719,STORY-0719,ISSUE-0829,SPRINT-002,BC-003,SPEC-001/SPEC-004,PASS
TASK-0720,STORY-0720,ISSUE-0830,SPRINT-002,BC-003,SPEC-001/SPEC-004,PASS
TASK-0721,STORY-0721,ISSUE-0831,SPRINT-003,BC-010,SPEC-001/SPEC-003/SPEC-004,PASS
TASK-0722,STORY-0722,ISSUE-0832,SPRINT-003,BC-010,SPEC-001/SPEC-004/SPEC-005,PASS
TASK-0723,STORY-0723,ISSUE-0833,SPRINT-005,BC-007,SPEC-001/SPEC-004/SPEC-005,PASS
TASK-0724,STORY-0724,ISSUE-0834,SPRINT-005,BC-007,SPEC-001/SPEC-003/SPEC-004/SPEC-005,PASS
TASK-0725,STORY-0725,ISSUE-0835,SPRINT-005,BC-005,SPEC-001/SPEC-003/SPEC-004/SPEC-005,PASS
TASK-0726,STORY-0726,ISSUE-0836,SPRINT-005,BC-005,SPEC-001/SPEC-004/SPEC-005,PASS
TASK-0727,STORY-0727,ISSUE-0837,SPRINT-005,BC-005,SPEC-001/SPEC-004/SPEC-005,PASS
TASK-0728,STORY-0728,ISSUE-0838,SPRINT-005,BC-005,SPEC-001/SPEC-004/SPEC-005,PASS
TASK-0729,STORY-0729,ISSUE-0839,SPRINT-005,BC-007,SPEC-001/SPEC-003/SPEC-004/SPEC-005,PASS
TASK-0730,STORY-0730,ISSUE-0840,SPRINT-005,BC-007,SPEC-001/SPEC-004/SPEC-005,PASS
TASK-0731,STORY-0731,ISSUE-0841,SPRINT-005,BC-007,SPEC-001/SPEC-004/SPEC-005,PASS
TASK-0732,STORY-0732,ISSUE-0842,SPRINT-005,BC-013,SPEC-001/SPEC-004/SPEC-005,PASS
TASK-0733,STORY-0733,ISSUE-0843,SPRINT-005,BC-013,SPEC-001/SPEC-004/SPEC-005,PASS
TASK-0734,STORY-0734,ISSUE-0844,SPRINT-005,BC-013,SPEC-001/SPEC-004/SPEC-005,PASS
TASK-0735,STORY-0735,ISSUE-0845,SPRINT-005,BC-007,SPEC-001/SPEC-003/SPEC-004/SPEC-005,PASS
TASK-0736,STORY-0736,ISSUE-0846,SPRINT-005,BC-007,SPEC-001/SPEC-003/SPEC-004/SPEC-005,PASS
TASK-0737,STORY-0737,ISSUE-0847,SPRINT-005,BC-007,SPEC-001/SPEC-003/SPEC-004/SPEC-005,PASS
TASK-0738,STORY-0738,ISSUE-0848,SPRINT-009,BC-016,SPEC-001/SPEC-004/SPEC-005,PASS
TASK-0739,STORY-0739,ISSUE-0849,SPRINT-009,BC-016,SPEC-001/SPEC-004,PASS
TASK-0740,STORY-0740,ISSUE-0850,SPRINT-009,BC-016,SPEC-001/SPEC-004,PASS
TASK-0741,STORY-0741,ISSUE-0851,SPRINT-009,BC-016,SPEC-001/SPEC-004,PASS
TASK-0742,STORY-0742,ISSUE-0852,SPRINT-009,BC-016,SPEC-001/SPEC-003/SPEC-004,PASS
TASK-0743,STORY-0743,ISSUE-0853,SPRINT-010,BC-012,SPEC-001/SPEC-004/SPEC-005,PASS
TASK-0744,STORY-0744,ISSUE-0854,SPRINT-010,BC-012,SPEC-001/SPEC-003/SPEC-004/SPEC-005,PASS
TASK-0745,STORY-0745,ISSUE-0855,SPRINT-011,BC-014,SPEC-001/SPEC-003/SPEC-004/SPEC-005,PASS
TASK-0746,STORY-0746,ISSUE-0856,SPRINT-011,BC-014,SPEC-001/SPEC-004/SPEC-005,PASS
TASK-0747,STORY-0747,ISSUE-0857,SPRINT-002,BC-014,SPEC-001/SPEC-003/SPEC-004,PASS
TASK-0748,STORY-0748,ISSUE-0858,SPRINT-002,BC-014,SPEC-001/SPEC-004/SPEC-005,PASS
TASK-0749,STORY-0749,ISSUE-0859,SPRINT-002,BC-014,SPEC-001/SPEC-004,PASS
TASK-0750,STORY-0750,ISSUE-0860,SPRINT-006,BC-009,SPEC-001/SPEC-003/SPEC-004/SPEC-005,PASS
TASK-0751,STORY-0751,ISSUE-0861,SPRINT-006,BC-009,SPEC-001/SPEC-003/SPEC-004/SPEC-005,PASS
TASK-0752,STORY-0752,ISSUE-0862,SPRINT-001,BC-001,SPEC-001/SPEC-004,PASS
TASK-0753,STORY-0753,ISSUE-0863,SPRINT-001,BC-001,SPEC-001/SPEC-004,PASS
TASK-0754,STORY-0754,ISSUE-0864,SPRINT-001,BC-001,SPEC-001/SPEC-004,PASS
TASK-0755,STORY-0755,ISSUE-0865,SPRINT-001,BC-001,SPEC-001/SPEC-004,PASS
TASK-0756,STORY-0756,ISSUE-0866,SPRINT-001,BC-001,SPEC-001/SPEC-003/SPEC-004/SPEC-005,PASS
TASK-0757,STORY-0757,ISSUE-0867,SPRINT-001,BC-001,SPEC-001/SPEC-003/SPEC-004,PASS
TASK-0758,STORY-0758,ISSUE-0868,SPRINT-001,BC-001,SPEC-001/SPEC-004,PASS
TASK-0759,STORY-0759,ISSUE-0869,SPRINT-001,BC-001,SPEC-001/SPEC-004,PASS
TASK-0760,STORY-0760,ISSUE-0870,SPRINT-001,BC-001,SPEC-001/SPEC-004,PASS
