requirement_id,type,category,priority,owner,linked_epics,evidence_or_test,status,file,owning_context,consumer_contexts
REQ-ACC-001,FUNCIONAL,ACC,P0,ADR-043,EPIC-009/EPIC-010,test_role_project_operation_access,PENDING,REQ-ACC-001-autorizacoes-sao-aplicadas-server-side-por-papel-projeto-operacao-e-recu.md,BC-002,BC-002
REQ-AI-001,FUNCIONAL,AI,P1,ADR-017,EPIC-050,test_req_ai_001,PENDING,REQ-AI-001-modelo-requer-manifesto-licenca-hash-benchmark-e-feature-flag.md,BC-009,BC-009
REQ-AI-005,FUNCIONAL,AI,P0,ADR-052,EPIC-026/EPIC-050,test_modelrunner_manifest_equivalence_device_precision,PENDING,REQ-AI-005-modelos-sao-executados-por-contrato-modelrunner-versionado-com-runner-di.md,BC-013,BC-013/BC-009
REQ-AI-006,FUNCIONAL,AI,P0,ADR-052,EPIC-080,test_modelpack_signature_license_hash_offline_import,PENDING,REQ-AI-006-pesos-opcionais-sao-instalados-somente-como-modelpacks-assinados-licenci.md,BC-015,BC-015
REQ-AI-007,FUNCIONAL,AI,P1,ADR-051,EPIC-006,test_reference_capability_inventory_no_code_import,PENDING,REQ-AI-007-requisito-verificavel-por-test-conhecimento-tecnico-de-referencia-seven.md,BC-001,BC-001
REQ-AI-008,FUNCIONAL,AI,P1,ADR-009,EPIC-029/EPIC-050,test_stage_capability_contract_preconditions_budget_reason,PENDING,REQ-AI-008-cada-capability-de-ia-possui-contrato-versionado-que-declara-estagio-pre-condicoes-orcamento.md,BC-004,BC-004/BC-009
REQ-AI-009,FUNCIONAL,AI,P1,ADR-052,EPIC-049/EPIC-050,test_inference_first_no_training_or_weight_mutation_in_jobs,PENDING,REQ-AI-009-jobs-operacionais-usam-somente-inferencia-com-modelpacks-pre-treinados-assinados-e-pinados-t.md,BC-013,BC-013/BC-009
REQ-AI-010,FUNCIONAL,AI,P1,ADR-009,EPIC-022/EPIC-029,test_retrieval_never_generates_gcp_homography_or_acceptance,PENDING,REQ-AI-010-a-capability-de-retrieval-pode-recuperar-ou-ranquear-candidatos-de-referencia-mas-nao-pode-g.md,BC-005,BC-005/BC-004
REQ-AI-011,FUNCIONAL,AI,P1,ADR-051,EPIC-029/EPIC-033,test_guided_ai_plan_no_raw_seven_mode_confusion,PENDING,REQ-AI-011-a-experiencia-de-ia-apresenta-plano-guiado-por-objetivo-e-recomendacao-explicavel-o-operador.md,BC-004,BC-004/BC-016
REQ-AI-012,FUNCIONAL,AI,P1,ADR-052,EPIC-028/EPIC-050,test_modelpack_stratified_promotion_and_reproducibility_gate,PENDING,REQ-AI-012-a-promocao-de-modelpack-exige-corpus-estratificado-benchmark-reproduzivel-verificacao-de-det.md,BC-007,BC-007/BC-009
REQ-AI-013,FUNCIONAL,AI,P1,ADR-009,EPIC-050,test_independent_ai_capability_lifecycle_and_promotion,PENDING,REQ-AI-013-cada-capability-de-ia-possui-lifecycle-versionamento-promocao-desativacao-e-rollback-indepen.md,BC-009,BC-009
REQ-AI-014,FUNCIONAL,AI,P1,ADR-009,EPIC-029,test_stage_precondition_budget_evidence_planner,PENDING,REQ-AI-014-o-planner-de-ia-avalia-pre-condicoes-de-estagio-budget-evidencia-disponivel-e-capability-pro.md,BC-004,BC-004
REQ-AI-015,FUNCIONAL,AI,P1,ADR-033,EPIC-050/EPIC-080,test_inference_only_runtime_no_training_or_weight_mutation,PENDING,REQ-AI-015-o-runtime-de-inferencia-monta-pesos-em-modo-somente-leitura-valida-assinatura-e-hash-antes-d.md,BC-009,BC-009/BC-015
REQ-AI-016,FUNCIONAL,AI,P1,ADR-009,EPIC-036/EPIC-084,test_guided_explainable_ai_ux_without_seven_modes,PENDING,REQ-AI-016-a-interface-explica-quando-a-ia-foi-usada-qual-capability-e-modelpack-foram-selecionados-o-m.md,BC-016,BC-016
REQ-AI-017,FUNCIONAL,AI,P1,ADR-009,EPIC-046/EPIC-050,test_experimental_capability_cannot_publish_accepted_artifactset,PENDING,REQ-AI-017-capabilities-experimentais-mesmo-quando-habilitadas-em-laboratorio-isolado-nao-podem-publica.md,BC-013,BC-013/BC-009
REQ-AIE-001,FUNCIONAL,AIE,P1,ADR-051,EPIC-005/EPIC-014/EPIC-022/EPIC-024/EPIC-028/EPIC-039/EPIC-041/EPIC-050,test_ai_escalation_decision_01,PENDING,REQ-AIE-001-classificar-falhas-classicas-por-taxonomia-tipada-e-determinar-elegibili.md,BC-001,BC-001/BC-010/BC-005/BC-007/BC-014/BC-009
REQ-AIE-002,FUNCIONAL,AIE,P1,ADR-038,EPIC-005/EPIC-014/EPIC-022/EPIC-024/EPIC-028/EPIC-039/EPIC-041/EPIC-050,test_ai_escalation_decision_02,PENDING,REQ-AIE-002-iniciar-ia-somente-apos-baseline-classica-checkpoint-e-trigger-controlad.md,BC-001,BC-001/BC-010/BC-005/BC-007/BC-014/BC-009
REQ-AIE-003,FUNCIONAL,AIE,P1,ADR-009,EPIC-005/EPIC-014/EPIC-022/EPIC-024/EPIC-028/EPIC-039/EPIC-041/EPIC-050,test_ai_escalation_decision_03,PENDING,REQ-AIE-003-selecionar-modelpack-por-recommender-deterministico-e-capability-aware.md,BC-001,BC-001/BC-010/BC-005/BC-007/BC-014/BC-009
REQ-AIE-004,FUNCIONAL,AIE,P1,ADR-051,EPIC-005/EPIC-014/EPIC-022/EPIC-024/EPIC-028/EPIC-039/EPIC-041/EPIC-050,test_ai_escalation_decision_04,PENDING,REQ-AIE-004-limitar-a-escada-neural-por-tentativas-tempo-memoria-device-e-prioridade.md,BC-001,BC-001/BC-010/BC-005/BC-007/BC-014/BC-009
REQ-AIE-005,NAO_FUNCIONAL,AIE,P1,ADR-038,EPIC-005/EPIC-014/EPIC-022/EPIC-024/EPIC-028/EPIC-039/EPIC-041/EPIC-050,test_ai_escalation_decision_05,PENDING,REQ-AIE-005-reutilizar-somente-checkpoints-e-artifacts-canonicos-com-compatibilidade.md,BC-001,BC-001/BC-010/BC-005/BC-007/BC-014/BC-009
REQ-AIE-006,NAO_FUNCIONAL,AIE,P1,ADR-051,EPIC-005/EPIC-014/EPIC-022/EPIC-024/EPIC-028/EPIC-039/EPIC-041/EPIC-050,test_ai_escalation_decision_06,PENDING,REQ-AIE-006-manter-ia-opcional-cpu-classic-baseline-funcional-e-indisponibilidade-ex.md,BC-001,BC-001/BC-010/BC-005/BC-007/BC-014/BC-009
REQ-AIE-007,FUNCIONAL,AIE,P1,ADR-046,EPIC-005/EPIC-014/EPIC-022/EPIC-024/EPIC-028/EPIC-039/EPIC-041/EPIC-050,test_ai_escalation_decision_07,PENDING,REQ-AIE-007-aplicar-sgv-independente-e-consenso-revisao-somente-conforme-risco.md,BC-001,BC-001/BC-010/BC-005/BC-007/BC-014/BC-009
REQ-AIE-008,FUNCIONAL,AIE,P1,ADR-052,EPIC-005/EPIC-014/EPIC-022/EPIC-024/EPIC-028/EPIC-039/EPIC-041/EPIC-050,test_ai_escalation_decision_08,PENDING,REQ-AIE-008-usar-modelpacks-assinados-pinados-licenciados-opt-in-e-importaveis-offli.md,BC-001,BC-001/BC-010/BC-005/BC-007/BC-014/BC-009
REQ-AIE-009,FUNCIONAL,AIE,P1,ADR-030,EPIC-005/EPIC-014/EPIC-022/EPIC-024/EPIC-028/EPIC-039/EPIC-041/EPIC-050,test_ai_escalation_decision_09,PENDING,REQ-AIE-009-explicar-elegibilidade-modelo-custo-resultado-e-controles-sem-permitir-b.md,BC-001,BC-001/BC-010/BC-005/BC-007/BC-014/BC-009
REQ-AIE-010,FUNCIONAL,AIE,P1,ADR-053,EPIC-005/EPIC-014/EPIC-022/EPIC-024/EPIC-028/EPIC-039/EPIC-041/EPIC-050,test_ai_escalation_decision_10,PENDING,REQ-AIE-010-promover-a-escada-por-corpus-shadow-dual-run-canary-gate-multidimensiona.md,BC-001,BC-001/BC-010/BC-005/BC-007/BC-014/BC-009
REQ-ANC-001,FUNCIONAL,ANC,P0,ADR-049,EPIC-058/EPIC-099,test_distributed_external_anchor_sources_provenance_uncertainty_and_coverage,PENDING,REQ-ANC-001-a-ancoragem-do-componente-combina-fontes-externas-e-gcps-espacialmente-d.md,BC-005,BC-005/BC-008
REQ-ANC-002,FUNCIONAL,ANC,P0,ADR-045,EPIC-024/EPIC-099,test_joint_anchored_per_image_homography_optimization_and_component_split,PENDING,REQ-ANC-002-o-ajuste-ao-mundo-preserva-restricoes-relativas-e-otimiza-homografias-po.md,BC-007,BC-007/BC-008
REQ-ANC-003,FUNCIONAL,ANC,P0,ADR-049,EPIC-024/EPIC-099,test_component_bootstrap_independent_gcps_homography_and_sgv,PENDING,REQ-ANC-003-a-solucao-do-componente-e-somente-bootstrap-cada-imagem-obtem-evidencia.md,BC-007,BC-007/BC-008
REQ-ANC-004,FUNCIONAL,ANC,P1,ADR-049,EPIC-046/EPIC-099,test_partial_anchor_states_subcomponents_and_immutable_artifacts,PENDING,REQ-ANC-004-ancoragem-parcial-divisao-de-subcomponentes-e-produtos-intermediarios-sa.md,BC-013,BC-013/BC-008
REQ-ANC-005,FUNCIONAL,ANC,P1,ADR-049,EPIC-032/EPIC-100,test_multiview_anchor_workspace_source_pixel_provenance_and_refinement,PENDING,REQ-ANC-005-o-workspace-deve-vincular-cada-ancora-criada-no-contexto-do-mosaico-a-im.md,BC-016,BC-016/BC-008
REQ-ANC-006,FUNCIONAL,ANC,P0,ADR-049,EPIC-024/EPIC-100,test_anchor_coverage_conditioning_diversity_marginal_gain_and_stop_rule,PENDING,REQ-ANC-006-a-suficiencia-das-ancoras-deve-considerar-cobertura-condicionamento-dive.md,BC-007,BC-007/BC-008
REQ-ANC-007,FUNCIONAL,ANC,P0,ADR-055,EPIC-024/EPIC-100,test_anchor_uncertainty_robust_weighting_conflict_quarantine_and_split,PENDING,REQ-ANC-007-incerteza-e-conflitos-devem-ser-tipados-robustamente-ponderados-e-audita.md,BC-007,BC-007/BC-008
REQ-ANC-008,FUNCIONAL,ANC,P1,ADR-048,EPIC-066/EPIC-100,test_immutable_anchorset_impact_preview_scoped_reoptimization_and_history,PENDING,REQ-ANC-008-toda-edicao-cria-anchorset-versionado-e-nova-tentativa-explicita-com-pre.md,BC-010,BC-010/BC-008
REQ-ART-001,NAO_FUNCIONAL,ART,P0,ADR-025,EPIC-012/EPIC-026,artifact_lineage_consistency,PENDING,REQ-ART-001-artefatos-possuem-hash-origem-projeto-retencao-e-lineage.md,BC-003,BC-003/BC-013
REQ-ART-002,CONTRATO,ART,P0,ADR-042,EPIC-044/EPIC-046,test_original_immutable_cog_validation,PENDING,REQ-ART-002-o-original-permanece-imutavel-e-todo-raster-operacional-aceito-e-cog-val.md,BC-006,BC-006/BC-013
REQ-ART-003,CONTRATO,ART,P0,ADR-023,EPIC-012/EPIC-046,test_atomic_artifactset_publication_failure_recovery,PENDING,REQ-ART-003-artifactsets-sao-imutaveis-e-publicados-atomicamente-somente-apos-sgv-va.md,BC-003,BC-003/BC-013
REQ-ARTLAYOUT-001,NAO_FUNCIONAL,ARTLAYOUT,P1,ADR-009,EPIC-026/EPIC-039,test_req_artlayout_001,ACCEPTED,REQ-ARTLAYOUT-001-roots-internos-sao-separados-por-funcao-e-durabilidade.md,BC-013,BC-013/BC-014
REQ-ARTLAYOUT-002,NAO_FUNCIONAL,ARTLAYOUT,P1,ADR-012,EPIC-012/EPIC-026,test_req_artlayout_002,ACCEPTED,REQ-ARTLAYOUT-002-objetos-internos-sao-content-addressed-e-vinculados-a-ids-logicos.md,BC-003,BC-003/BC-013
REQ-ARTLAYOUT-003,NAO_FUNCIONAL,ARTLAYOUT,P0,ADR-023,EPIC-026,test_req_artlayout_003,ACCEPTED,REQ-ARTLAYOUT-003-artifactset-e-bundle-diretorio-imutavel.md,BC-013,BC-013
REQ-ARTLAYOUT-004,NAO_FUNCIONAL,ARTLAYOUT,P1,ADR-024,EPIC-026/EPIC-039,test_req_artlayout_004,ACCEPTED,REQ-ARTLAYOUT-004-publicacao-usa-staging-fsync-validacao-e-rename-atomico.md,BC-013,BC-013/BC-014
REQ-ARTLAYOUT-005,NAO_FUNCIONAL,ARTLAYOUT,P1,ADR-024,EPIC-026/EPIC-078,test_req_artlayout_005,ACCEPTED,REQ-ARTLAYOUT-005-sha-256-e-o-checksum-canonico.md,BC-013,BC-013/BC-014
REQ-ARTLAYOUT-006,NAO_FUNCIONAL,ARTLAYOUT,P1,ADR-040,EPIC-026/EPIC-078,test_req_artlayout_006,ACCEPTED,REQ-ARTLAYOUT-006-nomes-e-metadata-internos-sao-sanitizados.md,BC-013,BC-013/BC-014
REQ-ARTLAYOUT-007,NAO_FUNCIONAL,ARTLAYOUT,P1,ADR-023,EPIC-026/EPIC-078,test_req_artlayout_007,ACCEPTED,REQ-ARTLAYOUT-007-execucao-usa-identidade-dedicada-e-impede-escape-do-root.md,BC-013,BC-013/BC-014
REQ-ARTLAYOUT-008,NAO_FUNCIONAL,ARTLAYOUT,P1,ADR-009,EPIC-026/EPIC-039,test_req_artlayout_008,ACCEPTED,REQ-ARTLAYOUT-008-capability-probe-valida-semantica-do-filesystem.md,BC-013,BC-013/BC-014
REQ-ARTLAYOUT-009,NAO_FUNCIONAL,ARTLAYOUT,P1,ADR-023,EPIC-026/EPIC-039,test_req_artlayout_009,ACCEPTED,REQ-ARTLAYOUT-009-scrubbing-e-reconciliacao-detectam-corrupcao-e-orfaos.md,BC-013,BC-013/BC-014
REQ-ARTLAYOUT-010,NAO_FUNCIONAL,ARTLAYOUT,P0,ADR-023,EPIC-004/EPIC-026/EPIC-041,test_req_artlayout_010,ACCEPTED,REQ-ARTLAYOUT-010-serving-ocorre-somente-apos-autorizacao-e-resolucao-segura.md,BC-001,BC-001/BC-013/BC-014
REQ-AUD-001,NAO_FUNCIONAL,AUD,P0,ADR-055,EPIC-011/EPIC-075,test_audit_append_only_digest_and_no_sampling,PENDING,REQ-AUD-001-operacoes-privilegiadas-e-decisoes-humanas-geram-eventos-append-only-sem.md,BC-002,BC-002/BC-014
REQ-AUTH-IMPL-001,CONTRATO,AUTH,P1,ADR-055,EPIC-008/EPIC-009/EPIC-010/EPIC-011/EPIC-041,test_req_auth_impl_001,ACCEPTED,REQ-AUTH-IMPL-001-sessoes-sao-server-side-revogaveis-e-auditaveis.md,BC-002,BC-002/BC-014
REQ-AUTH-IMPL-002,CONTRATO,AUTH,P1,ADR-028,EPIC-008/EPIC-009/EPIC-010/EPIC-011/EPIC-041,test_req_auth_impl_002,ACCEPTED,REQ-AUTH-IMPL-002-argon2id-e-calibrado-por-bp-003.md,BC-002,BC-002/BC-014
REQ-AUTH-IMPL-003,CONTRATO,AUTH,P0,ADR-031,EPIC-008/EPIC-009/EPIC-010/EPIC-011/EPIC-041,test_req_auth_impl_003,ACCEPTED,REQ-AUTH-IMPL-003-csrf-e-request-provenance-sao-obrigatorios-nas-superficies-aplicaveis.md,BC-002,BC-002/BC-014
REQ-AUTH-IMPL-004,CONTRATO,AUTH,P1,ADR-028,EPIC-008/EPIC-009/EPIC-010/EPIC-011/EPIC-041,test_req_auth_impl_004,ACCEPTED,REQ-AUTH-IMPL-004-pats-sao-escopados-hash-only-e-revogaveis.md,BC-002,BC-002/BC-014
REQ-AUTH-IMPL-005,CONTRATO,AUTH,P1,ADR-029,EPIC-008/EPIC-009/EPIC-010/EPIC-011/EPIC-041,test_req_auth_impl_005,ACCEPTED,REQ-AUTH-IMPL-005-linking-oidc-e-explicito-e-protegido-contra-account-takeover.md,BC-002,BC-002/BC-014
REQ-AUTH-IMPL-006,CONTRATO,AUTH,P0,ADR-028,EPIC-008/EPIC-009/EPIC-010/EPIC-011/EPIC-041,test_req_auth_impl_006,ACCEPTED,REQ-AUTH-IMPL-006-autorizacao-e-central-e-aplicada-server-side.md,BC-002,BC-002/BC-014
REQ-AUTH-IMPL-007,CONTRATO,AUTH,P1,ADR-031,EPIC-008/EPIC-009/EPIC-010/EPIC-011/EPIC-041,test_req_auth_impl_007,ACCEPTED,REQ-AUTH-IMPL-007-throttling-possui-estado-e-evidencia-observavel.md,BC-002,BC-002/BC-014
REQ-AUTH-IMPL-008,CONTRATO,AUTH,P1,ADR-028,EPIC-008/EPIC-009/EPIC-010/EPIC-011/EPIC-041,test_req_auth_impl_008,ACCEPTED,REQ-AUTH-IMPL-008-ciclo-de-sessao-rotacao-e-logout-sao-deterministicos.md,BC-002,BC-002/BC-014
REQ-AUTH-IMPL-009,CONTRATO,AUTH,P1,ADR-055,EPIC-008/EPIC-009/EPIC-010/EPIC-011/EPIC-041,test_req_auth_impl_009,ACCEPTED,REQ-AUTH-IMPL-009-recuperacao-administrativa-e-excepcional-auditada-e-segura.md,BC-002,BC-002/BC-014
REQ-AUTH-IMPL-010,CONTRATO,AUTH,P1,ADR-031,EPIC-008/EPIC-009/EPIC-010/EPIC-011/EPIC-041,test_req_auth_impl_010,ACCEPTED,REQ-AUTH-IMPL-010-cors-cookies-e-headers-usam-defaults-restritivos.md,BC-002,BC-002/BC-014
REQ-BAT-001,FUNCIONAL,BAT,P0,ADR-039,EPIC-034/EPIC-057,test_independent_components_partial_success_retry_subset,ACCEPTED,REQ-BAT-001-o-lote-suporta-componentes-independentes-e-sucesso-parcial-explicito-pre.md,BC-016,BC-016/BC-012
REQ-BEX-001,FUNCIONAL,BEX,P1,ADR-039,EPIC-005/EPIC-018/EPIC-019/EPIC-034/EPIC-037/EPIC-065/EPIC-066/EPIC-067/EPIC-068/EPIC-069,test_batch_execution_decision_01,ACCEPTED,REQ-BEX-001-representar-lote-imagem-tentativa-e-work-units-em-hierarquia-explicita.md,BC-001,BC-001/BC-010/BC-016/BC-012
REQ-BEX-002,FUNCIONAL,BEX,P1,ADR-039,EPIC-005/EPIC-018/EPIC-019/EPIC-034/EPIC-037/EPIC-065/EPIC-066/EPIC-067/EPIC-068/EPIC-069,test_batch_execution_decision_02,ACCEPTED,REQ-BEX-002-executar-preflight-e-chunking-adaptativo-antes-da-admissao.md,BC-001,BC-001/BC-010/BC-016/BC-012
REQ-BEX-003,FUNCIONAL,BEX,P1,ADR-046,EPIC-005/EPIC-018/EPIC-019/EPIC-034/EPIC-037/EPIC-065/EPIC-066/EPIC-067/EPIC-068/EPIC-069,test_batch_execution_decision_03,ACCEPTED,REQ-BEX-003-preservar-veredito-por-imagem-e-estado-agregado-de-sucesso-parcial.md,BC-001,BC-001/BC-010/BC-016/BC-012
REQ-BEX-004,FUNCIONAL,BEX,P1,ADR-012,EPIC-005/EPIC-018/EPIC-019/EPIC-034/EPIC-037/EPIC-065/EPIC-066/EPIC-067/EPIC-068/EPIC-069,test_batch_execution_decision_04,ACCEPTED,REQ-BEX-004-aplicar-classes-fairness-aging-e-overrides-auditados.md,BC-001,BC-001/BC-010/BC-016/BC-012
REQ-BEX-005,FUNCIONAL,BEX,P1,ADR-038,EPIC-005/EPIC-018/EPIC-019/EPIC-034/EPIC-037/EPIC-065/EPIC-066/EPIC-067/EPIC-068/EPIC-069,test_batch_execution_decision_05,ACCEPTED,REQ-BEX-005-separar-retry-tecnico-de-nova-tentativa-algoritmica-versionada.md,BC-001,BC-001/BC-010/BC-016/BC-012
REQ-BEX-006,FUNCIONAL,BEX,P1,ADR-038,EPIC-005/EPIC-018/EPIC-019/EPIC-034/EPIC-037/EPIC-065/EPIC-066/EPIC-067/EPIC-068/EPIC-069,test_batch_execution_decision_06,ACCEPTED,REQ-BEX-006-persistir-checkpoints-canonicos-por-estagio-imagem-e-tentativa.md,BC-001,BC-001/BC-010/BC-016/BC-012
REQ-BEX-007,FUNCIONAL,BEX,P1,ADR-038,EPIC-005/EPIC-018/EPIC-019/EPIC-034/EPIC-037/EPIC-065/EPIC-066/EPIC-067/EPIC-068/EPIC-069,test_batch_execution_decision_07,ACCEPTED,REQ-BEX-007-permitir-cancelamento-e-pausa-cooperativos-e-escopados.md,BC-001,BC-001/BC-010/BC-016/BC-012
REQ-BEX-008,FUNCIONAL,BEX,P1,ADR-037,EPIC-005/EPIC-018/EPIC-019/EPIC-034/EPIC-037/EPIC-065/EPIC-066/EPIC-067/EPIC-068/EPIC-069,test_batch_execution_decision_08,ACCEPTED,REQ-BEX-008-governar-concorrencia-por-recursos-leases-e-backpressure.md,BC-001,BC-001/BC-010/BC-016/BC-012
REQ-BEX-009,FUNCIONAL,BEX,P1,ADR-040,EPIC-005/EPIC-018/EPIC-019/EPIC-034/EPIC-037/EPIC-065/EPIC-066/EPIC-067/EPIC-068/EPIC-069,test_batch_execution_decision_09,ACCEPTED,REQ-BEX-009-calcular-progresso-por-work-units-e-eta-com-confianca.md,BC-001,BC-001/BC-010/BC-016/BC-012
REQ-BEX-010,FUNCIONAL,BEX,P1,ADR-039,EPIC-005/EPIC-018/EPIC-019/EPIC-034/EPIC-037/EPIC-065/EPIC-066/EPIC-067/EPIC-068/EPIC-069,test_batch_execution_decision_10,ACCEPTED,REQ-BEX-010-promover-lote-por-escada-de-escala-fault-injection-e-invariantes-multidi.md,BC-001,BC-001/BC-010/BC-016/BC-012
REQ-BKP-001,NAO_FUNCIONAL,BKP,P0,ADR-018,EPIC-049/EPIC-071,test_backupset_consistency_manifest_external_roots,PENDING,REQ-BKP-001-backupsets-coordenam-postgresql-artefatos-gerenciados-manifests-checksum.md,BC-013,BC-013
REQ-BKP-002,NAO_FUNCIONAL,BKP,P0,ADR-025,EPIC-071/EPIC-072,test_isolated_restore_drill_integrity_rpo_rto,PENDING,REQ-BKP-002-restore-drills-automatizados-e-isolados-validam-integridade-lineage-form.md,BC-013,BC-013/BC-014
REQ-CAC-001,FUNCIONAL,CAC,P1,ADR-047,EPIC-049/EPIC-061,test_content_addressed_cache_license_retention_lineage_gc,PENDING,REQ-CAC-001-cache-externo-e-enderecado-por-conteudo-deduplicado-governado-por-licenc.md,BC-013,BC-013
REQ-CAT-001,FUNCIONAL,CAT,P1,ADR-025,EPIC-012/EPIC-034,test_catalog_190k_metadata_pagination_search,PENDING,REQ-CAT-001-o-catalogo-acumulado-permanece-pesquisavel-e-paginavel-em-acervos-da-ord.md,BC-003,BC-003/BC-016
REQ-CIT-001,GOVERNANCA,CIT,P1,ADR-037,EPIC-007/EPIC-042,citation_cff_validation,PENDING,REQ-CIT-001-releases-publicas-fornecem-metadados-e-instrucoes-de-citacao.md,BC-001,BC-001/BC-015
REQ-CLASSICPROFILE-001,NAO_FUNCIONAL,CLASSICPROFILE,P1,ADR-044,EPIC-002/EPIC-022/EPIC-028,test_req_classicprofile_001,ACCEPTED,REQ-CLASSICPROFILE-001-preparacao-fotometrica-e-governada-por-profile.md,BC-001,BC-001/BC-005/BC-007
REQ-CLASSICPROFILE-002,NAO_FUNCIONAL,CLASSICPROFILE,P1,ADR-025,EPIC-002/EPIC-022/EPIC-028,test_req_classicprofile_002,ACCEPTED,REQ-CLASSICPROFILE-002-piramide-coarse-to-fine-e-tiles-preservam-lineage-de-coordenadas.md,BC-001,BC-001/BC-005/BC-007
REQ-CLASSICPROFILE-003,NAO_FUNCIONAL,CLASSICPROFILE,P1,ADR-039,EPIC-002/EPIC-022/EPIC-028,test_req_classicprofile_003,ACCEPTED,REQ-CLASSICPROFILE-003-quotas-espaciais-sao-adaptativas-e-redistribuiveis.md,BC-001,BC-001/BC-005/BC-007
REQ-CLASSICPROFILE-004,NAO_FUNCIONAL,CLASSICPROFILE,P1,ADR-044,EPIC-002/EPIC-022/EPIC-028,test_req_classicprofile_004,ACCEPTED,REQ-CLASSICPROFILE-004-rootsift-float32-e-canonico-e-versionado.md,BC-001,BC-001/BC-005/BC-007
REQ-CLASSICPROFILE-005,NAO_FUNCIONAL,CLASSICPROFILE,P1,ADR-044,EPIC-002/EPIC-022/EPIC-028,test_req_classicprofile_005,ACCEPTED,REQ-CLASSICPROFILE-005-flann-possui-piso-de-recall-contra-bf.md,BC-001,BC-001/BC-005/BC-007
REQ-CLASSICPROFILE-006,NAO_FUNCIONAL,CLASSICPROFILE,P1,ADR-044,EPIC-002/EPIC-022/EPIC-028,test_req_classicprofile_006,ACCEPTED,REQ-CLASSICPROFILE-006-ratio-reverse-matching-mutual-consistency-e-unicidade-sao-explicitos.md,BC-001,BC-001/BC-005/BC-007
REQ-CLASSICPROFILE-007,NAO_FUNCIONAL,CLASSICPROFILE,P1,ADR-044,EPIC-002/EPIC-022/EPIC-028,test_req_classicprofile_007,ACCEPTED,REQ-CLASSICPROFILE-007-analysis-mask-e-obrigatoria-e-priors-sao-suaves.md,BC-001,BC-001/BC-005/BC-007
REQ-CLASSICPROFILE-008,NAO_FUNCIONAL,CLASSICPROFILE,P1,ADR-045,EPIC-002/EPIC-022/EPIC-028,test_req_classicprofile_008,ACCEPTED,REQ-CLASSICPROFILE-008-poda-pre-homografia-e-deterministica-e-preserva-coverage.md,BC-001,BC-001/BC-005/BC-007
REQ-CLASSICPROFILE-009,NAO_FUNCIONAL,CLASSICPROFILE,P1,ADR-044,EPIC-002/EPIC-022/EPIC-028,test_req_classicprofile_009,ACCEPTED,REQ-CLASSICPROFILE-009-calibracao-usa-gate-multidimensional.md,BC-001,BC-001/BC-005/BC-007
REQ-CLASSICPROFILE-010,NAO_FUNCIONAL,CLASSICPROFILE,P0,ADR-044,EPIC-002/EPIC-022/EPIC-028,test_req_classicprofile_010,ACCEPTED,REQ-CLASSICPROFILE-010-classicalmatchingprofile-e-imutavel-promovido-por-shadow-canary-e-revers.md,BC-001,BC-001/BC-005/BC-007
REQ-CRS-001,CONTRATO,CRS,P0,ADR-041,EPIC-063/EPIC-093,test_pixel_reference_target_discovery_coordinate_roundtrip,PENDING,REQ-CRS-001-o-dominio-separa-pixel-origem-referencia-crs-metrico-de-trabalho-alvo-de.md,BC-011,BC-011/BC-006
REQ-CRS-002,CONTRATO,CRS,P0,ADR-041,EPIC-004/EPIC-093,test_explicit_axis_order_and_adapter_normalization,PENDING,REQ-CRS-002-toda-coordenada-fora-de-espaco-fechado-possui-crs-e-convencao-de-eixos-e.md,BC-001,BC-001/BC-006
REQ-CRS-003,CONTRATO,CRS,P0,ADR-041,EPIC-024/EPIC-093,test_units_precision_tolerance_and_no_premature_rounding,PENDING,REQ-CRS-003-calculos-usam-dupla-precisao-e-toda-tolerancia-declara-espaco-unidade-e.md,BC-007,BC-007/BC-006
REQ-CRS-004,CONTRATO,CRS,P0,ADR-041,EPIC-093/EPIC-096,test_aoi_aware_working_crs_selection_distortion_and_explanation,PENDING,REQ-CRS-004-a-selecao-do-workingmetriccrs-e-do-targetcrs-deve-ser-explicavel-validad.md,BC-006,BC-006
REQ-CRS-005,CONTRATO,CRS,P0,ADR-041,EPIC-058/EPIC-096,test_reference_crs_fail_closed_metadata_area_operation_roundtrip,PENDING,REQ-CRS-005-referencias-com-crs-ausente-ambiguo-incompativel-ou-implausivel-falham-d.md,BC-005,BC-005/BC-006
REQ-CRS-006,CONTRATO,CRS,P1,ADR-025,EPIC-044/EPIC-096,test_technical_canonical_output_and_optional_web_derivative_lineage,PENDING,REQ-CRS-006-a-saida-tecnica-canonica-preserva-crs-e-lineage-derivados-web-opcionais.md,BC-006,BC-006
REQ-CRS-007,CONTRATO,CRS,P1,ADR-034,EPIC-058/EPIC-096,test_web_service_capability_crs_negotiation_and_actual_response_validation,PENDING,REQ-CRS-007-servicos-web-negociam-somente-crs-suportados-e-validam-o-crs-efetivament.md,BC-005,BC-005/BC-006
REQ-DBSCHEMA-001,CONTRATO,DBSCHEMA,P1,ADR-019,EPIC-012/EPIC-013,test_req_dbschema_001,ACCEPTED,REQ-DBSCHEMA-001-schemas-fisicos-e-ownership-sao-explicitos.md,BC-003,BC-003/BC-013
REQ-DBSCHEMA-002,CONTRATO,DBSCHEMA,P1,ADR-019,EPIC-004/EPIC-012,test_req_dbschema_002,ACCEPTED,REQ-DBSCHEMA-002-identificadores-sao-estaveis-e-ordenaveis-quando-necessario.md,BC-001,BC-001/BC-003
REQ-DBSCHEMA-003,CONTRATO,DBSCHEMA,P0,ADR-043,EPIC-008/EPIC-012,test_req_dbschema_003,ACCEPTED,REQ-DBSCHEMA-003-escopo-de-projeto-e-aplicado-por-constraints-e-autorizacao.md,BC-002,BC-002/BC-003
REQ-DBSCHEMA-004,CONTRATO,DBSCHEMA,P1,ADR-019,EPIC-004/EPIC-012,test_req_dbschema_004,ACCEPTED,REQ-DBSCHEMA-004-timestamps-locking-e-concorrencia-sao-explicitos.md,BC-001,BC-001/BC-003
REQ-DBSCHEMA-005,CONTRATO,DBSCHEMA,P1,ADR-041,EPIC-012/EPIC-021,test_req_dbschema_005,ACCEPTED,REQ-DBSCHEMA-005-geometrias-e-crs-seguem-adr-014.md,BC-003,BC-003/BC-007
REQ-DBSCHEMA-006,CONTRATO,DBSCHEMA,P1,ADR-019,EPIC-012/EPIC-026,test_req_dbschema_006,ACCEPTED,REQ-DBSCHEMA-006-artifacts-usam-ids-logicos-e-locators-relativos.md,BC-003,BC-003/BC-013
REQ-DBSCHEMA-007,CONTRATO,DBSCHEMA,P1,ADR-019,EPIC-004/EPIC-012,test_req_dbschema_007,ACCEPTED,REQ-DBSCHEMA-007-jsonb-e-limitado-a-extensibilidade-versionada-nao-substitui-invariantes.md,BC-001,BC-001/BC-003
REQ-DBSCHEMA-008,CONTRATO,DBSCHEMA,P1,ADR-019,EPIC-004/EPIC-012/EPIC-014,test_req_dbschema_008,ACCEPTED,REQ-DBSCHEMA-008-estados-sao-tipados-e-transicoes-sao-validadas.md,BC-001,BC-001/BC-003/BC-010
REQ-DBSCHEMA-009,CONTRATO,DBSCHEMA,P1,ADR-020,EPIC-012/EPIC-014,test_req_dbschema_009,ACCEPTED,REQ-DBSCHEMA-009-outbox-transacional-governa-publicacao-de-eventos.md,BC-003,BC-003/BC-010
REQ-DBSCHEMA-010,NAO_FUNCIONAL,DBSCHEMA,P1,ADR-026,EPIC-013/EPIC-107,test_req_dbschema_010,ACCEPTED,REQ-DBSCHEMA-010-migrations-e-compatibilidade-seguem-adr-018.md,BC-013,BC-013/BC-015
REQ-DEL-001,FUNCIONAL,DEL,P1,ADR-014,EPIC-003/EPIC-086,test_walking_skeleton_end_to_end_and_vertical_slice_definition_of_done,PENDING,REQ-DEL-001-o-walking-skeleton-deve-executar-ponta-a-ponta-frontend-ou-cli-api-postgresql-rabbitmq-celer.md,BC-001,BC-001
REQ-DEL-002,FUNCIONAL,DEL,P1,ADR-057,EPIC-086/EPIC-087,test_private_operational_baseline_scope_cpu_only_clean_install,PENDING,REQ-DEL-002-a-primeira-baseline-operacional-privada-deve-instalar-de-forma-limpa-operar-em-cpu-executar.md,BC-001,BC-001/BC-015
REQ-DEV-001,FUNCIONAL,DEV,P0,ADR-001,EPIC-003/EPIC-092,test_host_container_ci_contract_and_no_implicit_downloads,PENDING,REQ-DEV-001-ambiente-de-desenvolvimento-hibrido-mantem-paridade-verificavel-entre-ho.md,BC-001,BC-001
REQ-DIS-001,FUNCIONAL,DIS,P0,ADR-047,EPIC-054,test_provisional_components_never_create_operational_edge,PENDING,REQ-DIS-001-componentes-espaciais-provisorios-usam-evidencias-multimodais-versionada.md,BC-005,BC-005
REQ-DIS-002,FUNCIONAL,DIS,P0,ADR-047,EPIC-019/EPIC-055,test_budgeted_neighbor_retrieval_recall_and_unexamined_state,PENDING,REQ-DIS-002-descoberta-de-vizinhos-e-progressiva-orcada-e-auditavel-itens-nao-examin.md,BC-010,BC-010/BC-005
REQ-EPIC-001,NAO_FUNCIONAL,EPIC,P0,ADR-002,EPIC-086/EPIC-092,test_executable_foundation_gate_clean_room_end_to_end,PENDING,REQ-EPIC-001-georreferenciamento-funcional-somente-comeca-apos-fluxo-diagnostico-pont.md,BC-001,BC-001
REQ-EPIC-012,FUNCIONAL,EPIC,P0,ADR-026,EPIC-005,migration_upgrade_rollback,PENDING,REQ-EPIC-012-schema-evolui-somente-por-migrations-versionadas.md,BC-001,BC-001
REQ-EPIC-014,FUNCIONAL,EPIC,P0,ADR-016,EPIC-014/EPIC-016,job_state_idempotency_cancel_resume,PENDING,REQ-EPIC-014-jobs-sao-idempotentes-cancelaveis-retomaveis-e-possuem-transicoes-valida.md,BC-010,BC-010
REQ-EPIC-015,FUNCIONAL,EPIC,P0,ADR-018,EPIC-015/EPIC-016,test_small_messages_duplicate_redelivery_authoritative_state,PENDING,REQ-EPIC-015-mensagens-de-fila-contem-apenas-ids-versionamento-postgresql-preserva-es.md,BC-010,BC-010
REQ-EPIC-016,FUNCIONAL,EPIC,P0,ADR-038,EPIC-016/EPIC-030,test_retry_classification_budget_idempotency_no_quality_relaxation,PENDING,REQ-EPIC-016-retry-automatico-e-permitido-apenas-para-falhas-tecnicas-transitorias-cl.md,BC-010,BC-010/BC-012
REQ-EPIC-017,FUNCIONAL,EPIC,P0,ADR-038,EPIC-018/EPIC-049,test_checkpoint_compatibility_invalidation_lineage,PENDING,REQ-EPIC-017-checkpoints-somente-sao-reutilizados-em-fronteiras-canonicas-quando-hash.md,BC-010,BC-010/BC-013
REQ-EPIC-018,FUNCIONAL,EPIC,P0,ADR-038,EPIC-016/EPIC-018/EPIC-039,test_cooperative_cancel_containment_no_partial_publish,PENDING,REQ-EPIC-018-cancelamento-cooperativo-com-timeout-de-contencao-nao-publica-artefato-p.md,BC-010,BC-010/BC-014
REQ-EPIC-021,FUNCIONAL,EPIC,P0,ADR-055,EPIC-021/EPIC-024,geo_regression_corpus_and_strong_geometric_verifier,PENDING,REQ-EPIC-021-nenhum-resultado-final-sem-verificacao-geometrica-forte-e-metricas-audit.md,BC-007,BC-007
REQ-EPIC-031,NAO_FUNCIONAL,EPIC,P0,ADR-013,EPIC-004/EPIC-031,generated_client_component_accessibility_e2e,PENDING,REQ-EPIC-031-o-cliente-typescript-e-gerado-do-openapi-e-fluxos-criticos-possuem-teste.md,BC-001,BC-001/BC-016
REQ-EPIC-035,FUNCIONAL,EPIC,P0,ADR-046,EPIC-034/EPIC-035,test_reviewable_gate_and_hard_gate_non_override,PENDING,REQ-EPIC-035-revisao-humana-altera-apenas-gates-revisaveis-o-veredito-automatico-e-ha.md,BC-016,BC-016/BC-011
REQ-EPIC-037,FUNCIONAL,EPIC,P0,ADR-002,EPIC-030/EPIC-034/EPIC-037,test_success_failure_name_relative_path_exports,PENDING,REQ-EPIC-037-toda-imagem-do-lote-possui-resultado-consultavel-com-nome-diretorio-rela.md,BC-012,BC-012/BC-016
REQ-EPIC-038,FUNCIONAL,EPIC,P0,ADR-002,EPIC-030/EPIC-036,test_failure_taxonomy_evidence_remediation_versioning,PENDING,REQ-EPIC-038-falhas-usam-taxonomia-versionada-com-estagio-evidencias-causas-provaveis.md,BC-012,BC-012/BC-016
REQ-EPIC-039,NAO_FUNCIONAL,EPIC,P0,ADR-027,EPIC-013/EPIC-072,test_req_epic_039,PENDING,REQ-EPIC-039-backup-e-restore-sao-demonstrados-antes-de-uso-com-dados-reais.md,BC-013,BC-013/BC-014
REQ-EPIC-041,FUNCIONAL,EPIC,P0,ADR-002,EPIC-005/EPIC-041,malicious_file_suite,PENDING,REQ-EPIC-041-arquivos-externos-sao-tratados-como-hostis-com-limites-e-scanner-real-ou.md,BC-001,BC-001/BC-014
REQ-EPIC-042,FUNCIONAL,EPIC,P0,ADR-002,EPIC-007/EPIC-042/EPIC-080,test_layered_spdx_reuse_license_notices_dependency_and_asset_compatibility,PENDING,REQ-EPIC-042-cada-tipo-de-codigo-documentacao-dado-modelo-e-fixture-deve-possuir-lice.md,BC-001,BC-001/BC-015
REQ-EPIC-043,FUNCIONAL,EPIC,P1,ADR-037,EPIC-042/EPIC-085/EPIC-089,test_release_train_visibility_license_sanitization_and_beta_gate,PENDING,REQ-EPIC-043-o-release-train-internal-alpha-beta-1-0-deve-aplicar-gates-explicitos-de-visibilidade-licenc.md,BC-015,BC-015
REQ-EPIC-062,FUNCIONAL,EPIC,P0,ADR-002,EPIC-018/EPIC-034/EPIC-062,test_batch_auto_completion_nonblocking_review_queue,PENDING,REQ-EPIC-062-o-ciclo-automatico-do-lote-conclui-sem-aguardar-revisao-manual-itens-ace.md,BC-010,BC-010/BC-016/BC-011
REQ-EPIC-070,FUNCIONAL,EPIC,P0,ADR-002,EPIC-034/EPIC-037/EPIC-049,test_immutable_snapshots_current_view_historical_metrics,PENDING,REQ-EPIC-070-cada-ciclo-de-processamento-remediacao-gera-snapshot-imutavel-e-a-visao.md,BC-016,BC-016/BC-012/BC-013
REQ-EPIC-076,FUNCIONAL,EPIC,P0,ADR-032,EPIC-008/EPIC-078,test_secret_permissions_rotation_redaction_fail_closed,PENDING,REQ-EPIC-076-secrets-sao-gerados-com-alta-entropia-armazenados-fora-do-repositorio-in.md,BC-002,BC-002/BC-014
REQ-EPIC-088,FUNCIONAL,EPIC,P1,ADR-009,EPIC-050/EPIC-088,test_experimental_lab_disabled_and_cannot_publish_accepted_artifactset,PENDING,REQ-EPIC-088-o-laboratorio-experimental-permanece-desabilitado-por-padrao-nos-profiles-operacionais-e-qua.md,BC-009,BC-009
REQ-EST-001,FUNCIONAL,EST,P0,ADR-045,EPIC-024/EPIC-051,test_usac_magsac_default_explicit_ransac_no_silent_switch,PENDING,REQ-EST-001-usac-magsac-e-o-estimador-padrao-ransac-exige-selecao-antecipada-configu.md,BC-007,BC-007/BC-006
REQ-FRZ-001,GOVERNANCA,FRZ,P0,ADR-057,EPIC-001/EPIC-092,test_foundation_baseline_digest_controlled_change_and_adr_supersession,PENDING,REQ-FRZ-001-a-foundation-deve-possuir-baseline-identificavel-e-mudancas-materiais-de.md,BC-001,BC-001
REQ-FRZ-002,GOVERNANCA,FRZ,P0,ADR-057,EPIC-005/EPIC-092,test_sprint_zero_authorization_and_functional_foundation_gate_blocking,PENDING,REQ-FRZ-002-a-aprovacao-final-deve-autorizar-somente-a-sprint-001-e-manter-a-impleme.md,BC-001,BC-001
REQ-FRZ-003,GOVERNANCA,FRZ,P0,ADR-057,EPIC-091/EPIC-092,test_issue_adr_decision_package_impact_boundary_and_no_silent_divergence,PENDING,REQ-FRZ-003-a-fronteira-entre-issue-adr-e-owner-decision-record-deve-ser-proporciona.md,BC-001,BC-001
REQ-FRZ-004,GOVERNANCA,FRZ,P0,ADR-057,EPIC-001/EPIC-092,test_foundation_closure_evidence_set_and_material_reopening_criteria,PENDING,REQ-FRZ-004-o-fechamento-deve-produzir-foundationclosureevidenceset-verificavel-e-cr.md,BC-001,BC-001
REQ-FS-001,FUNCIONAL,FS,P0,ADR-014,EPIC-012/EPIC-031/EPIC-041,test_directory_picker_path_traversal_symlink_escape,PENDING,REQ-FS-001-o-frontend-oferece-seletor-visual-de-diretorios-e-acessa-apenas-raizes-d.md,BC-003,BC-003/BC-016/BC-014
REQ-FS1-001,FUNCIONAL,FS1,P1,ADR-044,EPIC-004/EPIC-005/EPIC-014/EPIC-020/EPIC-021/EPIC-022/EPIC-023/EPIC-024/EPIC-026/EPIC-031,test_first_functional_slice_decision_01,PENDING,REQ-FS1-001-limitar-a-primeira-fatia-a-uma-imagem-ponta-a-ponta-com-contratos-compat.md,BC-001,BC-001/BC-010/BC-016/BC-007/BC-005/BC-006/BC-013
REQ-FS1-002,FUNCIONAL,FS1,P1,ADR-044,EPIC-004/EPIC-005/EPIC-014/EPIC-020/EPIC-021/EPIC-022/EPIC-023/EPIC-024/EPIC-026/EPIC-031,test_first_functional_slice_decision_02,PENDING,REQ-FS1-002-usar-alvo-e-referencia-locais-autorizados-em-roots-registrados.md,BC-001,BC-001/BC-010/BC-016/BC-007/BC-005/BC-006/BC-013
REQ-FS1-003,FUNCIONAL,FS1,P0,ADR-040,EPIC-004/EPIC-005/EPIC-014/EPIC-020/EPIC-021/EPIC-022/EPIC-023/EPIC-024/EPIC-026/EPIC-031,test_first_functional_slice_decision_03,PENDING,REQ-FS1-003-preservar-originals-e-executar-ingestao-fail-closed-com-hashes-e-metadad.md,BC-001,BC-001/BC-010/BC-016/BC-007/BC-005/BC-006/BC-013
REQ-FS1-004,FUNCIONAL,FS1,P1,ADR-044,EPIC-004/EPIC-005/EPIC-014/EPIC-020/EPIC-021/EPIC-022/EPIC-023/EPIC-024/EPIC-026/EPIC-031,test_first_functional_slice_decision_04,PENDING,REQ-FS1-004-persistir-processingplan-minimo-versionado-e-explicavel.md,BC-001,BC-001/BC-010/BC-016/BC-007/BC-005/BC-006/BC-013
REQ-FS1-005,FUNCIONAL,FS1,P1,ADR-055,EPIC-004/EPIC-005/EPIC-014/EPIC-020/EPIC-021/EPIC-022/EPIC-023/EPIC-024/EPIC-026/EPIC-031,test_first_functional_slice_decision_05,PENDING,REQ-FS1-005-usar-pipeline-classico-deterministico-substituivel-e-auditar-corresponde.md,BC-001,BC-001/BC-010/BC-016/BC-007/BC-005/BC-006/BC-013
REQ-FS1-006,FUNCIONAL,FS1,P1,ADR-045,EPIC-004/EPIC-005/EPIC-014/EPIC-020/EPIC-021/EPIC-022/EPIC-023/EPIC-024/EPIC-026/EPIC-031,test_first_functional_slice_decision_06,PENDING,REQ-FS1-006-usar-homografia-canonica-e-usac-magsac-sem-fallback-silencioso.md,BC-001,BC-001/BC-010/BC-016/BC-007/BC-005/BC-006/BC-013
REQ-FS1-007,FUNCIONAL,FS1,P0,ADR-046,EPIC-004/EPIC-005/EPIC-014/EPIC-020/EPIC-021/EPIC-022/EPIC-023/EPIC-024/EPIC-026/EPIC-031,test_first_functional_slice_decision_07,PENDING,REQ-FS1-007-aplicar-perfil-sgv-inicial-obrigatorio-com-resultado-tri-state.md,BC-001,BC-001/BC-010/BC-016/BC-007/BC-005/BC-006/BC-013
REQ-FS1-008,FUNCIONAL,FS1,P0,ADR-023,EPIC-004/EPIC-005/EPIC-014/EPIC-020/EPIC-021/EPIC-022/EPIC-023/EPIC-024/EPIC-026/EPIC-031,test_first_functional_slice_decision_08,PENDING,REQ-FS1-008-produzir-artifactset-imutavel-com-cog-manifest-provenance-e-relatorio.md,BC-001,BC-001/BC-010/BC-016/BC-007/BC-005/BC-006/BC-013
REQ-FS1-009,FUNCIONAL,FS1,P1,ADR-015,EPIC-004/EPIC-005/EPIC-014/EPIC-020/EPIC-021/EPIC-022/EPIC-023/EPIC-024/EPIC-026/EPIC-031,test_first_functional_slice_decision_09,PENDING,REQ-FS1-009-exercitar-core-compartilhado-rest-cli-runner-direto-e-celery.md,BC-001,BC-001/BC-010/BC-016/BC-007/BC-005/BC-006/BC-013
REQ-FS1-010,FUNCIONAL,FS1,P1,ADR-044,EPIC-004/EPIC-005/EPIC-014/EPIC-020/EPIC-021/EPIC-022/EPIC-023/EPIC-024/EPIC-026/EPIC-031,test_first_functional_slice_decision_10,PENDING,REQ-FS1-010-promover-a-fatia-somente-por-corpus-inicial-estratificado-e-gate-multidi.md,BC-001,BC-001/BC-010/BC-016/BC-007/BC-005/BC-006/BC-013
REQ-GC-001,NAO_FUNCIONAL,GC,P0,ADR-016,EPIC-073/EPIC-074,test_reference_aware_gc_tombstone_quarantine_race_idempotency,PENDING,REQ-GC-001-garbage-collection-e-reference-aware-idempotente-e-auditavel-com-dry-run.md,BC-013,BC-013
REQ-GCP-001,FUNCIONAL,GCP,P0,ADR-048,EPIC-024/EPIC-052,test_spatial_gcp_balance_discard_reasons_conditioning,PENDING,REQ-GCP-001-gcps-finais-equilibram-qualidade-cobertura-e-diversidade-espacial-pontos.md,BC-007,BC-007/BC-006
REQ-GCP-002,FUNCIONAL,GCP,P0,ADR-048,EPIC-037/EPIC-063,test_gcp_lifecycle_roundtrip_exports_provenance,PENDING,REQ-GCP-002-gcps-possuem-lifecycle-tipado-versao-proveniencia-e-exports-geopackage-g.md,BC-012,BC-012/BC-011
REQ-GOV-001,GOVERNANCA,GOV,P1,ADR-043,EPIC-002,test_single_project_views_fields_and_no_duplicate_backlog,PENDING,REQ-GOV-001-um-unico-github-project-central-oferece-views-de-roadmap-backlog-sprint.md,BC-001,BC-001
REQ-GOV-002,GOVERNANCA,GOV,P0,ADR-006,EPIC-002/EPIC-090,test_issue_form_required_acceptance_risk_test_rollback_fields,PENDING,REQ-GOV-002-epicos-representam-outcomes-encerraveis-historias-implementaveis-possuem.md,BC-001,BC-001
REQ-GOV-003,GOVERNANCA,GOV,P1,ADR-006,EPIC-002,test_iteration_wip_limits_and_incomplete_item_history,PENDING,REQ-GOV-003-o-fluxo-limita-wip-preserva-historico-de-itens-incompletos-e-nao-usa-vel.md,BC-001,BC-001
REQ-GOV-004,GOVERNANCA,GOV,P0,ADR-007,EPIC-005/EPIC-091,test_codex_issue_scope_required_pr_no_direct_main_or_automerge,PENDING,REQ-GOV-004-codex-atua-somente-em-issue-ready-branch-worktree-curta-e-pr-sem-merge-a.md,BC-001,BC-001
REQ-GOV-005,GOVERNANCA,GOV,P0,ADR-006,EPIC-092,test_sprint_zero_gate_evidence_driven_no_calendar_pass,PENDING,REQ-GOV-005-sprint-001-termina-por-sprintevidenceset-e-foundation-gate-sem-duracao-f.md,BC-001,BC-001
REQ-GOV-ADR-002,GOVERNANCA,GOV,P0,ADR-006,EPIC-001/EPIC-002,test_adr_governance_overlap,ACCEPTED,REQ-GOV-ADR-002-uma-proposta-de-adr-deve-demonstrar-boundary-independente-impacto-durado.md,BC-001,BC-001
REQ-GOV-ADR-003,GOVERNANCA,GOV,P0,ADR-040,EPIC-001/EPIC-002,test_adr_governance_overlap,ACCEPTED,REQ-GOV-ADR-003-refinements-profiles-benchmarks-e-detalhes-locais-nao-podem-ser-promovid.md,BC-001,BC-001
REQ-GOV-ADR-018,GOVERNANCA,GOV,P1,ADR-006,EPIC-001/EPIC-002,test_adr_governance_overlap,ACCEPTED,REQ-GOV-ADR-018-toda-adr-nova-ou-alterada-passa-por-verificacao-de-sobreposicao-owner-no.md,BC-001,BC-001
REQ-GOV-DEC-001,GOVERNANCA,GOV,P1,ADR-006,EPIC-001,test_req_gov_dec_001,PENDING,REQ-GOV-DEC-001-toda-proposta-declara-new-adr-refine-existing-application-profile-benchm.md,BC-001,BC-001
REQ-GOV-DEC-002,GOVERNANCA,GOV,P1,ADR-006,EPIC-001,test_req_gov_dec_002,PENDING,REQ-GOV-DEC-002-somente-escolhas-arquiteturais-independentes-duraveis-e-caras-de-reverte.md,BC-001,BC-001
REQ-HOM-001,FUNCIONAL,HOM,P0,ADR-043,EPIC-023/EPIC-024,test_projective_homography_only_no_hidden_fallback,PENDING,REQ-HOM-001-o-modelo-geometrico-final-e-homografia-projetiva-validada-pelo-sgv-nao-e.md,BC-006,BC-006/BC-007
REQ-HW-001,NAO_FUNCIONAL,HW,P0,ADR-037,EPIC-010/EPIC-082,test_cpu_baseline_gpu_optional_no_silent_fallback,PENDING,REQ-HW-001-toda-release-funciona-em-cpu-gpu-e-aceleracao-opcional-declarada-e-gover.md,BC-002,BC-002/BC-014
REQ-ID-001,FUNCIONAL,ID,P0,ADR-029,EPIC-008,test_network_authentication_local_oidc,PENDING,REQ-ID-001-instalacoes-expostas-em-rede-autenticam-usuarios-por-contas-locais-ou-oi.md,BC-002,BC-002
REQ-ID-002,FUNCIONAL,ID,P0,ADR-029,EPIC-008/EPIC-009,test_bootstrap_session_token_recovery,PENDING,REQ-ID-002-bootstrap-administrativo-e-de-uso-unico-sessoes-tokens-e-recuperacao-sao.md,BC-002,BC-002
REQ-INS-001,FUNCIONAL,INS,P0,ADR-016,EPIC-081/EPIC-108,test_declarative_installation_plan_preflight_idempotent_resume_and_partial_state_diagnostics,PENDING,REQ-INS-001-instalacao-deve-usar-plano-declarativo-preflight-execucao-idempotente-ch.md,BC-015,BC-015
REQ-INS-002,FUNCIONAL,INS,P0,ADR-034,EPIC-008/EPIC-076/EPIC-108,test_one_time_bootstrap_no_default_credentials_secret_generation_expiry_and_recovery,PENDING,REQ-INS-002-primeira-identidade-deve-ser-criada-por-bootstrap-unico-sem-credenciais.md,BC-002,BC-002/BC-014/BC-015
REQ-INS-003,FUNCIONAL,INS,P0,ADR-034,EPIC-005/EPIC-108,test_installation_evidence_set_synthetic_canary_offline_readiness_and_failure_codes,PENDING,REQ-INS-003-estado-ready-deve-depender-de-evidencias-por-estagio-e-canary-sintetico.md,BC-001,BC-001/BC-015
REQ-INS-004,FUNCIONAL,INS,P1,ADR-034,EPIC-075/EPIC-080/EPIC-108,test_sanitized_local_support_bundle_no_exfiltration_and_repair_dry_run,PENDING,REQ-INS-004-suporte-deve-gerar-bundle-local-sanitizado-e-reparos-devem-iniciar-em-dr.md,BC-014,BC-014/BC-015
REQ-ISM-001,GOVERNANCA,ISM,P1,ADR-040,EPIC-002/EPIC-110,test_canonical_domain_taxonomy_primary_and_affected_domains,PENDING,REQ-ISM-001-manter-taxonomia-canonica-de-dominios-com-dominio-primario-e-afetados.md,BC-001,BC-001
REQ-ISM-002,GOVERNANCA,ISM,P1,ADR-006,EPIC-110,test_work_package_epics_outcome_evidence_and_closure,PENDING,REQ-ISM-002-definir-cada-epico-por-um-outcome-verificavel-e-encerravel.md,BC-001,BC-001
REQ-ISM-003,GOVERNANCA,ISM,P1,ADR-006,EPIC-086/EPIC-110,test_thin_vertical_integrable_slices_and_pr_sequence,PENDING,REQ-ISM-003-decompor-outcomes-em-fatias-verticais-finas-e-integraveis.md,BC-001,BC-001
REQ-ISM-004,GOVERNANCA,ISM,P1,ADR-006,EPIC-001/EPIC-110,test_versioned_issue_portfolio_catalog_github_reconciliation,PENDING,REQ-ISM-004-manter-catalogo-versionado-de-portfolio-reconciliado-com-o-github.md,BC-001,BC-001
REQ-ISM-005,GOVERNANCA,ISM,P1,ADR-006,EPIC-110,test_stable_portfolio_ids_independent_github_numbers_titles,PENDING,REQ-ISM-005-atribuir-identificadores-estaveis-independentes-do-numero-github.md,BC-001,BC-001
REQ-ISM-006,GOVERNANCA,ISM,P1,ADR-016,EPIC-002,test_req_ism_006,PENDING,REQ-ISM-006-sincronizar-issues-de-forma-idempotente-com-dry-run-e-campos-gerenciados.md,BC-001,BC-001
REQ-ISM-007,GOVERNANCA,ISM,P1,ADR-006,EPIC-110,test_req_ism_007,PENDING,REQ-ISM-007-derivar-criterios-e-evidencias-de-adrs-requisitos-riscos-e-gates.md,BC-001,BC-001
REQ-ISM-008,GOVERNANCA,ISM,P1,ADR-006,EPIC-002/EPIC-110,test_single_primary_cross_domain_issue_contracts,PENDING,REQ-ISM-008-representar-trabalho-transversal-sem-duplicacao-de-issues.md,BC-001,BC-001
REQ-ISM-009,GOVERNANCA,ISM,P1,ADR-006,EPIC-110,test_req_ism_009,PENDING,REQ-ISM-009-limitar-spikes-por-pergunta-budget-evidencia-e-decisao-de-saida.md,BC-001,BC-001
REQ-ISM-010,GOVERNANCA,ISM,P1,ADR-006,EPIC-001/EPIC-110,test_portfolio_snapshot_tombstone_approved_delta,PENDING,REQ-ISM-010-preservar-snapshots-tombstones-e-deltas-aprovados-da-baseline.md,BC-001,BC-001
REQ-ISS-001,GOVERNANCA,ISS,P0,ADR-008,EPIC-002/EPIC-110,test_all_work_packages_have_parent_issue_and_slice_skeleton,PENDING,REQ-ISS-001-todos-os-work-packages-devem-possuir-issue-epica-e-decomposicao-rastreav.md,BC-001,BC-001
REQ-ISS-002,GOVERNANCA,ISS,P1,ADR-008,EPIC-001/EPIC-110,test_issue_forecast_min_mode_max_confidence_and_snapshot_variance,PENDING,REQ-ISS-002-a-previsao-total-deve-usar-intervalo-cenario-central-confianca-e-snapsho.md,BC-001,BC-001
REQ-ISS-003,GOVERNANCA,ISS,P0,ADR-008,EPIC-091/EPIC-110,test_no_orphan_issue_without_adr_or_local_decision_justification,PENDING,REQ-ISS-003-toda-issue-deve-apontar-adrs-requisitos-riscos-gates-ou-justificar-decis.md,BC-001,BC-001
REQ-ISS-004,GOVERNANCA,ISS,P1,ADR-040,EPIC-002/EPIC-110,test_complete_portfolio_skeleton_and_progressive_detailing_rules,PENDING,REQ-ISS-004-o-portfolio-deve-possuir-skeleton-completo-e-detalhamento-progressivo-da.md,BC-001,BC-001
REQ-ISS-006,GOVERNANCA,ISS,P1,ADR-016,EPIC-002/EPIC-091,test_idempotent_dry_run_managed_field_issue_sync,PENDING,REQ-ISS-006-a-sincronizacao-de-issues-e-idempotente-suporta-dry-run-e-altera-apenas.md,BC-001,BC-001
REQ-ISS-007,GOVERNANCA,ISS,P1,ADR-008,EPIC-002/EPIC-005,test_acceptance_evidence_derivation_and_contract_change_review,PENDING,REQ-ISS-007-criterios-de-aceite-e-evidencias-sao-derivados-dos-contratos-mudancas-de.md,BC-001,BC-001
REQ-ISS-009,GOVERNANCA,ISS,P1,ADR-008,EPIC-002,test_bounded_research_spike_exit_decision,PENDING,REQ-ISS-009-spikes-possuem-orcamento-pergunta-verificavel-saida-decisoria-e-criterio.md,BC-001,BC-001
REQ-LOG-001,FUNCIONAL,LOG,P0,ADR-032,EPIC-039/EPIC-076,test_log_redaction_and_support_bundle_fail_closed,PENDING,REQ-LOG-001-logs-traces-e-bundles-usam-allowlist-classificacao-e-redaction-secrets-b.md,BC-014,BC-014
REQ-MAT-001,FUNCIONAL,MAT,P0,ADR-044,EPIC-019/EPIC-047,test_pyramid_tile_coordinate_roundtrip_refinement,PENDING,REQ-MAT-001-matching-utiliza-piramide-coarse-to-fine-e-tiles-adaptativos-com-transfo.md,BC-010,BC-010/BC-006
REQ-MCH-001,FUNCIONAL,MCH,P0,ADR-055,EPIC-023/EPIC-050,test_hybrid_matcher_escalation_provenance_no_ai_installation,PENDING,REQ-MCH-001-correspondencias-usam-pipeline-hibrido-escalonado-e-auditavel-ia-e-opcio.md,BC-006,BC-006/BC-009
REQ-MET-001,NAO_FUNCIONAL,MET,P1,ADR-054,EPIC-039/EPIC-077,test_metric_cardinality_budget_and_signal_retention,PENDING,REQ-MET-001-metricas-possuem-budget-de-cardinalidade-resultados-cientificos-permanec.md,BC-014,BC-014
REQ-MOS-001,FUNCIONAL,MOS,P1,ADR-049,EPIC-018/EPIC-098,test_relative_mosaic_is_optional_post_batch_and_non_blocking,PENDING,REQ-MOS-001-a-recuperacao-por-mosaico-relativo-e-opcional-posterior-ao-lote-e-nao-bl.md,BC-010,BC-010/BC-008
REQ-MOS-002,FUNCIONAL,MOS,P1,ADR-040,EPIC-055/EPIC-098,test_budgeted_neighbor_graph_disconnected_components_and_singletons,PENDING,REQ-MOS-002-a-descoberta-de-vizinhos-usa-grafo-progressivo-e-budgetado-preservando-c.md,BC-005,BC-005/BC-008
REQ-MOS-003,FUNCIONAL,MOS,P0,ADR-049,EPIC-024/EPIC-098,test_global_relative_alignment_cycle_drift_foldover_and_weak_bridge_split,PENDING,REQ-MOS-003-a-geometria-relativa-usa-evidencia-par-a-par-original-otimizacao-global.md,BC-007,BC-007/BC-008
REQ-MOS-004,FUNCIONAL,MOS,P0,ADR-044,EPIC-019/EPIC-098,test_out_of_core_pair_tile_rendering_ram_disk_quotas_and_resume,PENDING,REQ-MOS-004-descritores-matches-tiles-e-renderizacao-operam-fora-de-memoria-sob-reso.md,BC-010,BC-010/BC-008
REQ-MOS-005,FUNCIONAL,MOS,P0,ADR-049,EPIC-024/EPIC-098,test_leave_one_out_non_circular_reference_and_independent_sgv,PENDING,REQ-MOS-005-o-uso-posterior-como-referencia-e-nao-circular-e-cada-imagem-continua-ob.md,BC-007,BC-007/BC-008
REQ-MOS-006,FUNCIONAL,MOS,P0,ADR-049,EPIC-095/EPIC-098,test_overlap_source_stack_seamline_analytical_preview_blend_and_provenance,PENDING,REQ-MOS-006-sobreposicoes-preservam-a-pilha-de-fontes-seamlines-selecionam-fontes-an.md,BC-006,BC-006/BC-008
REQ-MSK-001,FUNCIONAL,MSK,P0,ADR-042,EPIC-024/EPIC-045,test_near_black_white_border_excluded_without_crop,PENDING,REQ-MSK-001-bordas-sem-terreno-sao-excluidas-da-analise-por-mascara-tolerante-a-tons.md,BC-007,BC-007/BC-006
REQ-MSK-002,FUNCIONAL,MSK,P0,ADR-040,EPIC-037/EPIC-045,test_marginal_metadata_pixels_preserved_and_classified,PENDING,REQ-MSK-002-faixas-de-voo-marcas-fiduciais-datas-legendas-e-outros-metadados-margina.md,BC-012,BC-012/BC-006
REQ-MSK-003,FUNCIONAL,MSK,P0,ADR-055,EPIC-032/EPIC-045,test_adaptive_mask_preview_correction_versioning,PENDING,REQ-MSK-003-a-mascara-analitica-e-adaptativa-versionada-auditavel-visualizavel-e-cor.md,BC-016,BC-016/BC-006
REQ-MTD-001,FUNCIONAL,MTD,P1,ADR-040,EPIC-032/EPIC-048,test_optional_metadata_extraction_no_geometry_side_effect,PENDING,REQ-MTD-001-extracao-de-metadados-marginais-e-opcional-registra-confianca-provenienc.md,BC-016,BC-016/BC-006
REQ-NATIVE-001,FUNCIONAL,NATIVE,P1,ADR-042,EPIC-002/EPIC-021/EPIC-022/EPIC-026,test_req_native_001,ACCEPTED,REQ-NATIVE-001-rasterio-e-boundary-principal-e-gdal-fica-isolado.md,BC-001,BC-001/BC-007/BC-005/BC-013
REQ-NATIVE-002,FUNCIONAL,NATIVE,P1,ADR-041,EPIC-002/EPIC-021/EPIC-022/EPIC-026,test_req_native_002,ACCEPTED,REQ-NATIVE-002-pyproj-tipado-governa-crs-e-operacoes.md,BC-001,BC-001/BC-007/BC-005/BC-013
REQ-NATIVE-003,FUNCIONAL,NATIVE,P1,ADR-043,EPIC-002/EPIC-021/EPIC-022/EPIC-026,test_req_native_003,ACCEPTED,REQ-NATIVE-003-shapely-e-usado-no-dominio-com-adapters-explicitos-de-i-o.md,BC-001,BC-001/BC-007/BC-005/BC-013
REQ-NATIVE-004,FUNCIONAL,NATIVE,P1,ADR-042,EPIC-002/EPIC-021/EPIC-022/EPIC-026,test_req_native_004,ACCEPTED,REQ-NATIVE-004-rastertile-e-tipado-band-first-e-rastreavel.md,BC-001,BC-001/BC-007/BC-005/BC-013
REQ-NATIVE-005,FUNCIONAL,NATIVE,P1,ADR-044,EPIC-002/EPIC-021/EPIC-022/EPIC-026,test_req_native_005,ACCEPTED,REQ-NATIVE-005-rootsift-e-o-descritor-classico-canonico-promovido.md,BC-001,BC-001/BC-007/BC-005/BC-013
REQ-NATIVE-006,FUNCIONAL,NATIVE,P1,ADR-004,EPIC-002/EPIC-021/EPIC-022/EPIC-026,test_req_native_006,ACCEPTED,REQ-NATIVE-006-flann-kd-tree-e-operacional-e-bf-exato-funciona-como-oracle-controlado.md,BC-001,BC-001/BC-007/BC-005/BC-013
REQ-NATIVE-007,FUNCIONAL,NATIVE,P1,ADR-043,EPIC-002/EPIC-021/EPIC-022/EPIC-026,test_req_native_007,ACCEPTED,REQ-NATIVE-007-opencv-usac-magsac-e-pinado-e-encapsulado.md,BC-001,BC-001/BC-007/BC-005/BC-013
REQ-NATIVE-008,FUNCIONAL,NATIVE,P1,ADR-042,EPIC-002/EPIC-021/EPIC-022/EPIC-026,test_req_native_008,ACCEPTED,REQ-NATIVE-008-cog-e-escrito-pela-stack-nativa-e-validado-por-caminho-independente.md,BC-001,BC-001/BC-007/BC-005/BC-013
REQ-NATIVE-009,FUNCIONAL,NATIVE,P1,ADR-009,EPIC-002/EPIC-021/EPIC-022/EPIC-026,test_req_native_009,ACCEPTED,REQ-NATIVE-009-stack-nativa-e-promovida-como-unidade-oci-abi-coerente.md,BC-001,BC-001/BC-007/BC-005/BC-013
REQ-NATIVE-010,FUNCIONAL,NATIVE,P1,ADR-043,EPIC-002/EPIC-021/EPIC-022/EPIC-026,test_req_native_010,ACCEPTED,REQ-NATIVE-010-drivers-vsi-sao-allowlisted-e-handles-sao-isolados-por-work-unit.md,BC-001,BC-001/BC-007/BC-005/BC-013
REQ-NET-001,FUNCIONAL,NET,P0,ADR-032,EPIC-041/EPIC-079,test_single_ingress_tls_private_service_ports,PENDING,REQ-NET-001-a-instalacao-publica-somente-ingress-controlado-banco-broker-e-workers-p.md,BC-014,BC-014
REQ-NFR-001,NAO_FUNCIONAL,NFR,P1,ADR-040,EPIC-040,test_req_nfr_001,PENDING,REQ-NFR-001-metas-de-capacidade-e-latencia-sao-medidas-com-corpus-representativo.md,BC-014,BC-014
REQ-OBS-001,NAO_FUNCIONAL,OBS,P1,ADR-054,EPIC-039,telemetry_contract,PENDING,REQ-OBS-001-logs-estruturados-metricas-traces-e-correlation-ids-por-request-job.md,BC-014,BC-014
REQ-OBS-002,NAO_FUNCIONAL,OBS,P1,ADR-054,EPIC-005/EPIC-039,test_opentelemetry_context_propagation_exporter_outage,PENDING,REQ-OBS-002-telemetria-usa-contratos-opentelemetry-backends-substituiveis-e-correlat.md,BC-001,BC-001/BC-014
REQ-OFF-001,NAO_FUNCIONAL,OFF,P0,ADR-052,EPIC-058/EPIC-083,test_offline_zero_egress_restricted_allowlist_connected_audit,PENDING,REQ-OFF-001-o-core-executa-offline-e-toda-conexao-de-saida-e-explicita-governada-e-a.md,BC-005,BC-005/BC-014
REQ-OSS-001,GOVERNANCA,OSS,P0,ADR-056,EPIC-007/EPIC-042,license_and_dependency_inventory,PENDING,REQ-OSS-001-codigo-novo-publicado-sob-licenca-open-source-aprovada-com-notices-e-inv.md,BC-001,BC-001/BC-015
REQ-OUT-001,FUNCIONAL,OUT,P0,ADR-042,EPIC-040/EPIC-044,test_native_resolution_policy_resampling_ratio,PENDING,REQ-OUT-001-o-outputprofile-e-versionado-e-preserva-ao-maximo-a-resolucao-efetiva-da.md,BC-014,BC-014/BC-006
REQ-PLN-001,FUNCIONAL,PLN,P1,ADR-016,EPIC-002/EPIC-110,test_roadmap_horizons_outcomes_gates_and_date_exception,PENDING,REQ-PLN-001-representar-roadmap-por-horizontes-outcomes-e-gates-usando-datas-somente.md,BC-001,BC-001
REQ-PLN-002,FUNCIONAL,PLN,P1,ADR-037,EPIC-002/EPIC-110,test_layered_milestones_gate_release_mapping,PENDING,REQ-PLN-002-separar-milestones-de-outcome-gate-releases-e-iteracoes.md,BC-001,BC-001
REQ-PLN-003,FUNCIONAL,PLN,P1,ADR-016,EPIC-002/EPIC-110,test_sequence_gates_dependencies_priority_override_audit,PENDING,REQ-PLN-003-sequenciar-por-blockers-gates-dependencias-e-prioridade-explicavel-com-o.md,BC-001,BC-001
REQ-PLN-004,FUNCIONAL,PLN,P1,ADR-016,EPIC-002/EPIC-110,test_critical_enablers_uncertain_dependencies_and_risk_buffers,PENDING,REQ-PLN-004-identificar-enablers-alto-fan-out-single-points-of-failure-e-dependencia.md,BC-001,BC-001
REQ-PLN-005,NAO_FUNCIONAL,PLN,P0,ADR-012,EPIC-002/EPIC-110,test_wip_class_limits_global_cap_and_emergency_reserve,PENDING,REQ-PLN-005-impor-wip-por-classe-e-teto-global-com-reservas-para-p0-seguranca-e-manu.md,BC-001,BC-001
REQ-PLN-006,NAO_FUNCIONAL,PLN,P1,ADR-016,EPIC-002/EPIC-110,test_capacity_ranges_availability_throughput_and_no_deadline_conversion,PENDING,REQ-PLN-006-registrar-capacidade-por-faixas-categoria-e-confianca-sem-conversao-auto.md,BC-001,BC-001
REQ-PLN-007,FUNCIONAL,PLN,P1,ADR-016,EPIC-002/EPIC-110,test_pull_iteration_objective_and_carryover_reason_classification,PENDING,REQ-PLN-007-usar-sistema-pull-e-classificar-causas-de-carryover.md,BC-001,BC-001
REQ-PLN-008,FUNCIONAL,PLN,P1,ADR-016,EPIC-002/EPIC-110,test_accountable_owner_collaborator_reviewer_and_gate_approver,PENDING,REQ-PLN-008-exigir-accountable-owner-unico-e-papeis-separados-de-colaboracao-revisao.md,BC-001,BC-001
REQ-PLN-009,FUNCIONAL,PLN,P1,ADR-038,EPIC-002/EPIC-110,test_cross_domain_contract_checkpoint_and_walking_skeleton_integration,PENDING,REQ-PLN-009-manter-contratos-e-checkpoints-de-integracao-entre-produtores-e-consumid.md,BC-001,BC-001
REQ-PLN-010,FUNCIONAL,PLN,P1,ADR-016,EPIC-002/EPIC-110,test_versioned_reforecast_snapshot_variance_classification_and_delta_report,PENDING,REQ-PLN-010-preservar-snapshots-de-reforecast-e-classificar-toda-variacao-material.md,BC-001,BC-001
REQ-PRJ-001,FUNCIONAL,PRJ,P0,ADR-043,EPIC-002/EPIC-110,test_issue_type_forms,PENDING,REQ-PRJ-001-o-project-deve-possuir-taxonomia-canonica-e-issue-forms-por-tipo.md,BC-001,BC-001
REQ-PRJ-002,FUNCIONAL,PRJ,P0,ADR-022,EPIC-002/EPIC-110,test_mandatory_core_type_fields,PENDING,REQ-PRJ-002-campos-obrigatorios-devem-combinar-nucleo-comum-e-extensoes-por-tipo.md,BC-001,BC-001
REQ-PRJ-003,FUNCIONAL,PRJ,P1,ADR-022,EPIC-002/EPIC-110,test_single_parent_limited_hierarchy,PENDING,REQ-PRJ-003-issues-devem-possuir-parent-primario-e-hierarquia-operacional-limitada.md,BC-001,BC-001
REQ-PRJ-004,FUNCIONAL,PRJ,P0,ADR-022,EPIC-002/EPIC-110,test_canonical_workflow_transitions,PENDING,REQ-PRJ-004-o-fluxo-deve-usar-estados-canonicos-e-transicoes-validadas.md,BC-001,BC-001
REQ-PRJ-005,FUNCIONAL,PRJ,P0,ADR-022,EPIC-002/EPIC-110,test_definition_of_ready_gate,PENDING,REQ-PRJ-005-entrada-em-ready-deve-depender-de-definition-of-ready-proporcional.md,BC-001,BC-001
REQ-PRJ-006,FUNCIONAL,PRJ,P0,ADR-022,EPIC-002/EPIC-110,test_evidence_based_definition_of_done,PENDING,REQ-PRJ-006-entrada-em-done-deve-depender-de-evidencias-e-checks-aplicaveis.md,BC-001,BC-001
REQ-PRJ-007,FUNCIONAL,PRJ,P1,ADR-022,EPIC-002/EPIC-110,test_typed_dependency_cycle_detection,PENDING,REQ-PRJ-007-dependencias-devem-ser-tipadas-e-ciclos-materiais-detectaveis.md,BC-001,BC-001
REQ-PRJ-008,FUNCIONAL,PRJ,P1,ADR-022,EPIC-002/EPIC-110,test_derived_priority_dimensions,PENDING,REQ-PRJ-008-prioridade-efetiva-deve-separar-impacto-urgencia-risco-e-gate.md,BC-001,BC-001
REQ-PRJ-009,FUNCIONAL,PRJ,P1,ADR-022,EPIC-002/EPIC-110,test_relative_size_uncertainty_split,PENDING,REQ-PRJ-009-tamanho-deve-usar-faixas-relativas-confianca-e-regra-de-divisao.md,BC-001,BC-001
REQ-PRJ-010,FUNCIONAL,PRJ,P0,ADR-022,EPIC-002/EPIC-110,test_guarded_project_automation,PENDING,REQ-PRJ-010-automacoes-devem-preservar-integridade-sem-aprovar-decisoes-materiais.md,BC-001,BC-001
REQ-PRM-001,FUNCIONAL,PRM,P1,ADR-053,EPIC-002/EPIC-110,test_portfolio_materialization_decision_01,PENDING,REQ-PRM-001-validar-a-primeira-materializacao-em-staging-representativo-antes-do-pro.md,BC-001,BC-001
REQ-PRM-002,FUNCIONAL,PRM,P1,ADR-053,EPIC-002/EPIC-110,test_portfolio_materialization_decision_02,PENDING,REQ-PRM-002-executar-importacao-em-ondas-limitadas-por-dependencia-gate-e-risco.md,BC-001,BC-001
REQ-PRM-003,FUNCIONAL,PRM,P1,ADR-053,EPIC-002/EPIC-110,test_portfolio_materialization_decision_03,PENDING,REQ-PRM-003-declarar-autoridade-e-direcao-de-sincronizacao-para-cada-campo.md,BC-001,BC-001
REQ-PRM-004,FUNCIONAL,PRM,P1,ADR-050,EPIC-002/EPIC-110,test_portfolio_materialization_decision_04,PENDING,REQ-PRM-004-detectar-drift-por-reconciliacao-de-tres-vias-e-classificar-conflitos.md,BC-001,BC-001
REQ-PRM-005,FUNCIONAL,PRM,P1,ADR-053,EPIC-002/EPIC-110,test_portfolio_materialization_decision_05,PENDING,REQ-PRM-005-separar-mudancas-destrutivas-em-changeset-aprovado-com-tombstones.md,BC-001,BC-001
REQ-PRM-006,FUNCIONAL,PRM,P1,ADR-016,EPIC-002/EPIC-110,test_portfolio_materialization_decision_06,PENDING,REQ-PRM-006-usar-operacoes-idempotentes-checkpoints-backoff-e-retomada-segura.md,BC-001,BC-001
REQ-PRM-007,FUNCIONAL,PRM,P1,ADR-053,EPIC-002/EPIC-110,test_portfolio_materialization_decision_07,PENDING,REQ-PRM-007-exigir-portfoliomaterializationevidenceset-antes-da-convergencia-operaci.md,BC-001,BC-001
REQ-PRM-008,FUNCIONAL,PRM,P0,ADR-053,EPIC-002/EPIC-110,test_portfolio_materialization_decision_08,PENDING,REQ-PRM-008-registrar-cada-execucao-em-portfoliosyncrunrecord-imutavel-e-sanitizado.md,BC-001,BC-001
REQ-PRM-009,FUNCIONAL,PRM,P1,ADR-053,EPIC-002/EPIC-110,test_portfolio_materialization_decision_09,PENDING,REQ-PRM-009-recuperar-ondas-por-snapshot-compensacoes-seguras-e-forward-reconciliati.md,BC-001,BC-001
REQ-PRM-010,FUNCIONAL,PRM,P1,ADR-053,EPIC-002/EPIC-110,test_portfolio_materialization_decision_10,PENDING,REQ-PRM-010-usar-identidade-dedicada-privilegios-minimos-e-credenciais-de-curta-dura.md,BC-001,BC-001
REQ-PROV-001,FUNCIONAL,PROV,P0,ADR-025,EPIC-037/EPIC-049,test_manifest_lineage_reproduction_bundle,PENDING,REQ-PROV-001-resultados-possuem-lineage-normalizado-manifesto-versionado-e-bundle-de.md,BC-012,BC-012/BC-013
REQ-PRV-001,NAO_FUNCIONAL,PRV,P0,ADR-055,EPIC-012/EPIC-013,retention_deletion_restore,PENDING,REQ-PRV-001-retencao-exclusao-e-exportacao-sao-configuraveis-e-auditadas-por-instanc.md,BC-003,BC-003/BC-013
REQ-PUB-002,FUNCIONAL,PUB,P0,ADR-057,EPIC-007/EPIC-091,test_contribution_origin_dco_signoff_and_inbound_outbound_policy,PENDING,REQ-PUB-002-contribuicoes-externas-devem-possuir-mecanismo-aprovado-de-certificacao.md,BC-001,BC-001
REQ-PUB-003,FUNCIONAL,PUB,P0,ADR-012,EPIC-058/EPIC-060/EPIC-061,test_provider_policy_manifest_asset_license_record_expiry_attribution_and_fail_closed_acquisition,PENDING,REQ-PUB-003-providers-e-assets-externos-devem-carregar-policy-versionada-de-direitos.md,BC-005,BC-005/BC-013
REQ-PUB-004,FUNCIONAL,PUB,P1,ADR-037,EPIC-042/EPIC-089,test_citation_cff_codemeta_authors_notices_release_digest_and_doi_consistency,PENDING,REQ-PUB-004-releases-publicas-devem-conter-metadados-de-citacao-autoria-terceiros-e.md,BC-015,BC-015
REQ-QUAL-001,FUNCIONAL,QUAL,P0,ADR-046,EPIC-024,test_fail_closed_missing_metric_and_critical_gate_rejection,PENDING,REQ-QUAL-001-o-strong-geometric-verifier-opera-fail-closed-e-nenhum-resultado-e-aceit.md,BC-007,BC-007
REQ-QUAL-002,FUNCIONAL,QUAL,P0,ADR-046,EPIC-024/EPIC-037,test_quality_profile_metric_threshold_gate_lineage,PENDING,REQ-QUAL-002-cada-imagem-possui-metricas-thresholds-gates-e-versao-do-qualityprofile.md,BC-007,BC-007/BC-012
REQ-QUAL-003,FUNCIONAL,QUAL,P0,ADR-046,EPIC-024/EPIC-034/EPIC-037,test_input_output_deformation_profile_and_heatmap,PENDING,REQ-QUAL-003-cada-saida-georreferenciada-possui-image-deformation-profile-com-metrica.md,BC-007,BC-007/BC-016/BC-012
REQ-QUAL-004,FUNCIONAL,QUAL,P0,ADR-046,EPIC-024/EPIC-025,test_quality_profile_immutable_version_hash_calibration_clone,PENDING,REQ-QUAL-004-qualityprofiles-oficiais-sao-imutaveis-versionados-calibrados-e-vinculad.md,BC-007,BC-007
REQ-QUAL-005,FUNCIONAL,QUAL,P0,ADR-046,EPIC-034/EPIC-038,test_deformation_summary_heatmap_dense_consistency,PENDING,REQ-QUAL-005-relatorios-de-deformacao-oferecem-metricas-obrigatorias-heatmap-amostrad.md,BC-016,BC-016/BC-007
REQ-RAS-001,CONTRATO,RAS,P0,ADR-042,EPIC-044/EPIC-045/EPIC-093,test_nodata_alpha_coverage_analysis_mask_separation,PENDING,REQ-RAS-001-nodata-alpha-cobertura-mascara-de-validade-mascara-analitica-e-margens-p.md,BC-006,BC-006
REQ-RAS-002,CONTRATO,RAS,P1,ADR-049,EPIC-044/EPIC-097,test_output_grid_extent_alignment_pixel_anchor_and_no_half_pixel_shift,PENDING,REQ-RAS-002-a-grade-de-saida-explicita-extensao-alinhamento-pixel-anchor-e-evita-des.md,BC-006,BC-006
REQ-RAS-003,CONTRATO,RAS,P1,ADR-042,EPIC-024/EPIC-097,test_resolution_native_information_jacobian_limits_and_no_false_superresolution,PENDING,REQ-RAS-003-a-resolucao-de-saida-preserva-informacao-nativa-respeita-limites-jacobia.md,BC-007,BC-007/BC-006
REQ-RAS-004,CONTRATO,RAS,P1,ADR-042,EPIC-095/EPIC-097,test_resampling_kernel_by_band_content_scale_and_mask_integrity,PENDING,REQ-RAS-004-o-kernel-de-reamostragem-e-escolhido-por-banda-escala-de-conteudo-e-sema.md,BC-006,BC-006
REQ-RAS-005,CONTRATO,RAS,P1,ADR-040,EPIC-046/EPIC-097,test_cog_grid_metadata_overviews_validity_roundtrip_and_atomic_publication,PENDING,REQ-RAS-005-cog-grade-metadados-overviews-e-validade-passam-por-round-trip-e-validac.md,BC-013,BC-013/BC-006
REQ-REF-001,FUNCIONAL,REF,P0,ADR-040,EPIC-024/EPIC-053,test_disjoint_components_no_forced_edge_per_image_sgv,PENDING,REQ-REF-001-bootstrap-intralote-requer-evidencia-direta-por-aresta-mantem-componente.md,BC-007,BC-007/BC-005
REQ-REF-002,FUNCIONAL,REF,P0,ADR-040,EPIC-024/EPIC-056,test_direct_edge_evidence_and_independent_dependent_sgv,PENDING,REQ-REF-002-toda-aresta-operacional-requer-evidencia-geometrica-direta-e-aprovacao-i.md,BC-007,BC-007/BC-005
REQ-RES-001,FUNCIONAL,RES,P0,ADR-039,EPIC-019/EPIC-040,test_resource_governor_admission_pressure_adaptation,PENDING,REQ-RES-001-o-scheduler-aplica-resource-governor-adaptativo-com-orcamento-de-ram-cpu.md,BC-010,BC-010/BC-014
REQ-RET-001,NAO_FUNCIONAL,RET,P0,ADR-012,EPIC-049/EPIC-073,test_retention_policy_protected_lineage_hold_dry_run,PENDING,REQ-RET-001-retentionpolicies-versionadas-consideram-classe-estado-dependencia-hold.md,BC-013,BC-013
REQ-REV-003,FUNCIONAL,REV,P0,ADR-048,EPIC-024/EPIC-049/EPIC-062,test_correctionset_new_attempt_full_sgv_immutable_history,PENDING,REQ-REV-003-toda-correcao-manual-cria-correctionset-imutavel-nova-tentativa-e-revali.md,BC-007,BC-007/BC-013/BC-011
REQ-REV-004,FUNCIONAL,REV,P1,ADR-048,EPIC-062/EPIC-064,test_review_queue_explainable_priority_no_bulk_approval,PENDING,REQ-REV-004-a-fila-de-revisao-e-filtravel-e-priorizada-de-forma-explicavel-sem-aprov.md,BC-011,BC-011
REQ-RMQ-001,FUNCIONAL,RMQ,P0,ADR-036,EPIC-040/EPIC-103,test_relative_mosaic_resource_preflight_budgets_admission_and_no_quality_relaxation,PENDING,REQ-RMQ-001-a-operacao-deve-executar-preflight-de-recursos-e-ser-admitida-por-budget.md,BC-014,BC-014/BC-008
REQ-RMQ-002,NAO_FUNCIONAL,RMQ,P0,ADR-009,EPIC-049/EPIC-103,test_persistence_classes_recomputability_lineage_retention_and_resume,PENDING,REQ-RMQ-002-intermediarios-devem-possuir-classe-de-persistencia-recomputabilidade-de.md,BC-013,BC-013/BC-008
REQ-RMQ-003,FUNCIONAL,RMQ,P1,ADR-036,EPIC-098/EPIC-103,test_virtual_canonical_preview_and_on_demand_tiled_materialization,PENDING,REQ-RMQ-003-o-mosaico-virtual-deve-permanecer-canonico-e-materializacoes-devem-ser-t.md,BC-008,BC-008
REQ-RMQ-004,FUNCIONAL,RMQ,P0,ADR-039,EPIC-075/EPIC-103,test_quota_pinning_dependency_aware_eviction_dry_run_and_recompute_plan,PENDING,REQ-RMQ-004-quotas-e-eviction-devem-preservar-artifacts-autoritativos-e-oferecer-dry.md,BC-014,BC-014/BC-008
REQ-RMR-001,FUNCIONAL,RMR,P1,ADR-050,EPIC-037/EPIC-102,test_relative_mosaic_report_snapshots_current_view_and_history,PENDING,REQ-RMR-001-relatorios-do-componente-devem-preservar-snapshots-imutaveis-e-oferecer.md,BC-012,BC-012/BC-008
REQ-RMR-002,FUNCIONAL,RMR,P1,ADR-042,EPIC-032/EPIC-102,test_multiscale_graph_raster_source_heatmap_lod_and_incremental_loading,PENDING,REQ-RMR-002-a-visualizacao-deve-sincronizar-raster-grafo-fontes-e-heatmaps-com-level.md,BC-016,BC-016/BC-008
REQ-RMR-003,FUNCIONAL,RMR,P1,ADR-050,EPIC-037/EPIC-102,test_layered_summary_technical_visual_reproducibility_export_profiles,PENDING,REQ-RMR-003-exports-devem-separar-resumo-dados-tecnicos-visualizacao-e-bundle-de-rep.md,BC-012,BC-012/BC-008
REQ-RMR-004,FUNCIONAL,RMR,P1,ADR-050,EPIC-098/EPIC-102,test_hierarchical_tile_region_provenance_and_dense_on_demand_limits,PENDING,REQ-RMR-004-provenance-de-sobreposicao-deve-explicar-fontes-e-seamlines-de-forma-esc.md,BC-008,BC-008
REQ-RMV-001,FUNCIONAL,RMV,P0,ADR-050,EPIC-024/EPIC-101,test_relative_mosaic_quality_profile_independent_hard_and_reviewable_gates,PENDING,REQ-RMV-001-o-componente-relativo-deve-possuir-gates-independentes-e-versionados-har.md,BC-007,BC-007/BC-008
REQ-RMV-002,FUNCIONAL,RMV,P0,ADR-050,EPIC-024/EPIC-101,test_cycle_basis_budgeted_long_cycle_sampling_drift_percentiles_and_localization,PENDING,REQ-RMV-002-o-sistema-deve-medir-fechamento-de-ciclos-e-drift-local-global-com-orcam.md,BC-007,BC-007/BC-008
REQ-RMV-003,FUNCIONAL,RMV,P0,ADR-050,EPIC-056/EPIC-101,test_bridge_articulation_leverage_removal_sensitivity_and_component_split,PENDING,REQ-RMV-003-bridges-articulation-points-e-arestas-de-leverage-elevado-devem-passar-p.md,BC-005,BC-005/BC-008
REQ-RMV-004,FUNCIONAL,RMV,P0,ADR-050,EPIC-099/EPIC-101,test_relative_component_promotion_lifecycle_and_no_image_acceptance_transfer,PENDING,REQ-RMV-004-o-lifecycle-do-componente-deve-separar-candidato-verificado-ancoravel-e.md,BC-008,BC-008
REQ-RUN-001,CONTRATO,RUN,P1,ADR-015,EPIC-002/EPIC-004/EPIC-012/EPIC-031,test_req_run_001,ACCEPTED,REQ-RUN-001-o-namespace-da-aplicacao-e-unico-e-apps-de-cli-api-e-worker-permanecem-f.md,BC-001,BC-001/BC-003/BC-016
REQ-RUN-002,CONTRATO,RUN,P1,ADR-040,EPIC-002/EPIC-004/EPIC-012/EPIC-031,test_req_run_002,ACCEPTED,REQ-RUN-002-o-nucleo-de-dominio-permanece-sincrono-e-i-o-assincrono-fica-nas-bordas.md,BC-001,BC-001/BC-003/BC-016
REQ-RUN-003,CONTRATO,RUN,P1,ADR-005,EPIC-002/EPIC-004/EPIC-012/EPIC-031,test_req_run_003,ACCEPTED,REQ-RUN-003-composition-roots-sao-explicitos-e-usam-injecao-por-construtor.md,BC-001,BC-001/BC-003/BC-016
REQ-RUN-004,CONTRATO,RUN,P0,ADR-040,EPIC-002/EPIC-004/EPIC-012/EPIC-031,test_req_run_004,ACCEPTED,REQ-RUN-004-settings-sao-tipados-estratificados-por-fonte-e-falham-fechados-para-val.md,BC-001,BC-001/BC-003/BC-016
REQ-RUN-005,CONTRATO,RUN,P1,ADR-045,EPIC-002/EPIC-004/EPIC-012/EPIC-031,test_req_run_005,ACCEPTED,REQ-RUN-005-comandos-usam-unit-of-work-explicita-e-transacoes-curtas.md,BC-001,BC-001/BC-003/BC-016
REQ-RUN-006,CONTRATO,RUN,P1,ADR-040,EPIC-002/EPIC-004/EPIC-012/EPIC-031,test_req_run_006,ACCEPTED,REQ-RUN-006-erros-de-dominio-sao-tipados-e-mapeados-de-forma-versionada-para-problem.md,BC-001,BC-001/BC-003/BC-016
REQ-RUN-007,CONTRATO,RUN,P1,ADR-040,EPIC-002/EPIC-004/EPIC-012/EPIC-031,test_req_run_007,ACCEPTED,REQ-RUN-007-operacoes-mutaveis-repetiveis-usam-idempotencia-persistente.md,BC-001,BC-001/BC-003/BC-016
REQ-RUN-008,CONTRATO,RUN,P1,ADR-013,EPIC-002/EPIC-004/EPIC-012/EPIC-031,test_req_run_008,ACCEPTED,REQ-RUN-008-o-cliente-typescript-e-gerado-do-openapi-e-protegido-por-diff-gate-deter.md,BC-001,BC-001/BC-003/BC-016
REQ-RUN-009,CONTRATO,RUN,P1,ADR-055,EPIC-002/EPIC-004/EPIC-012/EPIC-031,test_req_run_009,ACCEPTED,REQ-RUN-009-logs-seguem-envelope-estruturado-correlation-ids-e-redaction-centralizad.md,BC-001,BC-001/BC-003/BC-016
REQ-RUN-010,CONTRATO,RUN,P0,ADR-017,EPIC-002/EPIC-004/EPIC-012/EPIC-031,test_req_run_010,ACCEPTED,REQ-RUN-010-feature-flags-e-capability-registry-sao-locais-versionados-e-nao-substit.md,BC-001,BC-001/BC-003/BC-016
REQ-RUNTIME-001,CONTRATO,RUNTIME,P1,ADR-002,EPIC-002/EPIC-004,test_runtime_decision_1,ACCEPTED,REQ-RUNTIME-001-namespace-apps-finos-e-dependency-rules-respeitam-as-boundaries-da-adr-0.md,BC-001,BC-001
REQ-RUNTIME-002,CONTRATO,RUNTIME,P1,ADR-002,EPIC-002/EPIC-004/EPIC-014,test_runtime_decision_2,ACCEPTED,REQ-RUNTIME-002-async-permanece-nas-bordas-e-o-dominio-nao-depende-do-framework.md,BC-001,BC-001/BC-010
REQ-RUNTIME-003,CONTRATO,RUNTIME,P0,ADR-005,EPIC-004,test_runtime_decision_3,ACCEPTED,REQ-RUNTIME-003-composition-roots-e-settings-sao-explicitos-tipados-e-fail-closed.md,BC-001,BC-001
REQ-RUNTIME-004,CONTRATO,RUNTIME,P1,ADR-045,EPIC-004/EPIC-078,test_runtime_decision_4,ACCEPTED,REQ-RUNTIME-004-unit-of-work-transactions-curtas-erros-e-idempotencia-seguem-ap-002-e-ad.md,BC-001,BC-001/BC-014
REQ-RUNTIME-005,CONTRATO,RUNTIME,P1,ADR-010,EPIC-012/EPIC-013,test_runtime_decision_5,ACCEPTED,REQ-RUNTIME-005-openapi-logging-estruturado-capabilities-e-feature-flags-sao-versionados.md,BC-003,BC-003/BC-013
REQ-RUNTIME-006,CONTRATO,RUNTIME,P1,ADR-021,EPIC-004/EPIC-011,test_runtime_decision_6,ACCEPTED,REQ-RUNTIME-006-o-navegador-nao-recebe-paths-arbitrarios-payloads-do-broker-ou-acesso-di.md,BC-001,BC-001/BC-002
REQ-RUNTIME-007,CONTRATO,RUNTIME,P1,ADR-002,EPIC-004/EPIC-011,test_runtime_decision_7,ACCEPTED,REQ-RUNTIME-007-selecao-de-arquivos-usa-roots-autorizados-e-identificadores-opacos.md,BC-001,BC-001/BC-002
REQ-RUNTIME-008,CONTRATO,RUNTIME,P1,ADR-014,EPIC-004/EPIC-031,test_runtime_decision_8,ACCEPTED,REQ-RUNTIME-008-frontend-api-e-cli-preservam-semantica-equivalente-sobre-os-mesmos-appli.md,BC-001,BC-001/BC-016
REQ-RUNTIME-009,NAO_FUNCIONAL,RUNTIME,P1,ADR-055,EPIC-039/EPIC-076,test_runtime_decision_9,ACCEPTED,REQ-RUNTIME-009-sinais-operacionais-aplicam-cardinalidade-limitada-redaction-e-correlaca.md,BC-014,BC-014
REQ-RUNTIME-010,CONTRATO,RUNTIME,P1,ADR-017,EPIC-011/EPIC-039,test_runtime_decision_10,ACCEPTED,REQ-RUNTIME-010-readiness-e-capability-gates-sao-explicitos-versionados-e-testaveis.md,BC-002,BC-002/BC-014
REQ-SCH-001,FUNCIONAL,SCH,P0,ADR-012,EPIC-019/EPIC-068,test_class_aware_weighted_fair_scheduler_aging_and_no_starvation,PENDING,REQ-SCH-001-jobs-devem-ser-escalonados-por-classes-weighted-fairness-e-aging-sem-sta.md,BC-010,BC-010
REQ-SCH-002,FUNCIONAL,SCH,P0,ADR-039,EPIC-018/EPIC-068,test_hierarchical_dag_chunk_limits_backpressure_leases_and_safe_boundaries,PENDING,REQ-SCH-002-a-decomposicao-deve-usar-dag-hierarquico-chunks-limitados-backpressure-l.md,BC-010,BC-010
REQ-SCH-003,FUNCIONAL,SCH,P0,ADR-037,EPIC-050/EPIC-068/EPIC-082,test_device_aware_gpu_leases_vram_budgets_model_residency_and_explicit_fallback,PENDING,REQ-SCH-003-gpus-devem-usar-leases-device-aware-budgets-de-vram-e-fallback-somente-q.md,BC-009,BC-009/BC-010/BC-014
REQ-SCH-004,FUNCIONAL,SCH,P0,ADR-039,EPIC-040/EPIC-068,test_policy_quotas_reservations_circuit_breakers_containment_and_effective_priority_audit,PENDING,REQ-SCH-004-politicas-versionadas-devem-impor-quotas-reservas-circuit-breakers-e-con.md,BC-014,BC-014/BC-010
REQ-SCL-001,FUNCIONAL,SCL,P0,ADR-053,EPIC-018/EPIC-019/EPIC-040,test_batches_40_100_300_memory_checkpoint_backpressure,PENDING,REQ-SCL-001-a-arquitetura-processa-lotes-usuais-de-40-a-300-imagens-por-batch-hierar.md,BC-010,BC-010/BC-014
REQ-SCL-002,FUNCIONAL,SCL,P0,ADR-053,EPIC-034/EPIC-037,test_server_pagination_filter_stream_export,PENDING,REQ-SCL-002-consulta-e-exportacao-de-lotes-usam-paginacao-filtros-e-streaming-server.md,BC-016,BC-016/BC-012
REQ-SCM-001,FUNCIONAL,SCM,P0,ADR-053,EPIC-004/EPIC-105,test_versioned_schema_registry_reader_writer_compatibility_window_and_unknown_major_rejection,PENDING,REQ-SCM-001-schemas-de-banco-api-eventos-manifests-e-artifacts-devem-possuir-versoes.md,BC-001,BC-001/BC-013
REQ-SCM-002,FUNCIONAL,SCM,P0,ADR-026,EPIC-012/EPIC-106,test_expand_migrate_contract_chunked_backfill_resume_invariants_and_irreversibility,PENDING,REQ-SCM-002-migrations-devem-usar-preflight-fases-compativeis-backfill-chunked-check.md,BC-003,BC-003/BC-015
REQ-SCM-003,FUNCIONAL,SCM,P0,ADR-053,EPIC-037/EPIC-105,test_immutable_artifact_read_adapters_lineage_preserving_rematerialization_and_supersession,PENDING,REQ-SCM-003-artifacts-historicos-devem-permanecer-imutaveis-e-qualquer-rematerializa.md,BC-012,BC-012/BC-013
REQ-SCM-004,NAO_FUNCIONAL,SCM,P0,ADR-035,EPIC-071/EPIC-072/EPIC-106,test_upgrade_rollback_compatibility_matrix_downgrade_blockers_forward_fix_and_restore,PENDING,REQ-SCM-004-upgrade-rollback-e-downgrade-devem-avaliar-compatibilidade-e-bloquear-op.md,BC-013,BC-013/BC-014/BC-015
REQ-SCP-001,FUNCIONAL,SCP,P0,ADR-053,EPIC-021/EPIC-028,test_cross_decade_corpus_and_no_temporal_hardcode,PENDING,REQ-SCP-001-o-pipeline-e-a-ux-suportam-imagens-atuais-e-historicas-de-diferentes-dec.md,BC-007,BC-007
REQ-SDR-001,FUNCIONAL,SDR,P1,ADR-053,EPIC-023/EPIC-028/EPIC-050,test_hierarchical_seeds_rng_inventory_stable_ordering_and_checkpoint_compatibility,PENDING,REQ-SDR-001-cada-attempt-deve-derivar-e-registrar-seeds-hierarquicas-e-inventario-de.md,BC-006,BC-006/BC-007/BC-009
REQ-SDR-002,FUNCIONAL,SDR,P1,ADR-053,EPIC-024/EPIC-028/EPIC-050,test_tiered_cpu_gpu_runner_numerical_decision_and_artifact_equivalence,PENDING,REQ-SDR-002-equivalencia-entre-runners-e-dispositivos-deve-ser-avaliada-por-niveis-e.md,BC-007,BC-007/BC-009
REQ-SDR-003,NAO_FUNCIONAL,SDR,P1,ADR-053,EPIC-028/EPIC-050/EPIC-082,test_nondeterministic_capability_declaration_repeatability_probes_and_bounded_consensus,PENDING,REQ-SDR-003-operacoes-nao-deterministicas-devem-declarar-capacidade-executar-probes.md,BC-007,BC-007/BC-009/BC-014
REQ-SDR-004,NAO_FUNCIONAL,SDR,P1,ADR-053,EPIC-028/EPIC-037/EPIC-049,test_scientific_reproducibility_record_replay_levels_promotion_matrix_and_retention,PENDING,REQ-SDR-004-replay-cientifico-e-promocao-devem-preservar-hashes-do-ambiente-e-classi.md,BC-007,BC-007/BC-012/BC-013
REQ-SGVCAL-001,NAO_FUNCIONAL,SGVCAL,P1,ADR-046,EPIC-005/EPIC-022/EPIC-028,test_req_sgvcal_001,ACCEPTED,REQ-SGVCAL-001-invariantes-duras-e-sgvprofile-sao-imutaveis-por-estrato.md,BC-001,BC-001/BC-005/BC-007
REQ-SGVCAL-002,NAO_FUNCIONAL,SGVCAL,P1,ADR-046,EPIC-005/EPIC-022/EPIC-028,test_req_sgvcal_002,ACCEPTED,REQ-SGVCAL-002-toda-metrica-declara-espaco-unidade-direcao-e-normalizacao.md,BC-001,BC-001/BC-005/BC-007
REQ-SGVCAL-003,NAO_FUNCIONAL,SGVCAL,P1,ADR-046,EPIC-005/EPIC-022/EPIC-028,test_req_sgvcal_003,ACCEPTED,REQ-SGVCAL-003-erros-usam-distribuicoes-robustas-de-transferencia-simetrica.md,BC-001,BC-001/BC-005/BC-007
REQ-SGVCAL-004,NAO_FUNCIONAL,SGVCAL,P1,ADR-046,EPIC-005/EPIC-022/EPIC-028,test_req_sgvcal_004,ACCEPTED,REQ-SGVCAL-004-coverage-e-multidimensional-e-inclui-leverage-e-suporte-espacial.md,BC-001,BC-001/BC-005/BC-007
REQ-SGVCAL-005,NAO_FUNCIONAL,SGVCAL,P0,ADR-009,EPIC-005/EPIC-022/EPIC-028,test_req_sgvcal_005,ACCEPTED,REQ-SGVCAL-005-condicionamento-degenerescencia-e-estabilidade-leave-one-out-sao-obrigat.md,BC-001,BC-001/BC-005/BC-007
REQ-SGVCAL-006,NAO_FUNCIONAL,SGVCAL,P1,ADR-046,EPIC-005/EPIC-022/EPIC-028,test_req_sgvcal_006,ACCEPTED,REQ-SGVCAL-006-deformacao-local-e-medida-por-jacobiano-adaptativo.md,BC-001,BC-001/BC-005/BC-007
REQ-SGVCAL-007,NAO_FUNCIONAL,SGVCAL,P1,ADR-002,EPIC-005/EPIC-022/EPIC-028,test_req_sgvcal_007,ACCEPTED,REQ-SGVCAL-007-footprint-topologia-crs-e-plausibilidade-contextual-sao-validados.md,BC-001,BC-001/BC-005/BC-007
REQ-SGVCAL-008,NAO_FUNCIONAL,SGVCAL,P1,ADR-046,EPIC-005/EPIC-022/EPIC-028,test_req_sgvcal_008,ACCEPTED,REQ-SGVCAL-008-calibracao-e-estratificada-com-holdout-cego-e-budget-de-falso-aceite.md,BC-001,BC-001/BC-005/BC-007
REQ-SGVCAL-009,NAO_FUNCIONAL,SGVCAL,P1,ADR-046,EPIC-005/EPIC-022/EPIC-028,test_req_sgvcal_009,ACCEPTED,REQ-SGVCAL-009-zona-cinzenta-e-governada-sem-override-de-hard-gate.md,BC-001,BC-001/BC-005/BC-007
REQ-SGVCAL-010,NAO_FUNCIONAL,SGVCAL,P1,ADR-046,EPIC-005/EPIC-022/EPIC-028,test_req_sgvcal_010,ACCEPTED,REQ-SGVCAL-010-profile-e-evidence-sao-promovidos-por-shadow-canary-e-possuem-rollback.md,BC-001,BC-001/BC-005/BC-007
REQ-SMO-001,NAO_FUNCIONAL,SMO,P0,ADR-039,EPIC-040/EPIC-069,test_scheduler_low_cardinality_metrics_correlated_event_ledger_and_timeline,PENDING,REQ-SMO-001-scheduler-deve-emitir-metricas-agregadas-e-eventos-correlacionados-sem-l.md,BC-014,BC-014/BC-010
REQ-SMO-002,FUNCIONAL,SMO,P1,ADR-040,EPIC-034/EPIC-069,test_stage_work_units_progress_eta_range_confidence_replanning_and_unknown_state,PENDING,REQ-SMO-002-progresso-e-estimativas-devem-usar-unidades-por-estagio-throughput-obser.md,BC-016,BC-016/BC-010
REQ-SMO-003,FUNCIONAL,SMO,P1,ADR-012,EPIC-040/EPIC-069,test_class_slos_wait_starvation_stalled_jobs_gpu_lease_and_breaker_recovery_alerts,PENDING,REQ-SMO-003-slos-por-classe-devem-detectar-espera-starvation-jobs-sem-progresso-leas.md,BC-014,BC-014/BC-010
REQ-SMO-004,NAO_FUNCIONAL,SMO,P1,ADR-030,EPIC-034/EPIC-069/EPIC-075,test_role_based_scheduler_diagnostics_safe_controls_and_append_only_audit,PENDING,REQ-SMO-004-dashboard-role-based-deve-explicar-bloqueios-prioridade-efetiva-e-acoes.md,BC-016,BC-016/BC-010/BC-014
REQ-SPRINT-001-001,FUNCIONAL,SPRINT,P1,ADR-008,EPIC-001/EPIC-002/EPIC-086/EPIC-110,test_sprint_zero_baseline_decision_01,PENDING,REQ-SPRINT-001-001-limitar-a-sprint-001-ao-conjunto-minimo-necessario-ao-executable-foundat.md,BC-001,BC-001
REQ-SPRINT-001-002,FUNCIONAL,SPRINT,P1,ADR-008,EPIC-001/EPIC-002/EPIC-086/EPIC-110,test_sprint_zero_baseline_decision_02,PENDING,REQ-SPRINT-001-002-derivar-a-selecao-de-issues-pelo-grafo-de-gates-dependencias-requisitos.md,BC-001,BC-001
REQ-SPRINT-001-003,FUNCIONAL,SPRINT,P1,ADR-008,EPIC-001/EPIC-002/EPIC-086/EPIC-110,test_sprint_zero_baseline_decision_03,PENDING,REQ-SPRINT-001-003-executar-ondas-verticais-pequenas-integraveis-e-orientadas-a-evidencias.md,BC-001,BC-001
REQ-SPRINT-001-004,FUNCIONAL,SPRINT,P1,ADR-008,EPIC-001/EPIC-002/EPIC-086/EPIC-110,test_sprint_zero_baseline_decision_04,PENDING,REQ-SPRINT-001-004-criar-scaffold-minimo-preservando-fronteiras-de-core-api-e-runners.md,BC-001,BC-001
REQ-SPRINT-001-005,FUNCIONAL,SPRINT,P1,ADR-012,EPIC-001/EPIC-002/EPIC-086/EPIC-110,test_sprint_zero_baseline_decision_05,PENDING,REQ-SPRINT-001-005-versionar-e-exercitar-somente-os-contracts-essenciais-do-walking-skeleto.md,BC-001,BC-001
REQ-SPRINT-001-006,FUNCIONAL,SPRINT,P1,ADR-008,EPIC-001/EPIC-002/EPIC-086/EPIC-110,test_sprint_zero_baseline_decision_06,PENDING,REQ-SPRINT-001-006-implementar-job-diagnostico-sintetico-ponta-a-ponta-sem-georreferenciame.md,BC-001,BC-001
REQ-SPRINT-001-007,NAO_FUNCIONAL,SPRINT,P1,ADR-008,EPIC-001/EPIC-002/EPIC-086/EPIC-110,test_sprint_zero_baseline_decision_07,PENDING,REQ-SPRINT-001-007-aplicar-gate-progressivo-de-ci-proporcional-as-capacidades-presentes.md,BC-001,BC-001
REQ-SPRINT-001-008,FUNCIONAL,SPRINT,P0,ADR-008,EPIC-001/EPIC-002/EPIC-086/EPIC-110,test_sprint_zero_baseline_decision_08,PENDING,REQ-SPRINT-001-008-produzir-sprintevidenceset-imutavel-machine-readable-e-resumido-para-hum.md,BC-001,BC-001
REQ-SPRINT-001-009,FUNCIONAL,SPRINT,P1,ADR-008,EPIC-001/EPIC-002/EPIC-086/EPIC-110,test_sprint_zero_baseline_decision_09,PENDING,REQ-SPRINT-001-009-encerrar-sprint-001-por-evidencia-e-controlar-extensoes-por-blockers-dir.md,BC-001,BC-001
REQ-SPRINT-001-010,FUNCIONAL,SPRINT,P1,ADR-035,EPIC-001/EPIC-002/EPIC-086/EPIC-110,test_sprint_zero_baseline_decision_10,PENDING,REQ-SPRINT-001-010-liberar-primeira-fatia-funcional-somente-por-cutover-explicito-apos-foun.md,BC-001,BC-001
REQ-SRC-001,FUNCIONAL,SRC,P0,ADR-047,EPIC-027,ssrf_provider_gateway,PENDING,REQ-SRC-001-fontes-remotas-passam-por-allowlist-timeout-limite-e-protecao-ssrf.md,BC-005,BC-005
REQ-SRC-002,FUNCIONAL,SRC,P0,ADR-047,EPIC-027/EPIC-041,test_free_download_only_and_purchase_blocked,PENDING,REQ-SRC-002-aquisicao-automatizada-baixa-somente-ativos-gratuitos-e-autorizados-o-si.md,BC-005,BC-005/BC-014
REQ-SRC-003,NAO_FUNCIONAL,SRC,P0,ADR-047,EPIC-041/EPIC-058,test_provider_capability_contract_allowlist_ssrf_no_purchase,PENDING,REQ-SRC-003-fontes-externas-sao-integradas-por-gateway-de-capacidades-com-adapters-a.md,BC-014,BC-014/BC-005
REQ-SRC-004,FUNCIONAL,SRC,P0,ADR-047,EPIC-033/EPIC-059,test_guided_bounded_search_ranking_uncertainty_reproducible,PENDING,REQ-SRC-004-busca-espaciotemporal-usa-aoi-epoca-incerteza-expansao-limitada-orcament.md,BC-016,BC-016/BC-005
REQ-SRC-005,FUNCIONAL,SRC,P0,ADR-047,EPIC-029/EPIC-060,test_free_acquisition_policy_states_fail_closed_paid_ambiguous,PENDING,REQ-SRC-005-pesquisa-selecao-download-e-uso-de-referencia-sao-estados-distintos-aqui.md,BC-004,BC-004/BC-005
REQ-SRG-001,NAO_FUNCIONAL,SRG,P1,ADR-053,EPIC-028,test_layered_versioned_stratified_scientific_baselines_sentinels_and_blind_promotion_set,PENDING,REQ-SRG-001-baselines-cientificos-devem-ser-versionados-estratificados-e-separados-e.md,BC-007,BC-007
REQ-SRG-002,NAO_FUNCIONAL,SRG,P1,ADR-053,EPIC-005/EPIC-028,test_change_impact_graph_mandatory_tiers_and_full_promotion_matrix,PENDING,REQ-SRG-002-selecao-de-testes-deve-usar-grafo-de-impacto-com-tiers-obrigatorios-e-ma.md,BC-001,BC-001/BC-007
REQ-SRG-003,NAO_FUNCIONAL,SRG,P0,ADR-053,EPIC-028/EPIC-043,test_multidimensional_promotion_gate_stratified_budgets_uncertainty_and_no_hard_gate_compensation,PENDING,REQ-SRG-003-promocao-deve-aplicar-gate-multidimensional-sem-compensacao-de-hard-gate.md,BC-007,BC-007/BC-015
REQ-SRG-004,NAO_FUNCIONAL,SRG,P1,ADR-053,EPIC-028/EPIC-043/EPIC-049,test_versioned_scientific_pipeline_bundle_dual_run_pinning_atomic_promotion_and_rollback,PENDING,REQ-SRG-004-bundles-cientificos-devem-coexistir-permitir-canary-dual-run-pinning-e-r.md,BC-007,BC-007/BC-015/BC-013
REQ-SRP-001,NAO_FUNCIONAL,SRP,P1,ADR-053,EPIC-040/EPIC-104,test_scheduler_execution_snapshot_selective_immutable_redacted_and_versioned,PENDING,REQ-SRP-001-cada-attempt-deve-preservar-snapshot-seletivo-e-imutavel-de-policy-plano.md,BC-014,BC-014/BC-010
REQ-SRP-002,FUNCIONAL,SRP,P1,ADR-037,EPIC-005/EPIC-104,test_offline_scheduler_decision_replay_without_scientific_workload_or_providers,PENDING,REQ-SRP-002-decisoes-de-admissao-fairness-leases-backpressure-e-breakers-devem-poder.md,BC-001,BC-001/BC-010
REQ-SRP-003,FUNCIONAL,SRP,P1,ADR-053,EPIC-037/EPIC-104,test_invariant_equivalence_divergence_classification_and_first_causal_event,PENDING,REQ-SRP-003-replay-deve-comparar-invariantes-e-classificar-divergencias-operacionais.md,BC-012,BC-012/BC-010
REQ-SRP-004,NAO_FUNCIONAL,SRP,P1,ADR-053,EPIC-073/EPIC-076/EPIC-104,test_signed_redacted_retained_scheduler_reproduction_bundle_limits,PENDING,REQ-SRP-004-bundles-de-reproducao-devem-ser-assinados-redigidos-sujeitos-a-retencao.md,BC-013,BC-013/BC-014/BC-010
REQ-SUP-001,NAO_FUNCIONAL,SUP,P0,ADR-024,EPIC-005/EPIC-080,test_release_sbom_signature_provenance_immutable_pins,PENDING,REQ-SUP-001-releases-possuem-lockfiles-sbom-scanning-checksums-assinatura-oci-e-prov.md,BC-001,BC-001/BC-015
REQ-TOOL-001,NAO_FUNCIONAL,TOOL,P1,ADR-035,EPIC-001/EPIC-002,test_python_312_primary_and_upgrade_gates,ACCEPTED,REQ-TOOL-001-python-3-12-runtime-primario-com-upgrade-controlado-para-3-13-e-3-14.md,BC-001,BC-001
REQ-TOOL-002,NAO_FUNCIONAL,TOOL,P1,ADR-001,EPIC-001/EPIC-002,test_uv_lock_frozen,ACCEPTED,REQ-TOOL-002-dependencias-python-usam-uv-workspace-e-lock-frozen.md,BC-001,BC-001
REQ-TOOL-003,NAO_FUNCIONAL,TOOL,P1,ADR-011,EPIC-004,test_fastapi_openapi_contract,ACCEPTED,REQ-TOOL-003-fastapi-pydantic-permanecem-no-adapter-http.md,BC-001,BC-001
REQ-TOOL-004,NAO_FUNCIONAL,TOOL,P1,ADR-018,EPIC-012/EPIC-013,test_sqlalchemy_alembic_postgis,ACCEPTED,REQ-TOOL-004-persistencia-usa-sqlalchemy-2-alembic-e-permite-sql-postgis-explicito.md,BC-003,BC-003/BC-013
REQ-TOOL-005,NAO_FUNCIONAL,TOOL,P1,ADR-001,EPIC-002/EPIC-004/EPIC-012,test_model_boundary_architecture,ACCEPTED,REQ-TOOL-005-dominio-transporte-e-persistencia-possuem-modelos-separados.md,BC-001,BC-001/BC-003
REQ-TOOL-006,NAO_FUNCIONAL,TOOL,P1,ADR-009,EPIC-005,test_ruff_mypy_gate,ACCEPTED,REQ-TOOL-006-ruff-e-mypy-integram-os-gates.md,BC-001,BC-001
REQ-TOOL-007,NAO_FUNCIONAL,TOOL,P1,ADR-018,EPIC-005/EPIC-028,test_pytest_real_services,ACCEPTED,REQ-TOOL-007-integracoes-aplicaveis-usam-postgis-e-rabbitmq-reais.md,BC-001,BC-001/BC-007
REQ-TOOL-008,NAO_FUNCIONAL,TOOL,P1,ADR-014,EPIC-031/EPIC-043,test_node_pnpm_lock,ACCEPTED,REQ-TOOL-008-frontend-usa-node-24-lts-e-pnpm-frozen.md,BC-016,BC-016/BC-015
REQ-TOOL-009,NAO_FUNCIONAL,TOOL,P1,ADR-014,EPIC-005/EPIC-031,test_frontend_strict_and_browser,ACCEPTED,REQ-TOOL-009-frontend-opera-em-typescript-strict-com-vitest-testing-library-e-playwri.md,BC-001,BC-001/BC-016
REQ-TOOL-010,NAO_FUNCIONAL,TOOL,P1,ADR-001,EPIC-001/EPIC-043,test_make_ci_parity,ACCEPTED,REQ-TOOL-010-make-oferece-entrypoints-equivalentes-em-local-e-ci.md,BC-001,BC-001/BC-015
REQ-TOP-001,FUNCIONAL,TOP,P0,ADR-014,EPIC-003/EPIC-004/EPIC-015,cli_api_semantic_contract,PENDING,REQ-TOP-001-cli-api-e-frontend-usam-o-mesmo-nucleo-de-aplicacao-e-contratos-compativ.md,BC-001,BC-001/BC-010
REQ-TST-001,FUNCIONAL,TST,P0,ADR-053,EPIC-006/EPIC-028/EPIC-092,test_corpus_license_hash_split_and_access_integrity,PENDING,REQ-TST-001-dados-de-teste-seguem-piramide-de-fixtures-integracao-externa-validacao.md,BC-001,BC-001/BC-007
REQ-UPG-001,NAO_FUNCIONAL,UPG,P0,ADR-035,EPIC-071/EPIC-072/EPIC-081,test_orchestrated_upgrade_preflight_migrations_rollback_restore,PENDING,REQ-UPG-001-upgrades-usam-fases-explicitas-e-matriz-de-compatibilidade-sao-precedido.md,BC-013,BC-013/BC-014/BC-015
REQ-UPG-002,NAO_FUNCIONAL,UPG,P0,ADR-026,EPIC-012/EPIC-106/EPIC-107,test_singleton_upgrade_controller_lease_preflight_checkpoint_resume_and_split_brain_prevention,PENDING,REQ-UPG-002-migrations-devem-ser-executadas-por-controlador-exclusivo-com-lease-pref.md,BC-003,BC-003/BC-015
REQ-UPG-003,NAO_FUNCIONAL,UPG,P0,ADR-035,EPIC-005/EPIC-075/EPIC-107,test_post_migration_multidimensional_evidence_gate_canary_and_atomic_cutover,PENDING,REQ-UPG-003-cutover-deve-depender-de-evidence-gate-multidimensional-incluindo-invari.md,BC-001,BC-001/BC-014/BC-015
REQ-UPG-004,NAO_FUNCIONAL,UPG,P0,ADR-035,EPIC-072/EPIC-105/EPIC-107,test_phase_aware_recovery_writer_blocking_forward_fix_compatible_rollback_and_validated_restore,PENDING,REQ-UPG-004-falhas-devem-seguir-recuperacao-por-fase-bloqueando-writers-em-estado-in.md,BC-014,BC-014/BC-013/BC-015
REQ-UPG-005,NAO_FUNCIONAL,UPG,P1,ADR-035,EPIC-004/EPIC-105/EPIC-107,test_phased_rollout_limited_mixed_version_window_drain_and_long_job_pinning,PENDING,REQ-UPG-005-rollout-faseado-limita-versoes-mistas-drena-writers-e-fixa-jobs-longos-a.md,BC-001,BC-001/BC-013/BC-015
REQ-UX-001,FUNCIONAL,UX,P0,ADR-014,EPIC-031/EPIC-032,e2e_no_terminal_primary_workflow,PENDING,REQ-UX-001-operacoes-normais-de-selecao-configuracao-submissao-acompanhamento-e-rev.md,BC-016,BC-016
REQ-UX-002,NAO_FUNCIONAL,UX,P0,ADR-014,EPIC-004/EPIC-029/EPIC-033,test_no_duplicate_modes_processing_plan_roundtrip,PENDING,REQ-UX-002-capacidades-como-bootstrap-busca-espacial-e-ia-compoem-planos-versionado.md,BC-001,BC-001/BC-004/BC-016
REQ-UX-003,FUNCIONAL,UX,P1,ADR-014,EPIC-036,visual_examples_license_accessibility_e2e,PENDING,REQ-UX-003-o-produto-oferece-aprendizagem-visual-exemplos-licenciados-ou-sinteticos.md,BC-016,BC-016
REQ-WORKER-001,NAO_FUNCIONAL,WORKER,P1,ADR-006,EPIC-002/EPIC-014/EPIC-039,test_req_worker_001,ACCEPTED,REQ-WORKER-001-taskenvelope-e-minimo-versionado-e-contem-somente-ids-versao-e-contexto.md,BC-001,BC-001/BC-010/BC-014
REQ-WORKER-002,NAO_FUNCIONAL,WORKER,P1,ADR-012,EPIC-002/EPIC-014/EPIC-039,test_req_worker_002,ACCEPTED,REQ-WORKER-002-existem-poucas-filas-duraveis-por-classe-de-workload-sem-fila-dinamica-p.md,BC-001,BC-001/BC-010/BC-014
REQ-WORKER-003,NAO_FUNCIONAL,WORKER,P1,ADR-037,EPIC-002/EPIC-014/EPIC-039,test_req_worker_003,ACCEPTED,REQ-WORKER-003-ack-ocorre-somente-apos-commit-autoritativo-e-prefetch-e-calibrado-por-w.md,BC-001,BC-001/BC-010/BC-014
REQ-WORKER-004,NAO_FUNCIONAL,WORKER,P1,ADR-037,EPIC-002/EPIC-014/EPIC-039,test_req_worker_004,ACCEPTED,REQ-WORKER-004-workers-usam-prefork-reciclavel-e-isolamento-explicito-de-processos-subp.md,BC-001,BC-001/BC-010/BC-014
REQ-WORKER-005,NAO_FUNCIONAL,WORKER,P1,ADR-018,EPIC-002/EPIC-014/EPIC-039,test_req_worker_005,ACCEPTED,REQ-WORKER-005-leases-persistem-em-postgresql-com-fencing-token-e-expiracao-verificavel.md,BC-001,BC-001/BC-010/BC-014
REQ-WORKER-006,NAO_FUNCIONAL,WORKER,P1,ADR-037,EPIC-002/EPIC-014/EPIC-039,test_req_worker_006,ACCEPTED,REQ-WORKER-006-retry-segue-taxonomia-de-dominio-poison-messages-entram-em-quarantine-au.md,BC-001,BC-001/BC-010/BC-014
REQ-WORKER-007,NAO_FUNCIONAL,WORKER,P1,ADR-020,EPIC-002/EPIC-014/EPIC-039,test_req_worker_007,ACCEPTED,REQ-WORKER-007-scheduler-e-outbox-sao-autoritativos-para-dag-despacho-e-redelivery.md,BC-001,BC-001/BC-010/BC-014
REQ-WORKER-008,NAO_FUNCIONAL,WORKER,P1,ADR-012,EPIC-002/EPIC-014/EPIC-039,test_req_worker_008,ACCEPTED,REQ-WORKER-008-progresso-e-persistente-monotonico-e-reconciliavel-entre-sse-e-polling.md,BC-001,BC-001/BC-010/BC-014
REQ-WORKER-009,NAO_FUNCIONAL,WORKER,P1,ADR-037,EPIC-002/EPIC-014/EPIC-039,test_req_worker_009,ACCEPTED,REQ-WORKER-009-cancelamento-atua-somente-em-safe-points-e-preserva-consistencia-publica.md,BC-001,BC-001/BC-010/BC-014
REQ-WORKER-010,NAO_FUNCIONAL,WORKER,P1,ADR-034,EPIC-002/EPIC-014/EPIC-039,test_req_worker_010,ACCEPTED,REQ-WORKER-010-readiness-drain-shutdown-e-retomada-sao-governados-e-testados-por-fault.md,BC-001,BC-001/BC-010/BC-014
