requirement_id,type,priority,owner,epics,stories,evidence_or_test,status
REQ-ACC-001,FUNCIONAL,P0,ADR-043,EPIC-009/EPIC-010,STORY-0716,test_role_project_operation_access,PENDING
REQ-AI-001,FUNCIONAL,P1,ADR-017,EPIC-050,STORY-0307,test_req_ai_001,PENDING
REQ-AI-005,FUNCIONAL,P0,ADR-052,EPIC-026/EPIC-050,STORY-0150/STORY-0302,test_modelrunner_manifest_equivalence_device_precision,PENDING
REQ-AI-006,FUNCIONAL,P0,ADR-052,EPIC-080,STORY-0500,test_modelpack_signature_license_hash_offline_import,PENDING
REQ-AI-007,FUNCIONAL,P1,ADR-051,EPIC-006,STORY-0027,test_reference_capability_inventory_no_code_import,PENDING
REQ-AI-008,FUNCIONAL,P1,ADR-009,EPIC-029/EPIC-050,STORY-0172/STORY-0750,test_stage_capability_contract_preconditions_budget_reason,PENDING
REQ-AI-009,FUNCIONAL,P1,ADR-052,EPIC-049/EPIC-050,STORY-0300/STORY-0750,test_inference_first_no_training_or_weight_mutation_in_jobs,PENDING
REQ-AI-010,FUNCIONAL,P1,ADR-009,EPIC-022/EPIC-029,STORY-0124/STORY-0173,test_retrieval_never_generates_gcp_homography_or_acceptance,PENDING
REQ-AI-011,FUNCIONAL,P1,ADR-051,EPIC-029/EPIC-033,STORY-0172/STORY-0197,test_guided_ai_plan_no_raw_seven_mode_confusion,PENDING
REQ-AI-012,FUNCIONAL,P1,ADR-052,EPIC-028/EPIC-050,STORY-0750,test_modelpack_stratified_promotion_and_reproducibility_gate,PENDING
REQ-AI-013,FUNCIONAL,P1,ADR-009,EPIC-050,STORY-0750,test_independent_ai_capability_lifecycle_and_promotion,PENDING
REQ-AI-014,FUNCIONAL,P1,ADR-009,EPIC-029,STORY-0172,test_stage_precondition_budget_evidence_planner,PENDING
REQ-AI-015,FUNCIONAL,P1,ADR-033,EPIC-050/EPIC-080,STORY-0750/STORY-0500,test_inference_only_runtime_no_training_or_weight_mutation,PENDING
REQ-AI-016,FUNCIONAL,P1,ADR-009,EPIC-036/EPIC-084,STORY-0216/STORY-0522,test_guided_explainable_ai_ux_without_seven_modes,PENDING
REQ-AI-017,FUNCIONAL,P1,ADR-009,EPIC-046/EPIC-050,STORY-0276/STORY-0750,test_experimental_capability_cannot_publish_accepted_artifactset,PENDING
REQ-AIE-001,FUNCIONAL,P1,ADR-051,EPIC-005/EPIC-014/EPIC-022/EPIC-024/EPIC-028/EPIC-039/EPIC-041/EPIC-050,STORY-0747/STORY-0068/STORY-0122/STORY-0136/STORY-0164/STORY-0232/STORY-0302,test_ai_escalation_decision_01,PENDING
REQ-AIE-002,FUNCIONAL,P1,ADR-038,EPIC-005/EPIC-014/EPIC-022/EPIC-024/EPIC-028/EPIC-039/EPIC-041/EPIC-050,STORY-0750,test_ai_escalation_decision_02,PENDING
REQ-AIE-003,FUNCIONAL,P1,ADR-009,EPIC-005/EPIC-014/EPIC-022/EPIC-024/EPIC-028/EPIC-039/EPIC-041/EPIC-050,STORY-0747/STORY-0073/STORY-0127/STORY-0141/STORY-0169/STORY-0307,test_ai_escalation_decision_03,PENDING
REQ-AIE-004,FUNCIONAL,P1,ADR-051,EPIC-005/EPIC-014/EPIC-022/EPIC-024/EPIC-028/EPIC-039/EPIC-041/EPIC-050,STORY-0750,test_ai_escalation_decision_04,PENDING
REQ-AIE-005,NAO_FUNCIONAL,P1,ADR-038,EPIC-005/EPIC-014/EPIC-022/EPIC-024/EPIC-028/EPIC-039/EPIC-041/EPIC-050,STORY-0747/STORY-0068/STORY-0122/STORY-0136/STORY-0164/STORY-0232/STORY-0302,test_ai_escalation_decision_05,PENDING
REQ-AIE-006,NAO_FUNCIONAL,P1,ADR-051,EPIC-005/EPIC-014/EPIC-022/EPIC-024/EPIC-028/EPIC-039/EPIC-041/EPIC-050,STORY-0750,test_ai_escalation_decision_06,PENDING
REQ-AIE-007,FUNCIONAL,P1,ADR-046,EPIC-005/EPIC-014/EPIC-022/EPIC-024/EPIC-028/EPIC-039/EPIC-041/EPIC-050,STORY-0747/STORY-0073/STORY-0127/STORY-0141/STORY-0169/STORY-0307,test_ai_escalation_decision_07,PENDING
REQ-AIE-008,FUNCIONAL,P1,ADR-052,EPIC-005/EPIC-014/EPIC-022/EPIC-024/EPIC-028/EPIC-039/EPIC-041/EPIC-050,STORY-0750,test_ai_escalation_decision_08,PENDING
REQ-AIE-009,FUNCIONAL,P1,ADR-030,EPIC-005/EPIC-014/EPIC-022/EPIC-024/EPIC-028/EPIC-039/EPIC-041/EPIC-050,STORY-0751,test_ai_escalation_decision_09,PENDING
REQ-AIE-010,FUNCIONAL,P1,ADR-053,EPIC-005/EPIC-014/EPIC-022/EPIC-024/EPIC-028/EPIC-039/EPIC-041/EPIC-050,STORY-0751,test_ai_escalation_decision_10,PENDING
REQ-ANC-001,FUNCIONAL,P0,ADR-049,EPIC-058/EPIC-099,STORY-0360/STORY-0614,test_distributed_external_anchor_sources_provenance_uncertainty_and_coverage,PENDING
REQ-ANC-002,FUNCIONAL,P0,ADR-045,EPIC-024/EPIC-099,STORY-0138/STORY-0614,test_joint_anchored_per_image_homography_optimization_and_component_split,PENDING
REQ-ANC-003,FUNCIONAL,P0,ADR-049,EPIC-024/EPIC-099,STORY-0141/STORY-0617,test_component_bootstrap_independent_gcps_homography_and_sgv,PENDING
REQ-ANC-004,FUNCIONAL,P1,ADR-049,EPIC-046/EPIC-099,STORY-0276/STORY-0613,test_partial_anchor_states_subcomponents_and_immutable_artifacts,PENDING
REQ-ANC-005,FUNCIONAL,P1,ADR-049,EPIC-032/EPIC-100,STORY-0191/STORY-0621,test_multiview_anchor_workspace_source_pixel_provenance_and_refinement,PENDING
REQ-ANC-006,FUNCIONAL,P0,ADR-049,EPIC-024/EPIC-100,STORY-0729/STORY-0620,test_anchor_coverage_conditioning_diversity_marginal_gain_and_stop_rule,PENDING
REQ-ANC-007,FUNCIONAL,P0,ADR-055,EPIC-024/EPIC-100,STORY-0729/STORY-0620,test_anchor_uncertainty_robust_weighting_conflict_quarantine_and_split,PENDING
REQ-ANC-008,FUNCIONAL,P1,ADR-048,EPIC-066/EPIC-100,STORY-0411/STORY-0619,test_immutable_anchorset_impact_preview_scoped_reoptimization_and_history,PENDING
REQ-ART-001,NAO_FUNCIONAL,P0,ADR-025,EPIC-012/EPIC-026,STORY-0732,artifact_lineage_consistency,PENDING
REQ-ART-002,CONTRATO,P0,ADR-042,EPIC-044/EPIC-046,STORY-0261/STORY-0275,test_original_immutable_cog_validation,PENDING
REQ-ART-003,CONTRATO,P0,ADR-023,EPIC-012/EPIC-046,STORY-0718/STORY-0280,test_atomic_artifactset_publication_failure_recovery,PENDING
REQ-ARTLAYOUT-001,NAO_FUNCIONAL,P1,ADR-009,EPIC-026/EPIC-039,STORY-0745,test_req_artlayout_001,ACCEPTED
REQ-ARTLAYOUT-002,NAO_FUNCIONAL,P1,ADR-012,EPIC-012/EPIC-026,STORY-0732,test_req_artlayout_002,ACCEPTED
REQ-ARTLAYOUT-003,NAO_FUNCIONAL,P0,ADR-023,EPIC-026,STORY-0732,test_req_artlayout_003,ACCEPTED
REQ-ARTLAYOUT-004,NAO_FUNCIONAL,P1,ADR-024,EPIC-026/EPIC-039,STORY-0745,test_req_artlayout_004,ACCEPTED
REQ-ARTLAYOUT-005,NAO_FUNCIONAL,P1,ADR-024,EPIC-026/EPIC-078,STORY-0732/STORY-0488,test_req_artlayout_005,ACCEPTED
REQ-ARTLAYOUT-006,NAO_FUNCIONAL,P1,ADR-040,EPIC-026/EPIC-078,STORY-0732/STORY-0488,test_req_artlayout_006,ACCEPTED
REQ-ARTLAYOUT-007,NAO_FUNCIONAL,P1,ADR-023,EPIC-026/EPIC-078,STORY-0732/STORY-0488,test_req_artlayout_007,ACCEPTED
REQ-ARTLAYOUT-008,NAO_FUNCIONAL,P1,ADR-009,EPIC-026/EPIC-039,STORY-0746,test_req_artlayout_008,ACCEPTED
REQ-ARTLAYOUT-009,NAO_FUNCIONAL,P1,ADR-023,EPIC-026/EPIC-039,STORY-0746,test_req_artlayout_009,ACCEPTED
REQ-ARTLAYOUT-010,NAO_FUNCIONAL,P0,ADR-023,EPIC-004/EPIC-026/EPIC-041,STORY-0748,test_req_artlayout_0010,ACCEPTED
REQ-AUD-001,NAO_FUNCIONAL,P0,ADR-055,EPIC-011/EPIC-075,STORY-0051/STORY-0469,test_audit_append_only_digest_and_no_sampling,PENDING
REQ-AUTH-IMPL-001,CONTRATO,P1,ADR-055,EPIC-008/EPIC-009/EPIC-010/EPIC-011/EPIC-041,STORY-0748/STORY-0052,test_req_auth_impl_001,ACCEPTED
REQ-AUTH-IMPL-002,CONTRATO,P1,ADR-028,EPIC-008/EPIC-009/EPIC-010/EPIC-011/EPIC-041,STORY-0748/STORY-0052,test_req_auth_impl_002,ACCEPTED
REQ-AUTH-IMPL-003,CONTRATO,P0,ADR-031,EPIC-008/EPIC-009/EPIC-010/EPIC-011/EPIC-041,STORY-0748/STORY-0052,test_req_auth_impl_003,ACCEPTED
REQ-AUTH-IMPL-004,CONTRATO,P1,ADR-028,EPIC-008/EPIC-009/EPIC-010/EPIC-011/EPIC-041,STORY-0748/STORY-0052,test_req_auth_impl_004,ACCEPTED
REQ-AUTH-IMPL-005,CONTRATO,P1,ADR-029,EPIC-008/EPIC-009/EPIC-010/EPIC-011/EPIC-041,STORY-0748/STORY-0052,test_req_auth_impl_005,ACCEPTED
REQ-AUTH-IMPL-006,CONTRATO,P0,ADR-028,EPIC-008/EPIC-009/EPIC-010/EPIC-011/EPIC-041,STORY-0748/STORY-0052,test_req_auth_impl_006,ACCEPTED
REQ-AUTH-IMPL-007,CONTRATO,P1,ADR-031,EPIC-008/EPIC-009/EPIC-010/EPIC-011/EPIC-041,STORY-0036/STORY-0041/STORY-0046/STORY-0051/STORY-0748,test_req_auth_impl_007,ACCEPTED
REQ-AUTH-IMPL-008,CONTRATO,P1,ADR-028,EPIC-008/EPIC-009/EPIC-010/EPIC-011/EPIC-041,STORY-0748/STORY-0052,test_req_auth_impl_008,ACCEPTED
REQ-AUTH-IMPL-009,CONTRATO,P1,ADR-055,EPIC-008/EPIC-009/EPIC-010/EPIC-011/EPIC-041,STORY-0748/STORY-0052,test_req_auth_impl_009,ACCEPTED
REQ-AUTH-IMPL-010,CONTRATO,P1,ADR-031,EPIC-008/EPIC-009/EPIC-010/EPIC-011/EPIC-041,STORY-0749/STORY-0052,test_req_auth_impl_0010,ACCEPTED
REQ-BAT-001,FUNCIONAL,P0,ADR-039,EPIC-034/EPIC-057,STORY-0741/STORY-0352,test_independent_components_partial_success_retry_subset,ACCEPTED
REQ-BEX-001,FUNCIONAL,P1,ADR-039,EPIC-005/EPIC-018/EPIC-019/EPIC-034/EPIC-037/EPIC-065/EPIC-066/EPIC-067/EPIC-068/EPIC-069,STORY-0024/STORY-0099/STORY-0106/STORY-0203/STORY-0223/STORY-0407/STORY-0414/STORY-0421/STORY-0428/STORY-0435,test_batch_execution_decision_01,ACCEPTED
REQ-BEX-002,FUNCIONAL,P1,ADR-039,EPIC-005/EPIC-018/EPIC-019/EPIC-034/EPIC-037/EPIC-065/EPIC-066/EPIC-067/EPIC-068/EPIC-069,STORY-0743/STORY-0097/STORY-0104/STORY-0405/STORY-0412/STORY-0419/STORY-0426/STORY-0433,test_batch_execution_decision_02,ACCEPTED
REQ-BEX-003,FUNCIONAL,P1,ADR-046,EPIC-005/EPIC-018/EPIC-019/EPIC-034/EPIC-037/EPIC-065/EPIC-066/EPIC-067/EPIC-068/EPIC-069,STORY-0741/STORY-0096/STORY-0103/STORY-0220/STORY-0404/STORY-0411/STORY-0418/STORY-0425/STORY-0432,test_batch_execution_decision_03,ACCEPTED
REQ-BEX-004,FUNCIONAL,P1,ADR-012,EPIC-005/EPIC-018/EPIC-019/EPIC-034/EPIC-037/EPIC-065/EPIC-066/EPIC-067/EPIC-068/EPIC-069,STORY-0743/STORY-0097/STORY-0104/STORY-0405/STORY-0412/STORY-0419/STORY-0426/STORY-0433,test_batch_execution_decision_04,ACCEPTED
REQ-BEX-005,FUNCIONAL,P1,ADR-038,EPIC-005/EPIC-018/EPIC-019/EPIC-034/EPIC-037/EPIC-065/EPIC-066/EPIC-067/EPIC-068/EPIC-069,STORY-0741/STORY-0096/STORY-0103/STORY-0220/STORY-0404/STORY-0411/STORY-0418/STORY-0425/STORY-0432,test_batch_execution_decision_05,ACCEPTED
REQ-BEX-006,FUNCIONAL,P1,ADR-038,EPIC-005/EPIC-018/EPIC-019/EPIC-034/EPIC-037/EPIC-065/EPIC-066/EPIC-067/EPIC-068/EPIC-069,STORY-0024/STORY-0097/STORY-0104/STORY-0743/STORY-0405/STORY-0412/STORY-0419/STORY-0426/STORY-0433,test_batch_execution_decision_06,ACCEPTED
REQ-BEX-007,FUNCIONAL,P1,ADR-038,EPIC-005/EPIC-018/EPIC-019/EPIC-034/EPIC-037/EPIC-065/EPIC-066/EPIC-067/EPIC-068/EPIC-069,STORY-0743/STORY-0098/STORY-0105/STORY-0406/STORY-0413/STORY-0420/STORY-0427/STORY-0434,test_batch_execution_decision_07,ACCEPTED
REQ-BEX-008,FUNCIONAL,P1,ADR-037,EPIC-005/EPIC-018/EPIC-019/EPIC-034/EPIC-037/EPIC-065/EPIC-066/EPIC-067/EPIC-068/EPIC-069,STORY-0743/STORY-0098/STORY-0105/STORY-0406/STORY-0413/STORY-0420/STORY-0427/STORY-0434,test_batch_execution_decision_08,ACCEPTED
REQ-BEX-009,FUNCIONAL,P1,ADR-040,EPIC-005/EPIC-018/EPIC-019/EPIC-034/EPIC-037/EPIC-065/EPIC-066/EPIC-067/EPIC-068/EPIC-069,STORY-0743/STORY-0098/STORY-0105/STORY-0406/STORY-0413/STORY-0420/STORY-0427/STORY-0434,test_batch_execution_decision_09,ACCEPTED
REQ-BEX-010,FUNCIONAL,P1,ADR-039,EPIC-005/EPIC-018/EPIC-019/EPIC-034/EPIC-037/EPIC-065/EPIC-066/EPIC-067/EPIC-068/EPIC-069,STORY-0743/STORY-0097/STORY-0104/STORY-0405/STORY-0412/STORY-0419/STORY-0426/STORY-0433,test_batch_execution_decision_10,ACCEPTED
REQ-BKP-001,NAO_FUNCIONAL,P0,ADR-018,EPIC-049/EPIC-071,STORY-0297/STORY-0446,test_backupset_consistency_manifest_external_roots,PENDING
REQ-BKP-002,NAO_FUNCIONAL,P0,ADR-025,EPIC-071/EPIC-072,STORY-0449/STORY-0453,test_isolated_restore_drill_integrity_rpo_rto,PENDING
REQ-CAC-001,FUNCIONAL,P1,ADR-047,EPIC-049/EPIC-061,STORY-0297/STORY-0380,test_content_addressed_cache_license_retention_lineage_gc,PENDING
REQ-CAT-001,FUNCIONAL,P1,ADR-025,EPIC-012/EPIC-034,STORY-0718/STORY-0203,test_catalog_190k_metadata_pagination_search,PENDING
REQ-CIT-001,GOVERNANCA,P1,ADR-037,EPIC-007/EPIC-042/EPIC-109,STORY-0032/STORY-0251/STORY-0679,citation_cff_validation,PENDING
REQ-CLASSICPROFILE-001,NAO_FUNCIONAL,P1,ADR-044,EPIC-002/EPIC-022/EPIC-028,STORY-0735,test_req_classicprofile_001,ACCEPTED
REQ-CLASSICPROFILE-002,NAO_FUNCIONAL,P1,ADR-025,EPIC-002/EPIC-022/EPIC-028,STORY-0735,test_req_classicprofile_002,ACCEPTED
REQ-CLASSICPROFILE-003,NAO_FUNCIONAL,P1,ADR-039,EPIC-002/EPIC-022/EPIC-028,STORY-0735,test_req_classicprofile_003,ACCEPTED
REQ-CLASSICPROFILE-004,NAO_FUNCIONAL,P1,ADR-044,EPIC-002/EPIC-022/EPIC-028,STORY-0690/STORY-0122/STORY-0164,test_req_classicprofile_004,ACCEPTED
REQ-CLASSICPROFILE-005,NAO_FUNCIONAL,P1,ADR-044,EPIC-002/EPIC-022/EPIC-028,STORY-0736,test_req_classicprofile_005,ACCEPTED
REQ-CLASSICPROFILE-006,NAO_FUNCIONAL,P1,ADR-044,EPIC-002/EPIC-022/EPIC-028,STORY-0009/STORY-0124/STORY-0166,test_req_classicprofile_006,ACCEPTED
REQ-CLASSICPROFILE-007,NAO_FUNCIONAL,P1,ADR-044,EPIC-002/EPIC-022/EPIC-028,STORY-0736,test_req_classicprofile_007,ACCEPTED
REQ-CLASSICPROFILE-008,NAO_FUNCIONAL,P1,ADR-045,EPIC-002/EPIC-022/EPIC-028,STORY-0009/STORY-0127/STORY-0169,test_req_classicprofile_008,ACCEPTED
REQ-CLASSICPROFILE-009,NAO_FUNCIONAL,P1,ADR-044,EPIC-002/EPIC-022/EPIC-028,STORY-0736,test_req_classicprofile_009,ACCEPTED
REQ-CLASSICPROFILE-010,NAO_FUNCIONAL,P0,ADR-044,EPIC-002/EPIC-022/EPIC-028,STORY-0009/STORY-0124/STORY-0166,test_req_classicprofile_0010,ACCEPTED
REQ-CRS-001,CONTRATO,P0,ADR-041,EPIC-063/EPIC-093/EPIC-094,STORY-0391/STORY-0570/STORY-0577,test_pixel_reference_target_discovery_coordinate_roundtrip,PENDING
REQ-CRS-002,CONTRATO,P0,ADR-041,EPIC-004/EPIC-093/EPIC-094,STORY-0701/STORY-0570/STORY-0578,test_explicit_axis_order_and_adapter_normalization,PENDING
REQ-CRS-003,CONTRATO,P0,ADR-041,EPIC-024/EPIC-093/EPIC-094,STORY-0729/STORY-0571/STORY-0579,test_units_precision_tolerance_and_no_premature_rounding,PENDING
REQ-CRS-004,CONTRATO,P0,ADR-041,EPIC-093/EPIC-094/EPIC-096,STORY-0570/STORY-0580/STORY-0591,test_aoi_aware_working_crs_selection_distortion_and_explanation,PENDING
REQ-CRS-005,CONTRATO,P0,ADR-041,EPIC-058/EPIC-094/EPIC-096,STORY-0358/STORY-0581/STORY-0591,test_reference_crs_fail_closed_metadata_area_operation_roundtrip,PENDING
REQ-CRS-006,CONTRATO,P1,ADR-025,EPIC-044/EPIC-094/EPIC-096,STORY-0261/STORY-0581/STORY-0591,test_technical_canonical_output_and_optional_web_derivative_lineage,PENDING
REQ-CRS-007,CONTRATO,P1,ADR-034,EPIC-058/EPIC-094/EPIC-096,STORY-0358/STORY-0582/STORY-0591,test_web_service_capability_crs_negotiation_and_actual_response_validation,PENDING
REQ-DBSCHEMA-001,CONTRATO,P1,ADR-019,EPIC-012/EPIC-013,STORY-0056/STORY-0062,test_req_dbschema_001,ACCEPTED
REQ-DBSCHEMA-002,CONTRATO,P1,ADR-019,EPIC-004/EPIC-012,STORY-0718,test_req_dbschema_002,ACCEPTED
REQ-DBSCHEMA-003,CONTRATO,P0,ADR-043,EPIC-008/EPIC-012,STORY-0718,test_req_dbschema_003,ACCEPTED
REQ-DBSCHEMA-004,CONTRATO,P1,ADR-019,EPIC-004/EPIC-012,STORY-0718,test_req_dbschema_004,ACCEPTED
REQ-DBSCHEMA-005,CONTRATO,P1,ADR-041,EPIC-012/EPIC-021,STORY-0056/STORY-0115,test_req_dbschema_005,ACCEPTED
REQ-DBSCHEMA-006,CONTRATO,P1,ADR-019,EPIC-012/EPIC-026,STORY-0733,test_req_dbschema_006,ACCEPTED
REQ-DBSCHEMA-007,CONTRATO,P1,ADR-019,EPIC-004/EPIC-012,STORY-0701/STORY-0056,test_req_dbschema_007,ACCEPTED
REQ-DBSCHEMA-008,CONTRATO,P1,ADR-019,EPIC-004/EPIC-012/EPIC-014,STORY-0701/STORY-0056/STORY-0068,test_req_dbschema_008,ACCEPTED
REQ-DBSCHEMA-009,CONTRATO,P1,ADR-020,EPIC-012/EPIC-014,STORY-0721,test_req_dbschema_009,ACCEPTED
REQ-DBSCHEMA-010,NAO_FUNCIONAL,P1,ADR-026,EPIC-013/EPIC-107,STORY-0062/STORY-0666,test_req_dbschema_0010,ACCEPTED
REQ-DEL-001,FUNCIONAL,P1,ADR-014,EPIC-003/EPIC-086,STORY-0012/STORY-0752,test_walking_skeleton_end_to_end_and_vertical_slice_definition_of_done,PENDING
REQ-DEL-002,FUNCIONAL,P1,ADR-057,EPIC-086/EPIC-087,STORY-0752/STORY-0540,test_private_operational_baseline_scope_cpu_only_clean_install,PENDING
REQ-DEV-001,FUNCIONAL,P0,ADR-001,EPIC-003/EPIC-092,STORY-0012/STORY-0566,test_host_container_ci_contract_and_no_implicit_downloads,PENDING
REQ-DIS-001,FUNCIONAL,P0,ADR-047,EPIC-054,STORY-0330,test_provisional_components_never_create_operational_edge,PENDING
REQ-DIS-002,FUNCIONAL,P0,ADR-047,EPIC-019/EPIC-055,STORY-0105/STORY-0338,test_budgeted_neighbor_retrieval_recall_and_unexamined_state,PENDING
REQ-EPIC-001,NAO_FUNCIONAL,P0,ADR-002,EPIC-086/EPIC-092,STORY-0534/STORY-0565,test_executable_foundation_gate_clean_room_end_to_end,PENDING
REQ-EPIC-012,FUNCIONAL,P0,ADR-026,EPIC-005,STORY-0706,migration_upgrade_rollback,PENDING
REQ-EPIC-014,FUNCIONAL,P0,ADR-016,EPIC-014/EPIC-016,STORY-0070/STORY-0084,job_state_idempotency_cancel_resume,PENDING
REQ-EPIC-015,FUNCIONAL,P0,ADR-018,EPIC-015/EPIC-016,STORY-0075/STORY-0082,test_small_messages_duplicate_redelivery_authoritative_state,PENDING
REQ-EPIC-016,FUNCIONAL,P0,ADR-038,EPIC-016/EPIC-030,STORY-0082/STORY-0178,test_retry_classification_budget_idempotency_no_quality_relaxation,PENDING
REQ-EPIC-017,FUNCIONAL,P0,ADR-038,EPIC-018/EPIC-049,STORY-0096/STORY-0296,test_checkpoint_compatibility_invalidation_lineage,PENDING
REQ-EPIC-018,FUNCIONAL,P0,ADR-038,EPIC-016/EPIC-018/EPIC-039,STORY-0084/STORY-0098/STORY-0234,test_cooperative_cancel_containment_no_partial_publish,PENDING
REQ-EPIC-021,FUNCIONAL,P0,ADR-055,EPIC-021/EPIC-024,STORY-0729,geo_regression_corpus_and_strong_geometric_verifier,PENDING
REQ-EPIC-031,NAO_FUNCIONAL,P0,ADR-013,EPIC-004/EPIC-031,STORY-0738,generated_client_component_accessibility_e2e,PENDING
REQ-EPIC-035,FUNCIONAL,P0,ADR-046,EPIC-034/EPIC-035,STORY-0742/STORY-0210,test_reviewable_gate_and_hard_gate_non_override,PENDING
REQ-EPIC-037,FUNCIONAL,P0,ADR-002,EPIC-030/EPIC-034/EPIC-037/EPIC-070,STORY-0180/STORY-0203/STORY-0223/STORY-0442,test_success_failure_name_relative_path_exports,PENDING
REQ-EPIC-038,FUNCIONAL,P0,ADR-002,EPIC-030/EPIC-036,STORY-0178/STORY-0216,test_failure_taxonomy_evidence_remediation_versioning,PENDING
REQ-EPIC-039,NAO_FUNCIONAL,P0,ADR-027,EPIC-013/EPIC-072,STORY-0063/STORY-0452,test_req_epic_039,PENDING
REQ-EPIC-041,FUNCIONAL,P0,ADR-002,EPIC-005/EPIC-041,STORY-0749,malicious_file_suite,PENDING
REQ-EPIC-042,FUNCIONAL,P0,ADR-002,EPIC-007/EPIC-042/EPIC-080/EPIC-109,STORY-0032/STORY-0251/STORY-0500/STORY-0679,test_layered_spdx_reuse_license_notices_dependency_and_asset_compatibility,PENDING
REQ-EPIC-043,FUNCIONAL,P1,ADR-037,EPIC-042/EPIC-085/EPIC-089,STORY-0251/STORY-0529/STORY-0550,test_release_train_visibility_license_sanitization_and_beta_gate,PENDING
REQ-EPIC-062,FUNCIONAL,P0,ADR-002,EPIC-018/EPIC-034/EPIC-062,STORY-0099/STORY-0203/STORY-0385,test_batch_auto_completion_nonblocking_review_queue,PENDING
REQ-EPIC-070,FUNCIONAL,P0,ADR-002,EPIC-034/EPIC-037/EPIC-049/EPIC-070,STORY-0743/STORY-0299/STORY-0440,test_immutable_snapshots_current_view_historical_metrics,PENDING
REQ-EPIC-076,FUNCIONAL,P0,ADR-032,EPIC-008/EPIC-078,STORY-0039/STORY-0487,test_secret_permissions_rotation_redaction_fail_closed,PENDING
REQ-EPIC-088,FUNCIONAL,P1,ADR-009,EPIC-050/EPIC-088,STORY-0751/STORY-0546,test_experimental_lab_disabled_and_cannot_publish_accepted_artifactset,PENDING
REQ-EST-001,FUNCIONAL,P0,ADR-045,EPIC-024/EPIC-051,STORY-0730/STORY-0310,test_usac_magsac_default_explicit_ransac_no_silent_switch,PENDING
REQ-FRZ-001,GOVERNANCA,P0,ADR-057,EPIC-001/EPIC-092,STORY-0688/STORY-0566,test_foundation_baseline_digest_controlled_change_and_adr_supersession,PENDING
REQ-FRZ-002,GOVERNANCA,P0,ADR-057,EPIC-005/EPIC-092,STORY-0709/STORY-0566,test_sprint_zero_authorization_and_functional_foundation_gate_blocking,PENDING
REQ-FRZ-003,GOVERNANCA,P0,ADR-057,EPIC-091/EPIC-092,STORY-0561/STORY-0566,test_issue_adr_decision_package_impact_boundary_and_no_silent_divergence,PENDING
REQ-FRZ-004,GOVERNANCA,P0,ADR-057,EPIC-001/EPIC-092,STORY-0688/STORY-0566,test_foundation_closure_evidence_set_and_material_reopening_criteria,PENDING
REQ-FS-001,FUNCIONAL,P0,ADR-014,EPIC-012/EPIC-031/EPIC-041,STORY-0749/STORY-0185,test_directory_picker_path_traversal_symlink_escape,PENDING
REQ-FS1-001,FUNCIONAL,P1,ADR-044,EPIC-004/EPIC-005/EPIC-014/EPIC-020/EPIC-021/EPIC-022/EPIC-023/EPIC-024/EPIC-026/EPIC-031,STORY-0738/STORY-0068/STORY-0110/STORY-0115/STORY-0122/STORY-0129/STORY-0136/STORY-0150,test_first_functional_slice_decision_01,PENDING
REQ-FS1-002,FUNCIONAL,P1,ADR-044,EPIC-004/EPIC-005/EPIC-014/EPIC-020/EPIC-021/EPIC-022/EPIC-023/EPIC-024/EPIC-026/EPIC-031,STORY-0738/STORY-0111/STORY-0130,test_first_functional_slice_decision_02,PENDING
REQ-FS1-003,FUNCIONAL,P0,ADR-040,EPIC-004/EPIC-005/EPIC-014/EPIC-020/EPIC-021/EPIC-022/EPIC-023/EPIC-024/EPIC-026/EPIC-031,STORY-0738/STORY-0111/STORY-0130,test_first_functional_slice_decision_03,PENDING
REQ-FS1-004,FUNCIONAL,P1,ADR-044,EPIC-004/EPIC-005/EPIC-014/EPIC-020/EPIC-021/EPIC-022/EPIC-023/EPIC-024/EPIC-026/EPIC-031,STORY-0738/STORY-0068/STORY-0110/STORY-0115/STORY-0122/STORY-0129/STORY-0136/STORY-0150,test_first_functional_slice_decision_04,PENDING
REQ-FS1-005,FUNCIONAL,P1,ADR-055,EPIC-004/EPIC-005/EPIC-014/EPIC-020/EPIC-021/EPIC-022/EPIC-023/EPIC-024/EPIC-026/EPIC-031,STORY-0709/STORY-0073/STORY-0113/STORY-0120/STORY-0127/STORY-0134/STORY-0141/STORY-0155/STORY-0189,test_first_functional_slice_decision_05,PENDING
REQ-FS1-006,FUNCIONAL,P1,ADR-045,EPIC-004/EPIC-005/EPIC-014/EPIC-020/EPIC-021/EPIC-022/EPIC-023/EPIC-024/EPIC-026/EPIC-031,STORY-0019/STORY-0024/STORY-0738/STORY-0111/STORY-0117/STORY-0124/STORY-0131/STORY-0138/STORY-0152,test_first_functional_slice_decision_06,PENDING
REQ-FS1-007,FUNCIONAL,P0,ADR-046,EPIC-004/EPIC-005/EPIC-014/EPIC-020/EPIC-021/EPIC-022/EPIC-023/EPIC-024/EPIC-026/EPIC-031,STORY-0709/STORY-0073/STORY-0113/STORY-0120/STORY-0127/STORY-0134/STORY-0141/STORY-0155/STORY-0189,test_first_functional_slice_decision_07,PENDING
REQ-FS1-008,FUNCIONAL,P0,ADR-023,EPIC-004/EPIC-005/EPIC-014/EPIC-020/EPIC-021/EPIC-022/EPIC-023/EPIC-024/EPIC-026/EPIC-031,STORY-0738/STORY-0111/STORY-0130,test_first_functional_slice_decision_08,PENDING
REQ-FS1-009,FUNCIONAL,P1,ADR-015,EPIC-004/EPIC-005/EPIC-014/EPIC-017/EPIC-020/EPIC-021/EPIC-022/EPIC-023/EPIC-024/EPIC-026/EPIC-031,STORY-0738/STORY-0094/STORY-0111/STORY-0130,test_first_functional_slice_decision_09,PENDING
REQ-FS1-010,FUNCIONAL,P1,ADR-044,EPIC-004/EPIC-005/EPIC-014/EPIC-020/EPIC-021/EPIC-022/EPIC-023/EPIC-024/EPIC-026/EPIC-031,STORY-0738/STORY-0111/STORY-0130,test_first_functional_slice_decision_10,PENDING
REQ-GC-001,NAO_FUNCIONAL,P0,ADR-016,EPIC-073/EPIC-074,STORY-0458/STORY-0464,test_reference_aware_gc_tombstone_quarantine_race_idempotency,PENDING
REQ-GCP-001,FUNCIONAL,P0,ADR-048,EPIC-024/EPIC-052,STORY-0141/STORY-0321,test_spatial_gcp_balance_discard_reasons_conditioning,PENDING
REQ-GCP-002,FUNCIONAL,P0,ADR-048,EPIC-037/EPIC-063,STORY-0220/STORY-0391,test_gcp_lifecycle_roundtrip_exports_provenance,PENDING
REQ-GOV-001,GOVERNANCA,P1,ADR-043,EPIC-002,STORY-0692,test_single_project_views_fields_and_no_duplicate_backlog,PENDING
REQ-GOV-002,GOVERNANCA,P0,ADR-006,EPIC-002/EPIC-090,STORY-0692/STORY-0556,test_issue_form_required_acceptance_risk_test_rollback_fields,PENDING
REQ-GOV-003,GOVERNANCA,P1,ADR-006,EPIC-002,STORY-0692,test_iteration_wip_limits_and_incomplete_item_history,PENDING
REQ-GOV-004,GOVERNANCA,P0,ADR-007,EPIC-005/EPIC-091,STORY-0710/STORY-0561,test_codex_issue_scope_required_pr_no_direct_main_or_automerge,PENDING
REQ-GOV-005,GOVERNANCA,P0,ADR-006,EPIC-092,STORY-0566,test_sprint_zero_gate_evidence_driven_no_calendar_pass,PENDING
REQ-GOV-ADR-002,GOVERNANCA,P0,ADR-006,EPIC-001/EPIC-002,STORY-0692,test_adr_governance_overlap,ACCEPTED
REQ-GOV-ADR-003,GOVERNANCA,P0,ADR-040,EPIC-001/EPIC-002,STORY-0693,test_adr_governance_overlap,ACCEPTED
REQ-GOV-ADR-018,GOVERNANCA,P1,ADR-006,EPIC-001/EPIC-002,STORY-0693,test_adr_governance_overlap,ACCEPTED
REQ-GOV-DEC-001,GOVERNANCA,P1,ADR-006,EPIC-001,STORY-0688,test_req_gov_dec_001,PENDING
REQ-GOV-DEC-002,GOVERNANCA,P1,ADR-006,EPIC-001,STORY-0688,test_req_gov_dec_002,PENDING
REQ-HOM-001,FUNCIONAL,P0,ADR-043,EPIC-023/EPIC-024,STORY-0134/STORY-0141,test_projective_homography_only_no_hidden_fallback,PENDING
REQ-HW-001,NAO_FUNCIONAL,P0,ADR-037,EPIC-010/EPIC-082,STORY-0717/STORY-0512,test_cpu_baseline_gpu_optional_no_silent_fallback,PENDING
REQ-ID-001,FUNCIONAL,P0,ADR-029,EPIC-008,STORY-0713,test_network_authentication_local_oidc,PENDING
REQ-ID-002,FUNCIONAL,P0,ADR-029,EPIC-008/EPIC-009,STORY-0715,test_bootstrap_session_token_recovery,PENDING
REQ-INS-001,FUNCIONAL,P0,ADR-016,EPIC-081/EPIC-108,STORY-0505/STORY-0672,test_declarative_installation_plan_preflight_idempotent_resume_and_partial_state_diagnostics,PENDING
REQ-INS-002,FUNCIONAL,P0,ADR-034,EPIC-008/EPIC-076/EPIC-108,STORY-0039/STORY-0475/STORY-0673,test_one_time_bootstrap_no_default_credentials_secret_generation_expiry_and_recovery,PENDING
REQ-INS-003,FUNCIONAL,P0,ADR-034,EPIC-005/EPIC-108,STORY-0706/STORY-0672,test_installation_evidence_set_synthetic_canary_offline_readiness_and_failure_codes,PENDING
REQ-INS-004,FUNCIONAL,P1,ADR-034,EPIC-075/EPIC-080/EPIC-108,STORY-0470/STORY-0500/STORY-0673,test_sanitized_local_support_bundle_no_exfiltration_and_repair_dry_run,PENDING
REQ-ISM-001,GOVERNANCA,P1,ADR-040,EPIC-002/EPIC-110,STORY-0754,test_canonical_domain_taxonomy_primary_and_affected_domains,PENDING
REQ-ISM-002,GOVERNANCA,P1,ADR-006,EPIC-110,STORY-0754,test_work_package_epics_outcome_evidence_and_closure,PENDING
REQ-ISM-003,GOVERNANCA,P1,ADR-006,EPIC-086/EPIC-110,STORY-0754,test_thin_vertical_integrable_slices_and_pr_sequence,PENDING
REQ-ISM-004,GOVERNANCA,P1,ADR-006,EPIC-001/EPIC-110,STORY-0001/STORY-0683,test_versioned_issue_portfolio_catalog_github_reconciliation,PENDING
REQ-ISM-005,GOVERNANCA,P1,ADR-006,EPIC-110,STORY-0754,test_stable_portfolio_ids_independent_github_numbers_titles,PENDING
REQ-ISM-006,GOVERNANCA,P1,ADR-016,EPIC-002,STORY-0693,test_req_ism_006,PENDING
REQ-ISM-007,GOVERNANCA,P1,ADR-006,EPIC-110,STORY-0754,test_req_ism_007,PENDING
REQ-ISM-008,GOVERNANCA,P1,ADR-006,EPIC-002/EPIC-110,STORY-0754,test_single_primary_cross_domain_issue_contracts,PENDING
REQ-ISM-009,GOVERNANCA,P1,ADR-006,EPIC-110,STORY-0754,test_req_ism_009,PENDING
REQ-ISM-010,GOVERNANCA,P1,ADR-006,EPIC-001/EPIC-110,STORY-0754,test_portfolio_snapshot_tombstone_approved_delta,PENDING
REQ-ISS-001,GOVERNANCA,P0,ADR-008,EPIC-002/EPIC-110,STORY-0754,test_all_work_packages_have_parent_issue_and_slice_skeleton,PENDING
REQ-ISS-002,GOVERNANCA,P1,ADR-008,EPIC-001/EPIC-110,STORY-0001/STORY-0683,test_issue_forecast_min_mode_max_confidence_and_snapshot_variance,PENDING
REQ-ISS-003,GOVERNANCA,P0,ADR-008,EPIC-091/EPIC-110,STORY-0561/STORY-0754,test_no_orphan_issue_without_adr_or_local_decision_justification,PENDING
REQ-ISS-004,GOVERNANCA,P1,ADR-040,EPIC-002/EPIC-110,STORY-0755,test_complete_portfolio_skeleton_and_progressive_detailing_rules,PENDING
REQ-ISS-006,GOVERNANCA,P1,ADR-016,EPIC-002/EPIC-091,STORY-0693/STORY-0561,test_idempotent_dry_run_managed_field_issue_sync,PENDING
REQ-ISS-007,GOVERNANCA,P1,ADR-008,EPIC-002/EPIC-005,STORY-0706,test_acceptance_evidence_derivation_and_contract_change_review,PENDING
REQ-ISS-009,GOVERNANCA,P1,ADR-008,EPIC-002,STORY-0693,test_bounded_research_spike_exit_decision,PENDING
REQ-LOG-001,FUNCIONAL,P0,ADR-032,EPIC-039/EPIC-076,STORY-0236/STORY-0475,test_log_redaction_and_support_bundle_fail_closed,PENDING
REQ-MAT-001,FUNCIONAL,P0,ADR-044,EPIC-019/EPIC-047,STORY-0104/STORY-0284,test_pyramid_tile_coordinate_roundtrip_refinement,PENDING
REQ-MCH-001,FUNCIONAL,P0,ADR-055,EPIC-023/EPIC-050,STORY-0134/STORY-0307,test_hybrid_matcher_escalation_provenance_no_ai_installation,PENDING
REQ-MET-001,NAO_FUNCIONAL,P1,ADR-054,EPIC-039/EPIC-077,STORY-0746/STORY-0482,test_metric_cardinality_budget_and_signal_retention,PENDING
REQ-MOS-001,FUNCIONAL,P1,ADR-049,EPIC-018/EPIC-098,STORY-0097/STORY-0607,test_relative_mosaic_is_optional_post_batch_and_non_blocking,PENDING
REQ-MOS-002,FUNCIONAL,P1,ADR-040,EPIC-055/EPIC-098,STORY-0338/STORY-0606,test_budgeted_neighbor_graph_disconnected_components_and_singletons,PENDING
REQ-MOS-003,FUNCIONAL,P0,ADR-049,EPIC-024/EPIC-098,STORY-0138/STORY-0607,test_global_relative_alignment_cycle_drift_foldover_and_weak_bridge_split,PENDING
REQ-MOS-004,FUNCIONAL,P0,ADR-044,EPIC-019/EPIC-098,STORY-0104/STORY-0606,test_out_of_core_pair_tile_rendering_ram_disk_quotas_and_resume,PENDING
REQ-MOS-005,FUNCIONAL,P0,ADR-049,EPIC-024/EPIC-098,STORY-0141/STORY-0610,test_leave_one_out_non_circular_reference_and_independent_sgv,PENDING
REQ-MOS-006,FUNCIONAL,P0,ADR-049,EPIC-095/EPIC-098,STORY-0585/STORY-0606,test_overlap_source_stack_seamline_analytical_preview_blend_and_provenance,PENDING
REQ-MSK-001,FUNCIONAL,P0,ADR-042,EPIC-024/EPIC-045,STORY-0730/STORY-0269,test_near_black_white_border_excluded_without_crop,PENDING
REQ-MSK-002,FUNCIONAL,P0,ADR-040,EPIC-037/EPIC-045,STORY-0743/STORY-0269,test_marginal_metadata_pixels_preserved_and_classified,PENDING
REQ-MSK-003,FUNCIONAL,P0,ADR-055,EPIC-032/EPIC-045,STORY-0192/STORY-0268,test_adaptive_mask_preview_correction_versioning,PENDING
REQ-MTD-001,FUNCIONAL,P1,ADR-040,EPIC-032/EPIC-048,STORY-0192/STORY-0290,test_optional_metadata_extraction_no_geometry_side_effect,PENDING
REQ-NATIVE-001,FUNCIONAL,P1,ADR-042,EPIC-002/EPIC-021/EPIC-022/EPIC-026,STORY-0009/STORY-0117/STORY-0124/STORY-0152,test_req_native_001,ACCEPTED
REQ-NATIVE-002,FUNCIONAL,P1,ADR-041,EPIC-002/EPIC-021/EPIC-022/EPIC-026/EPIC-094,STORY-0690/STORY-0115/STORY-0122/STORY-0150/STORY-0579,test_req_native_002,ACCEPTED
REQ-NATIVE-003,FUNCIONAL,P1,ADR-043,EPIC-002/EPIC-021/EPIC-022/EPIC-026,STORY-0733,test_req_native_003,ACCEPTED
REQ-NATIVE-004,FUNCIONAL,P1,ADR-042,EPIC-002/EPIC-021/EPIC-022/EPIC-026,STORY-0009/STORY-0117/STORY-0124/STORY-0152,test_req_native_004,ACCEPTED
REQ-NATIVE-005,FUNCIONAL,P1,ADR-044,EPIC-002/EPIC-021/EPIC-022/EPIC-026,STORY-0733,test_req_native_005,ACCEPTED
REQ-NATIVE-006,FUNCIONAL,P1,ADR-004,EPIC-002/EPIC-021/EPIC-022/EPIC-026,STORY-0733,test_req_native_006,ACCEPTED
REQ-NATIVE-007,FUNCIONAL,P1,ADR-043,EPIC-002/EPIC-021/EPIC-022/EPIC-026,STORY-0734,test_req_native_007,ACCEPTED
REQ-NATIVE-008,FUNCIONAL,P1,ADR-042,EPIC-002/EPIC-021/EPIC-022/EPIC-026,STORY-0734,test_req_native_008,ACCEPTED
REQ-NATIVE-009,FUNCIONAL,P1,ADR-009,EPIC-002/EPIC-021/EPIC-022/EPIC-026,STORY-0734,test_req_native_009,ACCEPTED
REQ-NATIVE-010,FUNCIONAL,P1,ADR-043,EPIC-002/EPIC-021/EPIC-022/EPIC-026,STORY-0734,test_req_native_0010,ACCEPTED
REQ-NET-001,FUNCIONAL,P0,ADR-032,EPIC-041/EPIC-079,STORY-0244/STORY-0497,test_single_ingress_tls_private_service_ports,PENDING
REQ-NFR-001,NAO_FUNCIONAL,P1,ADR-040,EPIC-040,STORY-0239,test_req_nfr_001,PENDING
REQ-OBS-001,NAO_FUNCIONAL,P1,ADR-054,EPIC-039,STORY-0234,telemetry_contract,PENDING
REQ-OBS-002,NAO_FUNCIONAL,P1,ADR-054,EPIC-005/EPIC-039,STORY-0706/STORY-0232,test_opentelemetry_context_propagation_exporter_outage,PENDING
REQ-OFF-001,NAO_FUNCIONAL,P0,ADR-052,EPIC-058/EPIC-083,STORY-0359/STORY-0517,test_offline_zero_egress_restricted_allowlist_connected_audit,PENDING
REQ-OSS-001,GOVERNANCA,P0,ADR-056,EPIC-007/EPIC-042/EPIC-109,STORY-0032/STORY-0251/STORY-0678,license_and_dependency_inventory,PENDING
REQ-OUT-001,FUNCIONAL,P0,ADR-042,EPIC-040/EPIC-044,STORY-0238/STORY-0261,test_native_resolution_policy_resampling_ratio,PENDING
REQ-PLN-001,FUNCIONAL,P1,ADR-016,EPIC-002/EPIC-110,STORY-0755,test_roadmap_horizons_outcomes_gates_and_date_exception,PENDING
REQ-PLN-002,FUNCIONAL,P1,ADR-037,EPIC-002/EPIC-110,STORY-0755,test_layered_milestones_gate_release_mapping,PENDING
REQ-PLN-003,FUNCIONAL,P1,ADR-016,EPIC-002/EPIC-110,STORY-0755,test_sequence_gates_dependencies_priority_override_audit,PENDING
REQ-PLN-004,FUNCIONAL,P1,ADR-016,EPIC-002/EPIC-110,STORY-0755,test_critical_enablers_uncertain_dependencies_and_risk_buffers,PENDING
REQ-PLN-005,NAO_FUNCIONAL,P0,ADR-012,EPIC-002/EPIC-110,STORY-0755,test_wip_class_limits_global_cap_and_emergency_reserve,PENDING
REQ-PLN-006,NAO_FUNCIONAL,P1,ADR-016,EPIC-002/EPIC-110,STORY-0755,test_capacity_ranges_availability_throughput_and_no_deadline_conversion,PENDING
REQ-PLN-007,FUNCIONAL,P1,ADR-016,EPIC-002/EPIC-110,STORY-0755,test_pull_iteration_objective_and_carryover_reason_classification,PENDING
REQ-PLN-008,FUNCIONAL,P1,ADR-016,EPIC-002/EPIC-110,STORY-0755,test_accountable_owner_collaborator_reviewer_and_gate_approver,PENDING
REQ-PLN-009,FUNCIONAL,P1,ADR-038,EPIC-002/EPIC-110,STORY-0690/STORY-0683,test_cross_domain_contract_checkpoint_and_walking_skeleton_integration,PENDING
REQ-PLN-010,FUNCIONAL,P1,ADR-016,EPIC-002/EPIC-110,STORY-0755,test_versioned_reforecast_snapshot_variance_classification_and_delta_report,PENDING
REQ-PRJ-001,FUNCIONAL,P0,ADR-043,EPIC-002/EPIC-110,STORY-0756,test_issue_type_forms,PENDING
REQ-PRJ-002,FUNCIONAL,P0,ADR-022,EPIC-002/EPIC-110,STORY-0756,test_mandatory_core_type_fields,PENDING
REQ-PRJ-003,FUNCIONAL,P1,ADR-022,EPIC-002/EPIC-110,STORY-0756,test_single_parent_limited_hierarchy,PENDING
REQ-PRJ-004,FUNCIONAL,P0,ADR-022,EPIC-002/EPIC-110,STORY-0690/STORY-0683,test_canonical_workflow_transitions,PENDING
REQ-PRJ-005,FUNCIONAL,P0,ADR-022,EPIC-002/EPIC-110,STORY-0756,test_definition_of_ready_gate,PENDING
REQ-PRJ-006,FUNCIONAL,P0,ADR-022,EPIC-002/EPIC-110,STORY-0756,test_evidence_based_definition_of_done,PENDING
REQ-PRJ-007,FUNCIONAL,P1,ADR-022,EPIC-002/EPIC-110,STORY-0756,test_typed_dependency_cycle_detection,PENDING
REQ-PRJ-008,FUNCIONAL,P1,ADR-022,EPIC-002/EPIC-110,STORY-0756,test_derived_priority_dimensions,PENDING
REQ-PRJ-009,FUNCIONAL,P1,ADR-022,EPIC-002/EPIC-110,STORY-0756,test_relative_size_uncertainty_split,PENDING
REQ-PRJ-010,FUNCIONAL,P0,ADR-022,EPIC-002/EPIC-110,STORY-0756,test_guarded_project_automation,PENDING
REQ-PRM-001,FUNCIONAL,P1,ADR-053,EPIC-002/EPIC-110,STORY-0756,test_portfolio_materialization_decision_01,PENDING
REQ-PRM-002,FUNCIONAL,P1,ADR-053,EPIC-002/EPIC-110,STORY-0757,test_portfolio_materialization_decision_02,PENDING
REQ-PRM-003,FUNCIONAL,P1,ADR-053,EPIC-002/EPIC-110,STORY-0757,test_portfolio_materialization_decision_03,PENDING
REQ-PRM-004,FUNCIONAL,P1,ADR-050,EPIC-002/EPIC-110,STORY-0757,test_portfolio_materialization_decision_04,PENDING
REQ-PRM-005,FUNCIONAL,P1,ADR-053,EPIC-002/EPIC-110,STORY-0757,test_portfolio_materialization_decision_05,PENDING
REQ-PRM-006,FUNCIONAL,P1,ADR-016,EPIC-002/EPIC-110,STORY-0757,test_portfolio_materialization_decision_06,PENDING
REQ-PRM-007,FUNCIONAL,P1,ADR-053,EPIC-002/EPIC-110,STORY-0757,test_portfolio_materialization_decision_07,PENDING
REQ-PRM-008,FUNCIONAL,P0,ADR-053,EPIC-002/EPIC-110,STORY-0757,test_portfolio_materialization_decision_08,PENDING
REQ-PRM-009,FUNCIONAL,P1,ADR-053,EPIC-002/EPIC-110,STORY-0757,test_portfolio_materialization_decision_09,PENDING
REQ-PRM-010,FUNCIONAL,P1,ADR-053,EPIC-002/EPIC-110,STORY-0757,test_portfolio_materialization_decision_10,PENDING
REQ-PROV-001,FUNCIONAL,P0,ADR-025,EPIC-037/EPIC-049/EPIC-070,STORY-0220/STORY-0296/STORY-0444,test_manifest_lineage_reproduction_bundle,PENDING
REQ-PRV-001,NAO_FUNCIONAL,P0,ADR-055,EPIC-012/EPIC-013,STORY-0719/STORY-0063,retention_deletion_restore,PENDING
REQ-PUB-002,FUNCIONAL,P0,ADR-057,EPIC-007/EPIC-091/EPIC-109,STORY-0032/STORY-0561/STORY-0680,test_contribution_origin_dco_signoff_and_inbound_outbound_policy,PENDING
REQ-PUB-003,FUNCIONAL,P0,ADR-012,EPIC-058/EPIC-060/EPIC-061/EPIC-109,STORY-0358/STORY-0372/STORY-0379/STORY-0678,test_provider_policy_manifest_asset_license_record_expiry_attribution_and_fail_closed_acquisition,PENDING
REQ-PUB-004,FUNCIONAL,P1,ADR-037,EPIC-042/EPIC-089/EPIC-109,STORY-0251/STORY-0550/STORY-0679,test_citation_cff_codemeta_authors_notices_release_digest_and_doi_consistency,PENDING
REQ-QUAL-001,FUNCIONAL,P0,ADR-046,EPIC-024,STORY-0138,test_fail_closed_missing_metric_and_critical_gate_rejection,PENDING
REQ-QUAL-002,FUNCIONAL,P0,ADR-046,EPIC-024/EPIC-037,STORY-0138/STORY-0223,test_quality_profile_metric_threshold_gate_lineage,PENDING
REQ-QUAL-003,FUNCIONAL,P0,ADR-046,EPIC-024/EPIC-034/EPIC-037,STORY-0730/STORY-0203/STORY-0223,test_input_output_deformation_profile_and_heatmap,PENDING
REQ-QUAL-004,FUNCIONAL,P0,ADR-046,EPIC-024/EPIC-025,STORY-0136/STORY-0143,test_quality_profile_immutable_version_hash_calibration_clone,PENDING
REQ-QUAL-005,FUNCIONAL,P0,ADR-046,EPIC-034/EPIC-038,STORY-0742/STORY-0227,test_deformation_summary_heatmap_dense_consistency,PENDING
REQ-RAS-001,CONTRATO,P0,ADR-042,EPIC-044/EPIC-045/EPIC-093,STORY-0262/STORY-0269/STORY-0571,test_nodata_alpha_coverage_analysis_mask_separation,PENDING
REQ-RAS-002,CONTRATO,P1,ADR-049,EPIC-044/EPIC-097,STORY-0262/STORY-0599,test_output_grid_extent_alignment_pixel_anchor_and_no_half_pixel_shift,PENDING
REQ-RAS-003,CONTRATO,P1,ADR-042,EPIC-024/EPIC-097,STORY-0730/STORY-0599,test_resolution_native_information_jacobian_limits_and_no_false_superresolution,PENDING
REQ-RAS-004,CONTRATO,P1,ADR-042,EPIC-095/EPIC-097,STORY-0585/STORY-0599,test_resampling_kernel_by_band_content_scale_and_mask_integrity,PENDING
REQ-RAS-005,CONTRATO,P1,ADR-040,EPIC-046/EPIC-097,STORY-0276/STORY-0599,test_cog_grid_metadata_overviews_validity_roundtrip_and_atomic_publication,PENDING
REQ-REF-001,FUNCIONAL,P0,ADR-040,EPIC-024/EPIC-053,STORY-0730/STORY-0324,test_disjoint_components_no_forced_edge_per_image_sgv,PENDING
REQ-REF-002,FUNCIONAL,P0,ADR-040,EPIC-024/EPIC-056,STORY-0141/STORY-0349,test_direct_edge_evidence_and_independent_dependent_sgv,PENDING
REQ-RES-001,FUNCIONAL,P0,ADR-039,EPIC-019/EPIC-040,STORY-0105/STORY-0240,test_resource_governor_admission_pressure_adaptation,PENDING
REQ-RET-001,NAO_FUNCIONAL,P0,ADR-012,EPIC-049/EPIC-073,STORY-0296/STORY-0457,test_retention_policy_protected_lineage_hold_dry_run,PENDING
REQ-REV-003,FUNCIONAL,P0,ADR-048,EPIC-024/EPIC-049/EPIC-062,STORY-0138/STORY-0299/STORY-0386,test_correctionset_new_attempt_full_sgv_immutable_history,PENDING
REQ-REV-004,FUNCIONAL,P1,ADR-048,EPIC-062/EPIC-064,STORY-0388/STORY-0399,test_review_queue_explainable_priority_no_bulk_approval,PENDING
REQ-RMQ-001,FUNCIONAL,P0,ADR-036,EPIC-040/EPIC-103,STORY-0239/STORY-0641,test_relative_mosaic_resource_preflight_budgets_admission_and_no_quality_relaxation,PENDING
REQ-RMQ-002,NAO_FUNCIONAL,P0,ADR-009,EPIC-049/EPIC-103,STORY-0297/STORY-0641,test_persistence_classes_recomputability_lineage_retention_and_resume,PENDING
REQ-RMQ-003,FUNCIONAL,P1,ADR-036,EPIC-098/EPIC-103,STORY-0607/STORY-0642,test_virtual_canonical_preview_and_on_demand_tiled_materialization,PENDING
REQ-RMQ-004,FUNCIONAL,P0,ADR-039,EPIC-075/EPIC-103,STORY-0470/STORY-0641,test_quota_pinning_dependency_aware_eviction_dry_run_and_recompute_plan,PENDING
REQ-RMR-001,FUNCIONAL,P1,ADR-050,EPIC-037/EPIC-070/EPIC-102,STORY-0743/STORY-0439/STORY-0634,test_relative_mosaic_report_snapshots_current_view_and_history,PENDING
REQ-RMR-002,FUNCIONAL,P1,ADR-042,EPIC-032/EPIC-102,STORY-0191/STORY-0635,test_multiscale_graph_raster_source_heatmap_lod_and_incremental_loading,PENDING
REQ-RMR-003,FUNCIONAL,P1,ADR-050,EPIC-037/EPIC-102,STORY-0223/STORY-0634,test_layered_summary_technical_visual_reproducibility_export_profiles,PENDING
REQ-RMR-004,FUNCIONAL,P1,ADR-050,EPIC-098/EPIC-102,STORY-0606/STORY-0634,test_hierarchical_tile_region_provenance_and_dense_on_demand_limits,PENDING
REQ-RMV-001,FUNCIONAL,P0,ADR-050,EPIC-024/EPIC-101,STORY-0136/STORY-0626,test_relative_mosaic_quality_profile_independent_hard_and_reviewable_gates,PENDING
REQ-RMV-002,FUNCIONAL,P0,ADR-050,EPIC-024/EPIC-101,STORY-0731/STORY-0627,test_cycle_basis_budgeted_long_cycle_sampling_drift_percentiles_and_localization,PENDING
REQ-RMV-003,FUNCIONAL,P0,ADR-050,EPIC-056/EPIC-101,STORY-0345/STORY-0627,test_bridge_articulation_leverage_removal_sensitivity_and_component_split,PENDING
REQ-RMV-004,FUNCIONAL,P0,ADR-050,EPIC-099/EPIC-101,STORY-0613/STORY-0627,test_relative_component_promotion_lifecycle_and_no_image_acceptance_transfer,PENDING
REQ-RUN-001,CONTRATO,P1,ADR-015,EPIC-002/EPIC-004/EPIC-012/EPIC-031,STORY-0738/STORY-0056,test_req_run_001,ACCEPTED
REQ-RUN-002,CONTRATO,P1,ADR-040,EPIC-002/EPIC-004/EPIC-012/EPIC-031,STORY-0739,test_req_run_002,ACCEPTED
REQ-RUN-003,CONTRATO,P1,ADR-005,EPIC-002/EPIC-004/EPIC-012/EPIC-031,STORY-0739,test_req_run_003,ACCEPTED
REQ-RUN-004,CONTRATO,P0,ADR-040,EPIC-002/EPIC-004/EPIC-012/EPIC-031,STORY-0739,test_req_run_004,ACCEPTED
REQ-RUN-005,CONTRATO,P1,ADR-045,EPIC-002/EPIC-004/EPIC-012/EPIC-031,STORY-0739,test_req_run_005,ACCEPTED
REQ-RUN-006,CONTRATO,P1,ADR-040,EPIC-002/EPIC-004/EPIC-012/EPIC-017/EPIC-031,STORY-0739/STORY-0056/STORY-0090,test_req_run_006,ACCEPTED
REQ-RUN-007,CONTRATO,P1,ADR-040,EPIC-002/EPIC-004/EPIC-012/EPIC-017/EPIC-031,STORY-0739/STORY-0093,test_req_run_007,ACCEPTED
REQ-RUN-008,CONTRATO,P1,ADR-013,EPIC-002/EPIC-004/EPIC-012/EPIC-031,STORY-0739/STORY-0056,test_req_run_008,ACCEPTED
REQ-RUN-009,CONTRATO,P1,ADR-055,EPIC-002/EPIC-004/EPIC-012/EPIC-031,STORY-0739,test_req_run_009,ACCEPTED
REQ-RUN-010,CONTRATO,P0,ADR-017,EPIC-002/EPIC-004/EPIC-012/EPIC-031,STORY-0739/STORY-0056,test_req_run_0010,ACCEPTED
REQ-RUNTIME-001,CONTRATO,P1,ADR-002,EPIC-002/EPIC-004,STORY-0704,test_runtime_decision_1,ACCEPTED
REQ-RUNTIME-002,CONTRATO,P1,ADR-002,EPIC-002/EPIC-004/EPIC-014,STORY-0722,test_runtime_decision_2,ACCEPTED
REQ-RUNTIME-003,CONTRATO,P0,ADR-005,EPIC-004,STORY-0704,test_runtime_decision_3,ACCEPTED
REQ-RUNTIME-004,CONTRATO,P1,ADR-045,EPIC-004/EPIC-078,STORY-0704/STORY-0488,test_runtime_decision_4,ACCEPTED
REQ-RUNTIME-005,CONTRATO,P1,ADR-010,EPIC-012/EPIC-013/EPIC-017,STORY-0056/STORY-0062/STORY-0089,test_runtime_decision_5,ACCEPTED
REQ-RUNTIME-006,CONTRATO,P1,ADR-021,EPIC-004/EPIC-011,STORY-0705/STORY-0052,test_runtime_decision_6,ACCEPTED
REQ-RUNTIME-007,CONTRATO,P1,ADR-002,EPIC-004/EPIC-011,STORY-0705/STORY-0053,test_runtime_decision_7,ACCEPTED
REQ-RUNTIME-008,CONTRATO,P1,ADR-014,EPIC-004/EPIC-031,STORY-0739,test_runtime_decision_8,ACCEPTED
REQ-RUNTIME-009,NAO_FUNCIONAL,P1,ADR-055,EPIC-039/EPIC-076,STORY-0236/STORY-0475,test_runtime_decision_9,ACCEPTED
REQ-RUNTIME-010,CONTRATO,P1,ADR-017,EPIC-011/EPIC-039,STORY-0051/STORY-0232,test_runtime_decision_10,ACCEPTED
REQ-SCH-001,FUNCIONAL,P0,ADR-012,EPIC-019/EPIC-068,STORY-0105/STORY-0427,test_class_aware_weighted_fair_scheduler_aging_and_no_starvation,PENDING
REQ-SCH-002,FUNCIONAL,P0,ADR-039,EPIC-018/EPIC-068,STORY-0099/STORY-0428,test_hierarchical_dag_chunk_limits_backpressure_leases_and_safe_boundaries,PENDING
REQ-SCH-003,FUNCIONAL,P0,ADR-037,EPIC-050/EPIC-068/EPIC-082,STORY-0751/STORY-0427/STORY-0512,test_device_aware_gpu_leases_vram_budgets_model_residency_and_explicit_fallback,PENDING
REQ-SCH-004,FUNCIONAL,P0,ADR-039,EPIC-040/EPIC-068,STORY-0238/STORY-0425,test_policy_quotas_reservations_circuit_breakers_containment_and_effective_priority_audit,PENDING
REQ-SCL-001,FUNCIONAL,P0,ADR-053,EPIC-018/EPIC-019/EPIC-040,STORY-0099/STORY-0106/STORY-0239,test_batches_40_100_300_memory_checkpoint_backpressure,PENDING
REQ-SCL-002,FUNCIONAL,P0,ADR-053,EPIC-034/EPIC-037,STORY-0744,test_server_pagination_filter_stream_export,PENDING
REQ-SCM-001,FUNCIONAL,P0,ADR-053,EPIC-004/EPIC-105,STORY-0702/STORY-0654,test_versioned_schema_registry_reader_writer_compatibility_window_and_unknown_major_rejection,PENDING
REQ-SCM-002,FUNCIONAL,P0,ADR-026,EPIC-012/EPIC-106,STORY-0719/STORY-0662,test_expand_migrate_contract_chunked_backfill_resume_invariants_and_irreversibility,PENDING
REQ-SCM-003,FUNCIONAL,P0,ADR-053,EPIC-037/EPIC-105,STORY-0744/STORY-0655,test_immutable_artifact_read_adapters_lineage_preserving_rematerialization_and_supersession,PENDING
REQ-SCM-004,NAO_FUNCIONAL,P0,ADR-035,EPIC-071/EPIC-072/EPIC-106,STORY-0445/STORY-0451/STORY-0660,test_upgrade_rollback_compatibility_matrix_downgrade_blockers_forward_fix_and_restore,PENDING
REQ-SCP-001,FUNCIONAL,P0,ADR-053,EPIC-021/EPIC-028,STORY-0736,test_cross_decade_corpus_and_no_temporal_hardcode,PENDING
REQ-SDR-001,FUNCIONAL,P1,ADR-053,EPIC-023/EPIC-028/EPIC-050,STORY-0130/STORY-0751,test_hierarchical_seeds_rng_inventory_stable_ordering_and_checkpoint_compatibility,PENDING
REQ-SDR-002,FUNCIONAL,P1,ADR-053,EPIC-024/EPIC-028/EPIC-050,STORY-0136/STORY-0164/STORY-0302,test_tiered_cpu_gpu_runner_numerical_decision_and_artifact_equivalence,PENDING
REQ-SDR-003,NAO_FUNCIONAL,P1,ADR-053,EPIC-028/EPIC-050/EPIC-082,STORY-0169/STORY-0307/STORY-0512,test_nondeterministic_capability_declaration_repeatability_probes_and_bounded_consensus,PENDING
REQ-SDR-004,NAO_FUNCIONAL,P1,ADR-053,EPIC-028/EPIC-037/EPIC-049,STORY-0744/STORY-0297,test_scientific_reproducibility_record_replay_levels_promotion_matrix_and_retention,PENDING
REQ-SGVCAL-001,NAO_FUNCIONAL,P1,ADR-046,EPIC-005/EPIC-022/EPIC-028,STORY-0710/STORY-0127/STORY-0169,test_req_sgvcal_001,ACCEPTED
REQ-SGVCAL-002,NAO_FUNCIONAL,P1,ADR-046,EPIC-005/EPIC-022/EPIC-028,STORY-0736,test_req_sgvcal_002,ACCEPTED
REQ-SGVCAL-003,NAO_FUNCIONAL,P1,ADR-046,EPIC-005/EPIC-022/EPIC-028,STORY-0736,test_req_sgvcal_003,ACCEPTED
REQ-SGVCAL-004,NAO_FUNCIONAL,P1,ADR-046,EPIC-005/EPIC-022/EPIC-028,STORY-0736,test_req_sgvcal_004,ACCEPTED
REQ-SGVCAL-005,NAO_FUNCIONAL,P0,ADR-009,EPIC-005/EPIC-022/EPIC-028,STORY-0736,test_req_sgvcal_005,ACCEPTED
REQ-SGVCAL-006,NAO_FUNCIONAL,P1,ADR-046,EPIC-005/EPIC-022/EPIC-028,STORY-0737,test_req_sgvcal_006,ACCEPTED
REQ-SGVCAL-007,NAO_FUNCIONAL,P1,ADR-002,EPIC-005/EPIC-022/EPIC-028,STORY-0707/STORY-0122/STORY-0164,test_req_sgvcal_007,ACCEPTED
REQ-SGVCAL-008,NAO_FUNCIONAL,P1,ADR-046,EPIC-005/EPIC-022/EPIC-028,STORY-0711/STORY-0127/STORY-0169,test_req_sgvcal_008,ACCEPTED
REQ-SGVCAL-009,NAO_FUNCIONAL,P1,ADR-046,EPIC-005/EPIC-022/EPIC-028,STORY-0737,test_req_sgvcal_009,ACCEPTED
REQ-SGVCAL-010,NAO_FUNCIONAL,P1,ADR-046,EPIC-005/EPIC-022/EPIC-028,STORY-0737,test_req_sgvcal_0010,ACCEPTED
REQ-SMO-001,NAO_FUNCIONAL,P0,ADR-039,EPIC-040/EPIC-069,STORY-0240/STORY-0434,test_scheduler_low_cardinality_metrics_correlated_event_ledger_and_timeline,PENDING
REQ-SMO-002,FUNCIONAL,P1,ADR-040,EPIC-034/EPIC-069,STORY-0742/STORY-0434,test_stage_work_units_progress_eta_range_confidence_replanning_and_unknown_state,PENDING
REQ-SMO-003,FUNCIONAL,P1,ADR-012,EPIC-040/EPIC-069,STORY-0240/STORY-0434,test_class_slos_wait_starvation_stalled_jobs_gpu_lease_and_breaker_recovery_alerts,PENDING
REQ-SMO-004,NAO_FUNCIONAL,P1,ADR-030,EPIC-034/EPIC-069/EPIC-075,STORY-0742/STORY-0433/STORY-0470,test_role_based_scheduler_diagnostics_safe_controls_and_append_only_audit,PENDING
REQ-SPRINT-001-001,FUNCIONAL,P1,ADR-008,EPIC-001/EPIC-002/EPIC-086/EPIC-110,STORY-0757,test_sprint_zero_baseline_decision_01,PENDING
REQ-SPRINT-001-002,FUNCIONAL,P1,ADR-008,EPIC-001/EPIC-002/EPIC-086/EPIC-110,STORY-0758,test_sprint_zero_baseline_decision_02,PENDING
REQ-SPRINT-001-003,FUNCIONAL,P1,ADR-008,EPIC-001/EPIC-002/EPIC-086/EPIC-110,STORY-0758,test_sprint_zero_baseline_decision_03,PENDING
REQ-SPRINT-001-004,FUNCIONAL,P1,ADR-008,EPIC-001/EPIC-002/EPIC-086/EPIC-110,STORY-0001/STORY-0690/STORY-0534/STORY-0683,test_sprint_zero_baseline_decision_04,PENDING
REQ-SPRINT-001-005,FUNCIONAL,P1,ADR-012,EPIC-001/EPIC-002/EPIC-086/EPIC-110,STORY-0758,test_sprint_zero_baseline_decision_05,PENDING
REQ-SPRINT-001-006,FUNCIONAL,P1,ADR-008,EPIC-001/EPIC-002/EPIC-086/EPIC-110,STORY-0758,test_sprint_zero_baseline_decision_06,PENDING
REQ-SPRINT-001-007,NAO_FUNCIONAL,P1,ADR-008,EPIC-001/EPIC-002/EPIC-086/EPIC-110,STORY-0758,test_sprint_zero_baseline_decision_07,PENDING
REQ-SPRINT-001-008,FUNCIONAL,P0,ADR-008,EPIC-001/EPIC-002/EPIC-086/EPIC-110,STORY-0758,test_sprint_zero_baseline_decision_08,PENDING
REQ-SPRINT-001-009,FUNCIONAL,P1,ADR-008,EPIC-001/EPIC-002/EPIC-086/EPIC-110,STORY-0758,test_sprint_zero_baseline_decision_09,PENDING
REQ-SPRINT-001-010,FUNCIONAL,P1,ADR-035,EPIC-001/EPIC-002/EPIC-086/EPIC-110,STORY-0758,test_sprint_zero_baseline_decision_10,PENDING
REQ-SRC-001,FUNCIONAL,P0,ADR-047,EPIC-027,STORY-0158,ssrf_provider_gateway,PENDING
REQ-SRC-002,FUNCIONAL,P0,ADR-047,EPIC-027/EPIC-041,STORY-0158/STORY-0749,test_free_download_only_and_purchase_blocked,PENDING
REQ-SRC-003,NAO_FUNCIONAL,P0,ADR-047,EPIC-041/EPIC-058,STORY-0749/STORY-0358,test_provider_capability_contract_allowlist_ssrf_no_purchase,PENDING
REQ-SRC-004,FUNCIONAL,P0,ADR-047,EPIC-033/EPIC-059,STORY-0198/STORY-0366,test_guided_bounded_search_ranking_uncertainty_reproducible,PENDING
REQ-SRC-005,FUNCIONAL,P0,ADR-047,EPIC-029/EPIC-060,STORY-0171/STORY-0372,test_free_acquisition_policy_states_fail_closed_paid_ambiguous,PENDING
REQ-SRG-001,NAO_FUNCIONAL,P1,ADR-053,EPIC-028,STORY-0164,test_layered_versioned_stratified_scientific_baselines_sentinels_and_blind_promotion_set,PENDING
REQ-SRG-002,NAO_FUNCIONAL,P1,ADR-053,EPIC-005/EPIC-028,STORY-0737,test_change_impact_graph_mandatory_tiers_and_full_promotion_matrix,PENDING
REQ-SRG-003,NAO_FUNCIONAL,P0,ADR-053,EPIC-028/EPIC-043,STORY-0737/STORY-0256,test_multidimensional_promotion_gate_stratified_budgets_uncertainty_and_no_hard_gate_compensation,PENDING
REQ-SRG-004,NAO_FUNCIONAL,P1,ADR-053,EPIC-028/EPIC-043/EPIC-049,STORY-0737/STORY-0257/STORY-0297,test_versioned_scientific_pipeline_bundle_dual_run_pinning_atomic_promotion_and_rollback,PENDING
REQ-SRP-001,NAO_FUNCIONAL,P1,ADR-053,EPIC-040/EPIC-104,STORY-0242/STORY-0652,test_scheduler_execution_snapshot_selective_immutable_redacted_and_versioned,PENDING
REQ-SRP-002,FUNCIONAL,P1,ADR-037,EPIC-005/EPIC-104,STORY-0711/STORY-0649,test_offline_scheduler_decision_replay_without_scientific_workload_or_providers,PENDING
REQ-SRP-003,FUNCIONAL,P1,ADR-053,EPIC-037/EPIC-104,STORY-0744/STORY-0648,test_invariant_equivalence_divergence_classification_and_first_causal_event,PENDING
REQ-SRP-004,NAO_FUNCIONAL,P1,ADR-053,EPIC-073/EPIC-076/EPIC-104,STORY-0460/STORY-0476/STORY-0648,test_signed_redacted_retained_scheduler_reproduction_bundle_limits,PENDING
REQ-SUP-001,NAO_FUNCIONAL,P0,ADR-024,EPIC-005/EPIC-080,STORY-0711/STORY-0500,test_release_sbom_signature_provenance_immutable_pins,PENDING
REQ-TOOL-001,NAO_FUNCIONAL,P1,ADR-035,EPIC-001/EPIC-002,STORY-0699,test_python_312_primary_and_upgrade_gates,ACCEPTED
REQ-TOOL-002,NAO_FUNCIONAL,P1,ADR-001,EPIC-001/EPIC-002,STORY-0699,test_uv_lock_frozen,ACCEPTED
REQ-TOOL-003,NAO_FUNCIONAL,P1,ADR-011,EPIC-004,STORY-0702,test_fastapi_openapi_contract,ACCEPTED
REQ-TOOL-004,NAO_FUNCIONAL,P1,ADR-018,EPIC-012/EPIC-013,STORY-0719/STORY-0063,test_sqlalchemy_alembic_postgis,ACCEPTED
REQ-TOOL-005,NAO_FUNCIONAL,P1,ADR-001,EPIC-002/EPIC-004/EPIC-012,STORY-0719,test_model_boundary_architecture,ACCEPTED
REQ-TOOL-006,NAO_FUNCIONAL,P1,ADR-009,EPIC-005,STORY-0711,test_ruff_mypy_gate,ACCEPTED
REQ-TOOL-007,NAO_FUNCIONAL,P1,ADR-018,EPIC-005/EPIC-028,STORY-0737,test_pytest_real_services,ACCEPTED
REQ-TOOL-008,NAO_FUNCIONAL,P1,ADR-014,EPIC-031/EPIC-043,STORY-0185/STORY-0256,test_node_pnpm_lock,ACCEPTED
REQ-TOOL-009,NAO_FUNCIONAL,P1,ADR-014,EPIC-005/EPIC-031,STORY-0711/STORY-0185,test_frontend_strict_and_browser,ACCEPTED
REQ-TOOL-010,NAO_FUNCIONAL,P1,ADR-001,EPIC-001/EPIC-043,STORY-0689/STORY-0256,test_make_ci_parity,ACCEPTED
REQ-TOP-001,FUNCIONAL,P0,ADR-014,EPIC-003/EPIC-004/EPIC-015,STORY-0011/STORY-0702/STORY-0075,cli_api_semantic_contract,PENDING
REQ-TST-001,FUNCIONAL,P0,ADR-053,EPIC-006/EPIC-028/EPIC-092,STORY-0027/STORY-0737/STORY-0566,test_corpus_license_hash_split_and_access_integrity,PENDING
REQ-UPG-001,NAO_FUNCIONAL,P0,ADR-035,EPIC-071/EPIC-072/EPIC-081,STORY-0445/STORY-0451/STORY-0505,test_orchestrated_upgrade_preflight_migrations_rollback_restore,PENDING
REQ-UPG-002,NAO_FUNCIONAL,P0,ADR-026,EPIC-012/EPIC-106/EPIC-107,STORY-0720/STORY-0662/STORY-0668,test_singleton_upgrade_controller_lease_preflight_checkpoint_resume_and_split_brain_prevention,PENDING
REQ-UPG-003,NAO_FUNCIONAL,P0,ADR-035,EPIC-005/EPIC-075/EPIC-107,STORY-0711/STORY-0470/STORY-0667,test_post_migration_multidimensional_evidence_gate_canary_and_atomic_cutover,PENDING
REQ-UPG-004,NAO_FUNCIONAL,P0,ADR-035,EPIC-072/EPIC-105/EPIC-107,STORY-0451/STORY-0654/STORY-0666,test_phase_aware_recovery_writer_blocking_forward_fix_compatible_rollback_and_validated_restore,PENDING
REQ-UPG-005,NAO_FUNCIONAL,P1,ADR-035,EPIC-004/EPIC-105/EPIC-107,STORY-0705/STORY-0658/STORY-0667,test_phased_rollout_limited_mixed_version_window_drain_and_long_job_pinning,PENDING
REQ-UX-001,FUNCIONAL,P0,ADR-014,EPIC-031/EPIC-032,STORY-0740/STORY-0192,e2e_no_terminal_primary_workflow,PENDING
REQ-UX-002,NAO_FUNCIONAL,P0,ADR-014,EPIC-004/EPIC-029/EPIC-033,STORY-0702/STORY-0171/STORY-0198,test_no_duplicate_modes_processing_plan_roundtrip,PENDING
REQ-UX-003,FUNCIONAL,P1,ADR-014,EPIC-036,STORY-0216,visual_examples_license_accessibility_e2e,PENDING
REQ-WORKER-001,NAO_FUNCIONAL,P1,ADR-006,EPIC-002/EPIC-014/EPIC-039,STORY-0691/STORY-0068/STORY-0232,test_req_worker_001,ACCEPTED
REQ-WORKER-002,NAO_FUNCIONAL,P1,ADR-012,EPIC-002/EPIC-014/EPIC-039,STORY-0699/STORY-0070/STORY-0234,test_req_worker_002,ACCEPTED
REQ-WORKER-003,NAO_FUNCIONAL,P1,ADR-037,EPIC-002/EPIC-014/EPIC-039,STORY-0746,test_req_worker_003,ACCEPTED
REQ-WORKER-004,NAO_FUNCIONAL,P1,ADR-037,EPIC-002/EPIC-014/EPIC-039,STORY-0699/STORY-0070/STORY-0234,test_req_worker_004,ACCEPTED
REQ-WORKER-005,NAO_FUNCIONAL,P1,ADR-018,EPIC-002/EPIC-014/EPIC-039,STORY-0699/STORY-0070/STORY-0234,test_req_worker_005,ACCEPTED
REQ-WORKER-006,NAO_FUNCIONAL,P1,ADR-037,EPIC-002/EPIC-014/EPIC-039,STORY-0699/STORY-0070/STORY-0234,test_req_worker_006,ACCEPTED
REQ-WORKER-007,NAO_FUNCIONAL,P1,ADR-020,EPIC-002/EPIC-014/EPIC-039,STORY-0699/STORY-0070/STORY-0234,test_req_worker_007,ACCEPTED
REQ-WORKER-008,NAO_FUNCIONAL,P1,ADR-012,EPIC-002/EPIC-014/EPIC-017/EPIC-039,STORY-0700/STORY-0070/STORY-0092/STORY-0234,test_req_worker_008,ACCEPTED
REQ-WORKER-009,NAO_FUNCIONAL,P1,ADR-037,EPIC-002/EPIC-014/EPIC-039,STORY-0700/STORY-0070/STORY-0234,test_req_worker_009,ACCEPTED
REQ-WORKER-010,NAO_FUNCIONAL,P1,ADR-034,EPIC-002/EPIC-014/EPIC-039,STORY-0691/STORY-0068/STORY-0232,test_req_worker_0010,ACCEPTED
